Class::Test , 122::EmptyObjectReturnValsMutator::7 , 58::MathMutator::17 , 54::NegateConditionalsMutator::4 , 59::VoidMethodCallMutator::25 , 55::EmptyObjectReturnValsMutator::8 , 60::EmptyObjectReturnValsMutator::31 , 84::ConditionalsBoundaryMutator::35 , 94::ConditionalsBoundaryMutator::79 , 89::MathMutator::65 , 95::MathMutator::87 , 76::NegateConditionalsMutator::4 , 79::NegateConditionalsMutator::16 , 84::NegateConditionalsMutator::35 , 86::NegateConditionalsMutator::47 , 94::NegateConditionalsMutator::79 , 88::VoidMethodCallMutator::59 , 108::MathMutator::6 , 110::VoidMethodCallMutator::23 , 111::NullReturnValsMutator::30 
CharSequenceTranslator_ESTest::test0 , 1 , 0 , 1 , 1 , 0 , 1 , 1 , 1 , 0 , 0 , 1 , 1 , 1 , 0 , 0 , 0 , 0 , 0 , 0 , 
CharSequenceTranslator_ESTest::test1 , 0 , 0 , 0 , 0 , 0 , 0 , 0 , 0 , 0 , 0 , 0 , 0 , 0 , 0 , 0 , 0 , 1 , 0 , 1 , 
CharSequenceTranslator_ESTest::test2 , 0 , 0 , 1 , 0 , 1 , 0 , 0 , 0 , 0 , 0 , 0 , 0 , 0 , 0 , 0 , 0 , 0 , 0 , 0 , 
CharSequenceTranslator_ESTest::test3 , 0 , 0 , 0 , 0 , 0 , 0 , 0 , 0 , 0 , 0 , 1 , 0 , 0 , 0 , 0 , 0 , 0 , 0 , 0 , 
CharSequenceTranslator_ESTest::test4 , 0 , 0 , 0 , 0 , 0 , 0 , 0 , 0 , 0 , 0 , 1 , 1 , 0 , 0 , 0 , 0 , 0 , 0 , 0 , 
CharSequenceTranslator_ESTest::test5 , 0 , 0 , 1 , 1 , 0 , 1 , 1 , 0 , 1 , 0 , 1 , 1 , 1 , 0 , 0 , 1 , 0 , 0 , 0 , 
RegressionTest0::test0002 , 0 , 0 , 1 , 1 , 0 , 1 , 1 , 0 , 1 , 0 , 1 , 1 , 1 , 0 , 0 , 1 , 0 , 0 , 0 , 
RegressionTest0::test0003 , 0 , 0 , 1 , 1 , 0 , 1 , 1 , 0 , 1 , 0 , 1 , 1 , 1 , 0 , 0 , 1 , 0 , 0 , 0 , 
RegressionTest0::test0004 , 0 , 0 , 1 , 1 , 0 , 1 , 1 , 0 , 1 , 0 , 1 , 1 , 1 , 0 , 0 , 1 , 0 , 0 , 0 , 
RegressionTest0::test0005 , 0 , 0 , 1 , 1 , 0 , 1 , 1 , 0 , 1 , 0 , 1 , 1 , 1 , 0 , 0 , 1 , 0 , 0 , 0 , 
RegressionTest0::test0006 , 0 , 0 , 1 , 1 , 0 , 1 , 1 , 0 , 1 , 0 , 1 , 1 , 1 , 0 , 0 , 1 , 0 , 0 , 0 , 
RegressionTest0::test0007 , 0 , 0 , 1 , 1 , 0 , 1 , 1 , 0 , 1 , 0 , 1 , 1 , 1 , 0 , 0 , 1 , 0 , 0 , 0 , 
RegressionTest0::test0008 , 0 , 0 , 1 , 1 , 0 , 1 , 1 , 0 , 1 , 0 , 1 , 1 , 1 , 0 , 0 , 1 , 0 , 0 , 0 , 
RegressionTest0::test0009 , 0 , 0 , 0 , 0 , 0 , 0 , 0 , 0 , 0 , 0 , 1 , 0 , 0 , 0 , 0 , 0 , 0 , 0 , 0 , 
RegressionTest0::test0010 , 0 , 0 , 0 , 0 , 0 , 0 , 0 , 0 , 0 , 0 , 1 , 0 , 0 , 0 , 0 , 0 , 0 , 0 , 0 , 
RegressionTest0::test0011 , 0 , 0 , 1 , 1 , 0 , 1 , 1 , 0 , 1 , 0 , 1 , 1 , 1 , 0 , 0 , 1 , 0 , 0 , 0 , 
RegressionTest0::test0012 , 0 , 0 , 0 , 0 , 0 , 0 , 0 , 0 , 0 , 0 , 0 , 0 , 0 , 0 , 0 , 0 , 0 , 0 , 0 , 
RegressionTest0::test0013 , 0 , 0 , 0 , 0 , 0 , 0 , 0 , 0 , 0 , 0 , 0 , 0 , 0 , 0 , 0 , 0 , 0 , 0 , 0 , 
RegressionTest0::test0014 , 0 , 0 , 0 , 0 , 0 , 0 , 0 , 0 , 0 , 0 , 0 , 0 , 0 , 0 , 0 , 0 , 0 , 0 , 0 , 
RegressionTest0::test0015 , 0 , 0 , 1 , 1 , 0 , 1 , 1 , 1 , 0 , 0 , 1 , 1 , 1 , 0 , 0 , 0 , 0 , 0 , 0 , 
RegressionTest0::test0016 , 0 , 0 , 1 , 1 , 0 , 1 , 1 , 0 , 1 , 0 , 1 , 1 , 1 , 0 , 0 , 1 , 0 , 0 , 0 , 
RegressionTest0::test0017 , 0 , 0 , 1 , 1 , 0 , 1 , 1 , 0 , 1 , 0 , 1 , 1 , 1 , 0 , 0 , 1 , 0 , 0 , 0 , 
RegressionTest0::test0018 , 0 , 0 , 0 , 0 , 0 , 0 , 0 , 0 , 0 , 0 , 1 , 0 , 0 , 0 , 0 , 0 , 0 , 0 , 0 , 
RegressionTest0::test0019 , 0 , 0 , 1 , 1 , 0 , 1 , 1 , 0 , 1 , 0 , 1 , 1 , 1 , 0 , 0 , 1 , 0 , 0 , 0 , 
RegressionTest0::test0020 , 0 , 0 , 1 , 1 , 0 , 1 , 1 , 0 , 1 , 0 , 1 , 1 , 1 , 0 , 0 , 1 , 0 , 0 , 0 , 
RegressionTest0::test0021 , 0 , 0 , 1 , 1 , 0 , 1 , 1 , 0 , 1 , 0 , 1 , 1 , 1 , 0 , 0 , 1 , 0 , 0 , 0 , 
RegressionTest0::test0022 , 0 , 0 , 1 , 0 , 0 , 0 , 1 , 0 , 0 , 0 , 1 , 0 , 1 , 0 , 0 , 0 , 0 , 0 , 0 , 
RegressionTest0::test0023 , 0 , 0 , 1 , 1 , 0 , 1 , 1 , 0 , 1 , 0 , 1 , 1 , 1 , 0 , 0 , 1 , 0 , 0 , 0 , 
RegressionTest0::test0025 , 0 , 0 , 0 , 0 , 0 , 0 , 0 , 0 , 0 , 0 , 1 , 0 , 0 , 0 , 0 , 0 , 0 , 0 , 0 , 
RegressionTest0::test0026 , 0 , 0 , 1 , 1 , 0 , 1 , 1 , 0 , 1 , 0 , 1 , 1 , 1 , 0 , 0 , 1 , 0 , 0 , 0 , 
RegressionTest0::test0027 , 0 , 0 , 1 , 0 , 0 , 0 , 1 , 0 , 0 , 0 , 1 , 0 , 1 , 0 , 0 , 0 , 0 , 0 , 0 , 
RegressionTest0::test0029 , 0 , 0 , 1 , 1 , 0 , 1 , 1 , 0 , 1 , 0 , 1 , 1 , 1 , 0 , 0 , 1 , 0 , 0 , 0 , 
RegressionTest0::test0030 , 0 , 0 , 0 , 0 , 0 , 0 , 0 , 0 , 0 , 0 , 1 , 0 , 0 , 0 , 0 , 0 , 0 , 0 , 0 , 
RegressionTest0::test0033 , 0 , 0 , 0 , 0 , 0 , 0 , 0 , 0 , 0 , 0 , 0 , 0 , 0 , 0 , 0 , 0 , 0 , 0 , 0 , 
RegressionTest0::test0035 , 0 , 0 , 1 , 1 , 0 , 1 , 1 , 0 , 1 , 0 , 1 , 1 , 1 , 0 , 0 , 1 , 0 , 0 , 0 , 
RegressionTest0::test0036 , 0 , 0 , 1 , 1 , 0 , 1 , 1 , 0 , 1 , 0 , 1 , 1 , 1 , 0 , 0 , 1 , 0 , 0 , 0 , 
RegressionTest0::test0037 , 0 , 0 , 1 , 1 , 0 , 1 , 1 , 0 , 1 , 0 , 1 , 1 , 1 , 0 , 0 , 1 , 0 , 0 , 0 , 
RegressionTest0::test0038 , 0 , 0 , 0 , 0 , 0 , 0 , 0 , 0 , 0 , 0 , 1 , 0 , 0 , 0 , 0 , 0 , 0 , 0 , 0 , 
RegressionTest0::test0039 , 0 , 0 , 1 , 1 , 0 , 1 , 1 , 0 , 1 , 0 , 1 , 1 , 1 , 0 , 0 , 1 , 0 , 0 , 0 , 
RegressionTest0::test0040 , 0 , 0 , 1 , 1 , 0 , 1 , 1 , 0 , 1 , 0 , 1 , 1 , 1 , 0 , 0 , 1 , 0 , 0 , 0 , 
RegressionTest0::test0041 , 0 , 0 , 1 , 0 , 1 , 0 , 0 , 0 , 0 , 0 , 0 , 0 , 0 , 0 , 0 , 0 , 1 , 0 , 1 , 
RegressionTest0::test0042 , 0 , 0 , 1 , 1 , 0 , 1 , 1 , 0 , 1 , 0 , 1 , 1 , 1 , 0 , 0 , 1 , 0 , 0 , 0 , 
RegressionTest0::test0043 , 0 , 0 , 1 , 1 , 0 , 1 , 1 , 0 , 1 , 0 , 1 , 1 , 1 , 0 , 0 , 1 , 0 , 0 , 0 , 
RegressionTest0::test0044 , 0 , 0 , 1 , 1 , 0 , 1 , 1 , 0 , 1 , 0 , 1 , 1 , 1 , 0 , 0 , 1 , 0 , 0 , 0 , 
RegressionTest0::test0045 , 0 , 0 , 1 , 0 , 1 , 0 , 0 , 0 , 0 , 0 , 1 , 0 , 0 , 0 , 0 , 0 , 0 , 0 , 0 , 
RegressionTest0::test0046 , 0 , 0 , 1 , 1 , 0 , 1 , 1 , 1 , 0 , 0 , 1 , 1 , 1 , 0 , 0 , 0 , 0 , 0 , 0 , 
RegressionTest0::test0048 , 0 , 0 , 1 , 0 , 1 , 0 , 0 , 0 , 0 , 0 , 0 , 0 , 0 , 0 , 0 , 0 , 0 , 0 , 0 , 
RegressionTest0::test0049 , 0 , 0 , 1 , 1 , 0 , 1 , 1 , 0 , 1 , 0 , 1 , 1 , 1 , 0 , 0 , 1 , 0 , 0 , 0 , 
RegressionTest0::test0050 , 0 , 0 , 1 , 1 , 0 , 1 , 1 , 0 , 1 , 0 , 1 , 1 , 1 , 0 , 0 , 1 , 0 , 0 , 0 , 
RegressionTest0::test0051 , 0 , 0 , 1 , 1 , 0 , 1 , 1 , 1 , 0 , 0 , 1 , 1 , 1 , 0 , 0 , 0 , 0 , 0 , 0 , 
RegressionTest0::test0053 , 0 , 0 , 0 , 0 , 0 , 0 , 0 , 0 , 0 , 0 , 1 , 0 , 0 , 0 , 0 , 0 , 0 , 0 , 0 , 
RegressionTest0::test0054 , 0 , 0 , 1 , 0 , 0 , 0 , 1 , 0 , 0 , 0 , 1 , 0 , 1 , 0 , 0 , 0 , 0 , 0 , 0 , 
RegressionTest0::test0055 , 0 , 0 , 1 , 1 , 0 , 1 , 1 , 0 , 1 , 0 , 1 , 1 , 1 , 0 , 0 , 1 , 0 , 0 , 0 , 
RegressionTest0::test0056 , 0 , 0 , 0 , 0 , 0 , 0 , 0 , 0 , 0 , 0 , 0 , 0 , 0 , 0 , 0 , 0 , 0 , 0 , 0 , 
RegressionTest0::test0058 , 0 , 0 , 1 , 1 , 0 , 1 , 1 , 0 , 1 , 0 , 1 , 1 , 1 , 0 , 0 , 1 , 0 , 0 , 0 , 
RegressionTest0::test0060 , 0 , 0 , 1 , 1 , 0 , 1 , 1 , 0 , 1 , 0 , 1 , 1 , 1 , 0 , 0 , 1 , 0 , 0 , 0 , 
RegressionTest0::test0061 , 0 , 0 , 1 , 1 , 0 , 1 , 1 , 0 , 1 , 0 , 1 , 1 , 1 , 0 , 0 , 1 , 0 , 0 , 0 , 
RegressionTest0::test0063 , 0 , 0 , 0 , 0 , 0 , 0 , 0 , 0 , 0 , 0 , 0 , 0 , 0 , 0 , 0 , 0 , 0 , 0 , 0 , 
RegressionTest0::test0064 , 0 , 0 , 1 , 1 , 0 , 1 , 1 , 0 , 1 , 0 , 1 , 1 , 1 , 0 , 0 , 1 , 0 , 0 , 0 , 
RegressionTest0::test0065 , 0 , 0 , 0 , 0 , 0 , 0 , 0 , 0 , 0 , 0 , 0 , 0 , 0 , 0 , 0 , 0 , 0 , 0 , 0 , 
RegressionTest0::test0066 , 0 , 0 , 0 , 0 , 0 , 0 , 0 , 0 , 0 , 0 , 0 , 0 , 0 , 0 , 0 , 0 , 0 , 0 , 0 , 
RegressionTest0::test0067 , 1 , 0 , 0 , 0 , 0 , 0 , 0 , 0 , 0 , 0 , 0 , 0 , 0 , 0 , 0 , 0 , 0 , 0 , 0 , 
RegressionTest0::test0069 , 0 , 0 , 1 , 1 , 0 , 1 , 1 , 0 , 1 , 0 , 1 , 1 , 1 , 0 , 0 , 1 , 0 , 0 , 0 , 
RegressionTest0::test0070 , 0 , 0 , 1 , 1 , 0 , 1 , 1 , 0 , 1 , 0 , 1 , 1 , 1 , 0 , 0 , 1 , 0 , 0 , 0 , 
RegressionTest0::test0072 , 0 , 0 , 1 , 1 , 0 , 1 , 1 , 1 , 0 , 0 , 1 , 1 , 1 , 0 , 0 , 0 , 0 , 0 , 0 , 
RegressionTest0::test0073 , 0 , 0 , 1 , 1 , 0 , 1 , 1 , 0 , 1 , 0 , 1 , 1 , 1 , 0 , 0 , 1 , 0 , 0 , 0 , 
RegressionTest0::test0074 , 0 , 0 , 1 , 1 , 0 , 1 , 1 , 0 , 1 , 0 , 1 , 1 , 1 , 0 , 0 , 1 , 0 , 0 , 0 , 
RegressionTest0::test0075 , 0 , 0 , 1 , 1 , 0 , 1 , 1 , 0 , 1 , 0 , 1 , 1 , 1 , 0 , 0 , 1 , 0 , 0 , 0 , 
RegressionTest0::test0076 , 0 , 0 , 0 , 0 , 0 , 0 , 0 , 0 , 0 , 0 , 1 , 0 , 0 , 0 , 0 , 0 , 0 , 0 , 0 , 
RegressionTest0::test0077 , 0 , 0 , 1 , 0 , 0 , 0 , 1 , 0 , 0 , 0 , 1 , 0 , 1 , 0 , 0 , 0 , 0 , 0 , 0 , 
RegressionTest0::test0079 , 0 , 0 , 1 , 1 , 0 , 1 , 1 , 0 , 1 , 0 , 1 , 1 , 1 , 0 , 0 , 1 , 0 , 0 , 0 , 
RegressionTest0::test0080 , 1 , 0 , 0 , 0 , 0 , 0 , 0 , 0 , 0 , 0 , 0 , 0 , 0 , 0 , 0 , 0 , 0 , 0 , 0 , 
RegressionTest0::test0081 , 0 , 0 , 1 , 1 , 0 , 1 , 1 , 0 , 1 , 0 , 1 , 1 , 1 , 0 , 0 , 1 , 0 , 0 , 0 , 
RegressionTest0::test0082 , 0 , 0 , 0 , 0 , 0 , 0 , 0 , 0 , 0 , 0 , 0 , 0 , 0 , 0 , 0 , 0 , 0 , 0 , 0 , 
RegressionTest0::test0084 , 0 , 0 , 1 , 1 , 0 , 1 , 1 , 0 , 1 , 0 , 1 , 1 , 1 , 0 , 0 , 1 , 0 , 0 , 0 , 
RegressionTest0::test0086 , 0 , 0 , 1 , 1 , 0 , 1 , 1 , 0 , 1 , 0 , 1 , 1 , 1 , 0 , 0 , 1 , 0 , 0 , 0 , 
RegressionTest0::test0087 , 0 , 0 , 1 , 1 , 0 , 1 , 1 , 0 , 1 , 0 , 1 , 1 , 1 , 0 , 0 , 1 , 0 , 0 , 0 , 
RegressionTest0::test0088 , 0 , 0 , 1 , 1 , 0 , 1 , 1 , 1 , 0 , 0 , 1 , 1 , 1 , 0 , 0 , 0 , 0 , 0 , 0 , 
RegressionTest0::test0089 , 0 , 0 , 0 , 0 , 0 , 0 , 0 , 0 , 0 , 0 , 0 , 0 , 0 , 0 , 0 , 0 , 0 , 0 , 0 , 
RegressionTest0::test0090 , 0 , 0 , 1 , 0 , 0 , 0 , 1 , 0 , 0 , 0 , 1 , 0 , 1 , 0 , 0 , 0 , 0 , 0 , 0 , 
RegressionTest0::test0091 , 0 , 0 , 0 , 0 , 0 , 0 , 0 , 0 , 0 , 0 , 0 , 0 , 0 , 0 , 0 , 0 , 0 , 0 , 0 , 
RegressionTest0::test0095 , 0 , 0 , 1 , 1 , 0 , 1 , 1 , 0 , 1 , 0 , 1 , 1 , 1 , 0 , 0 , 1 , 0 , 0 , 0 , 
RegressionTest0::test0097 , 0 , 0 , 1 , 1 , 0 , 1 , 1 , 0 , 1 , 0 , 1 , 1 , 1 , 0 , 0 , 1 , 0 , 0 , 0 , 
RegressionTest0::test0098 , 0 , 0 , 1 , 1 , 0 , 1 , 1 , 1 , 0 , 0 , 1 , 1 , 1 , 0 , 0 , 0 , 0 , 0 , 0 , 
RegressionTest0::test0099 , 0 , 0 , 1 , 1 , 0 , 1 , 1 , 0 , 1 , 0 , 1 , 1 , 1 , 0 , 0 , 1 , 0 , 0 , 0 , 
RegressionTest0::test0100 , 0 , 0 , 0 , 0 , 0 , 0 , 0 , 0 , 0 , 0 , 0 , 0 , 0 , 0 , 0 , 0 , 0 , 0 , 0 , 
RegressionTest0::test0102 , 0 , 0 , 1 , 1 , 0 , 1 , 1 , 0 , 1 , 0 , 1 , 1 , 1 , 0 , 0 , 1 , 0 , 0 , 0 , 
RegressionTest0::test0103 , 0 , 0 , 1 , 1 , 0 , 1 , 1 , 0 , 1 , 0 , 1 , 1 , 1 , 0 , 0 , 1 , 0 , 0 , 0 , 
RegressionTest0::test0104 , 0 , 0 , 1 , 1 , 0 , 1 , 1 , 0 , 1 , 0 , 1 , 1 , 1 , 0 , 0 , 1 , 0 , 0 , 0 , 
RegressionTest0::test0105 , 0 , 0 , 1 , 1 , 0 , 1 , 1 , 0 , 1 , 0 , 1 , 1 , 1 , 0 , 0 , 1 , 0 , 0 , 0 , 
RegressionTest0::test0108 , 0 , 0 , 1 , 0 , 0 , 0 , 1 , 0 , 0 , 0 , 1 , 0 , 1 , 0 , 0 , 0 , 0 , 0 , 0 , 
RegressionTest0::test0109 , 0 , 0 , 1 , 1 , 0 , 1 , 1 , 0 , 1 , 0 , 1 , 1 , 1 , 0 , 0 , 1 , 0 , 0 , 0 , 
RegressionTest0::test0110 , 0 , 0 , 1 , 1 , 0 , 1 , 1 , 1 , 0 , 0 , 1 , 1 , 1 , 0 , 0 , 0 , 0 , 0 , 0 , 
RegressionTest0::test0111 , 0 , 0 , 1 , 1 , 0 , 1 , 1 , 0 , 1 , 0 , 1 , 1 , 1 , 0 , 0 , 1 , 0 , 0 , 0 , 
RegressionTest0::test0112 , 0 , 0 , 0 , 0 , 0 , 0 , 0 , 0 , 0 , 0 , 0 , 0 , 0 , 0 , 0 , 0 , 0 , 0 , 0 , 
RegressionTest0::test0114 , 0 , 0 , 0 , 0 , 0 , 0 , 0 , 0 , 0 , 0 , 1 , 0 , 0 , 0 , 0 , 0 , 0 , 0 , 0 , 
RegressionTest0::test0115 , 0 , 0 , 1 , 1 , 0 , 1 , 1 , 0 , 1 , 0 , 1 , 1 , 1 , 0 , 0 , 1 , 0 , 0 , 0 , 
RegressionTest0::test0116 , 0 , 0 , 1 , 1 , 0 , 1 , 1 , 0 , 1 , 0 , 1 , 1 , 1 , 0 , 0 , 1 , 0 , 0 , 0 , 
RegressionTest0::test0119 , 0 , 0 , 1 , 1 , 0 , 1 , 1 , 0 , 1 , 0 , 1 , 1 , 1 , 0 , 0 , 1 , 0 , 0 , 0 , 
RegressionTest0::test0121 , 0 , 0 , 1 , 1 , 0 , 1 , 1 , 0 , 1 , 0 , 1 , 1 , 1 , 0 , 0 , 1 , 0 , 0 , 0 , 
RegressionTest0::test0123 , 1 , 0 , 0 , 0 , 0 , 0 , 0 , 0 , 0 , 0 , 0 , 0 , 0 , 0 , 0 , 0 , 0 , 0 , 0 , 
RegressionTest0::test0124 , 0 , 0 , 1 , 1 , 0 , 1 , 1 , 0 , 1 , 0 , 1 , 1 , 1 , 0 , 0 , 1 , 0 , 0 , 0 , 
RegressionTest0::test0125 , 0 , 0 , 1 , 1 , 0 , 1 , 1 , 0 , 1 , 0 , 1 , 1 , 1 , 0 , 0 , 1 , 0 , 0 , 0 , 
RegressionTest0::test0127 , 0 , 0 , 1 , 1 , 0 , 1 , 1 , 0 , 1 , 0 , 1 , 1 , 1 , 0 , 0 , 1 , 0 , 0 , 0 , 
RegressionTest0::test0128 , 0 , 0 , 0 , 0 , 0 , 0 , 0 , 0 , 0 , 0 , 0 , 0 , 0 , 0 , 0 , 0 , 0 , 0 , 0 , 
RegressionTest0::test0129 , 0 , 0 , 1 , 1 , 0 , 1 , 1 , 0 , 1 , 0 , 1 , 1 , 1 , 0 , 0 , 1 , 0 , 0 , 0 , 
RegressionTest0::test0130 , 0 , 0 , 0 , 0 , 0 , 0 , 0 , 0 , 0 , 0 , 0 , 0 , 0 , 0 , 0 , 0 , 0 , 0 , 0 , 
RegressionTest0::test0131 , 0 , 0 , 1 , 1 , 0 , 1 , 1 , 0 , 1 , 0 , 1 , 1 , 1 , 0 , 0 , 1 , 0 , 0 , 0 , 
RegressionTest0::test0132 , 0 , 0 , 1 , 1 , 0 , 1 , 1 , 0 , 1 , 0 , 1 , 1 , 1 , 0 , 0 , 1 , 0 , 0 , 0 , 
RegressionTest0::test0133 , 0 , 0 , 1 , 1 , 0 , 1 , 1 , 0 , 1 , 0 , 1 , 1 , 1 , 0 , 0 , 1 , 0 , 0 , 0 , 
RegressionTest0::test0135 , 0 , 0 , 1 , 1 , 0 , 1 , 1 , 0 , 1 , 0 , 1 , 1 , 1 , 0 , 0 , 1 , 0 , 0 , 0 , 
RegressionTest0::test0137 , 0 , 0 , 0 , 0 , 0 , 0 , 0 , 0 , 0 , 0 , 1 , 0 , 0 , 0 , 0 , 0 , 0 , 0 , 0 , 
RegressionTest0::test0138 , 0 , 0 , 0 , 0 , 0 , 0 , 0 , 0 , 0 , 0 , 0 , 0 , 0 , 0 , 0 , 0 , 1 , 0 , 1 , 
RegressionTest0::test0139 , 0 , 0 , 1 , 1 , 0 , 1 , 1 , 0 , 1 , 0 , 1 , 1 , 1 , 0 , 0 , 1 , 0 , 0 , 0 , 
RegressionTest0::test0140 , 0 , 0 , 1 , 1 , 0 , 1 , 1 , 0 , 1 , 0 , 1 , 1 , 1 , 0 , 0 , 1 , 0 , 0 , 0 , 
RegressionTest0::test0142 , 0 , 0 , 0 , 0 , 0 , 0 , 0 , 0 , 0 , 0 , 0 , 0 , 0 , 0 , 0 , 0 , 0 , 0 , 0 , 
RegressionTest0::test0143 , 0 , 0 , 1 , 1 , 0 , 1 , 1 , 0 , 1 , 0 , 1 , 1 , 1 , 0 , 0 , 1 , 0 , 0 , 0 , 
RegressionTest0::test0144 , 0 , 0 , 1 , 1 , 0 , 1 , 1 , 0 , 1 , 0 , 1 , 1 , 1 , 0 , 0 , 1 , 0 , 0 , 0 , 
RegressionTest0::test0146 , 0 , 0 , 1 , 0 , 0 , 0 , 1 , 0 , 0 , 0 , 1 , 0 , 1 , 0 , 0 , 0 , 0 , 0 , 0 , 
RegressionTest0::test0147 , 0 , 0 , 1 , 1 , 0 , 1 , 1 , 0 , 1 , 0 , 1 , 1 , 1 , 0 , 0 , 1 , 0 , 0 , 0 , 
RegressionTest0::test0149 , 0 , 0 , 1 , 1 , 0 , 1 , 1 , 0 , 1 , 0 , 1 , 1 , 1 , 0 , 0 , 1 , 0 , 0 , 0 , 
RegressionTest0::test0150 , 0 , 0 , 1 , 1 , 0 , 1 , 1 , 0 , 1 , 0 , 1 , 1 , 1 , 0 , 0 , 1 , 0 , 0 , 0 , 
RegressionTest0::test0151 , 0 , 0 , 0 , 0 , 0 , 0 , 0 , 0 , 0 , 0 , 0 , 0 , 0 , 0 , 0 , 0 , 1 , 0 , 1 , 
RegressionTest0::test0152 , 0 , 0 , 1 , 1 , 0 , 1 , 1 , 0 , 1 , 0 , 1 , 1 , 1 , 0 , 0 , 1 , 0 , 0 , 0 , 
RegressionTest0::test0153 , 0 , 0 , 0 , 0 , 0 , 0 , 0 , 0 , 0 , 0 , 0 , 0 , 0 , 0 , 0 , 0 , 0 , 0 , 0 , 
RegressionTest0::test0154 , 0 , 0 , 1 , 1 , 0 , 1 , 1 , 0 , 1 , 0 , 1 , 1 , 1 , 0 , 0 , 1 , 0 , 0 , 0 , 
RegressionTest0::test0155 , 0 , 0 , 1 , 1 , 0 , 1 , 1 , 0 , 1 , 0 , 1 , 1 , 1 , 0 , 0 , 1 , 0 , 0 , 0 , 
RegressionTest0::test0156 , 0 , 0 , 1 , 1 , 0 , 1 , 1 , 1 , 0 , 0 , 1 , 1 , 1 , 0 , 0 , 0 , 0 , 0 , 0 , 
RegressionTest0::test0157 , 0 , 0 , 1 , 1 , 0 , 1 , 1 , 0 , 1 , 0 , 1 , 1 , 1 , 0 , 0 , 1 , 0 , 0 , 0 , 
RegressionTest0::test0159 , 0 , 0 , 1 , 1 , 0 , 1 , 1 , 0 , 1 , 0 , 1 , 1 , 1 , 0 , 0 , 1 , 0 , 0 , 0 , 
RegressionTest0::test0160 , 0 , 0 , 1 , 1 , 0 , 1 , 1 , 1 , 0 , 0 , 1 , 1 , 1 , 0 , 0 , 0 , 0 , 0 , 0 , 
RegressionTest0::test0161 , 0 , 0 , 1 , 0 , 0 , 0 , 1 , 0 , 0 , 0 , 1 , 0 , 1 , 0 , 0 , 0 , 0 , 0 , 0 , 
RegressionTest0::test0162 , 0 , 0 , 0 , 0 , 0 , 0 , 0 , 0 , 0 , 0 , 0 , 0 , 0 , 0 , 0 , 0 , 0 , 0 , 0 , 
RegressionTest0::test0163 , 0 , 0 , 1 , 1 , 0 , 1 , 1 , 1 , 0 , 0 , 1 , 1 , 1 , 0 , 0 , 0 , 0 , 0 , 0 , 
RegressionTest0::test0165 , 1 , 0 , 0 , 0 , 0 , 0 , 0 , 0 , 0 , 0 , 0 , 0 , 0 , 0 , 0 , 0 , 0 , 0 , 0 , 
RegressionTest0::test0166 , 0 , 0 , 1 , 1 , 0 , 1 , 1 , 0 , 1 , 0 , 1 , 1 , 1 , 0 , 0 , 1 , 0 , 0 , 0 , 
RegressionTest0::test0167 , 0 , 0 , 0 , 0 , 0 , 0 , 0 , 0 , 0 , 0 , 0 , 0 , 0 , 0 , 0 , 0 , 1 , 0 , 1 , 
RegressionTest0::test0168 , 1 , 0 , 0 , 0 , 0 , 0 , 0 , 0 , 0 , 0 , 0 , 0 , 0 , 0 , 0 , 0 , 0 , 0 , 0 , 
RegressionTest0::test0169 , 0 , 0 , 0 , 0 , 0 , 0 , 0 , 0 , 0 , 0 , 1 , 0 , 0 , 0 , 0 , 0 , 0 , 0 , 0 , 
RegressionTest0::test0170 , 0 , 0 , 1 , 0 , 1 , 0 , 0 , 0 , 0 , 0 , 0 , 0 , 0 , 0 , 0 , 0 , 0 , 0 , 0 , 
RegressionTest0::test0171 , 0 , 0 , 1 , 0 , 1 , 0 , 0 , 0 , 0 , 0 , 0 , 0 , 0 , 0 , 0 , 0 , 0 , 0 , 0 , 
RegressionTest0::test0173 , 0 , 0 , 0 , 0 , 0 , 0 , 0 , 0 , 0 , 0 , 0 , 0 , 0 , 0 , 0 , 0 , 0 , 0 , 0 , 
RegressionTest0::test0174 , 0 , 0 , 1 , 1 , 0 , 1 , 1 , 0 , 1 , 0 , 1 , 1 , 1 , 0 , 0 , 1 , 0 , 0 , 0 , 
RegressionTest0::test0176 , 0 , 0 , 0 , 0 , 0 , 0 , 0 , 0 , 0 , 0 , 0 , 0 , 0 , 0 , 0 , 0 , 0 , 0 , 0 , 
RegressionTest0::test0177 , 0 , 0 , 1 , 1 , 0 , 1 , 1 , 0 , 1 , 0 , 1 , 1 , 1 , 0 , 0 , 1 , 0 , 0 , 0 , 
RegressionTest0::test0179 , 0 , 0 , 1 , 1 , 0 , 1 , 1 , 0 , 1 , 0 , 1 , 1 , 1 , 0 , 0 , 1 , 0 , 0 , 0 , 
RegressionTest0::test0180 , 0 , 0 , 1 , 1 , 0 , 1 , 1 , 0 , 1 , 0 , 1 , 1 , 1 , 0 , 0 , 1 , 0 , 0 , 0 , 
RegressionTest0::test0181 , 0 , 0 , 1 , 1 , 0 , 1 , 1 , 0 , 1 , 0 , 1 , 1 , 1 , 0 , 0 , 1 , 0 , 0 , 0 , 
RegressionTest0::test0184 , 0 , 0 , 1 , 1 , 0 , 1 , 1 , 0 , 1 , 0 , 1 , 1 , 1 , 0 , 0 , 1 , 0 , 0 , 0 , 
RegressionTest0::test0185 , 0 , 0 , 1 , 1 , 0 , 1 , 1 , 0 , 1 , 0 , 1 , 1 , 1 , 0 , 0 , 1 , 0 , 0 , 0 , 
RegressionTest0::test0186 , 0 , 0 , 0 , 0 , 0 , 0 , 0 , 0 , 0 , 0 , 0 , 0 , 0 , 0 , 0 , 0 , 0 , 0 , 0 , 
RegressionTest0::test0188 , 1 , 0 , 0 , 0 , 0 , 0 , 0 , 0 , 0 , 0 , 0 , 0 , 0 , 0 , 0 , 0 , 0 , 0 , 0 , 
RegressionTest0::test0190 , 0 , 0 , 1 , 1 , 0 , 1 , 1 , 0 , 1 , 0 , 1 , 1 , 1 , 0 , 0 , 1 , 0 , 0 , 0 , 
RegressionTest0::test0192 , 0 , 0 , 1 , 1 , 0 , 1 , 1 , 0 , 1 , 0 , 1 , 1 , 1 , 0 , 0 , 1 , 0 , 0 , 0 , 
RegressionTest0::test0194 , 0 , 0 , 1 , 1 , 0 , 1 , 1 , 0 , 1 , 0 , 1 , 1 , 1 , 0 , 0 , 1 , 0 , 0 , 0 , 
RegressionTest0::test0195 , 0 , 0 , 1 , 1 , 0 , 1 , 1 , 0 , 1 , 0 , 1 , 1 , 1 , 0 , 0 , 1 , 0 , 0 , 0 , 
RegressionTest0::test0197 , 0 , 0 , 1 , 1 , 0 , 1 , 1 , 0 , 1 , 0 , 1 , 1 , 1 , 0 , 0 , 1 , 0 , 0 , 0 , 
RegressionTest0::test0198 , 0 , 0 , 1 , 1 , 0 , 1 , 1 , 0 , 1 , 0 , 1 , 1 , 1 , 0 , 0 , 1 , 0 , 0 , 0 , 
RegressionTest0::test0199 , 0 , 0 , 1 , 1 , 0 , 0 , 0 , 0 , 0 , 0 , 1 , 1 , 1 , 0 , 0 , 0 , 0 , 0 , 0 , 
RegressionTest0::test0202 , 1 , 0 , 0 , 0 , 0 , 0 , 0 , 0 , 0 , 0 , 0 , 0 , 0 , 0 , 0 , 0 , 0 , 0 , 0 , 
RegressionTest0::test0207 , 0 , 0 , 1 , 1 , 0 , 1 , 1 , 0 , 1 , 0 , 1 , 1 , 1 , 0 , 0 , 1 , 0 , 0 , 0 , 
RegressionTest0::test0209 , 0 , 0 , 1 , 1 , 0 , 1 , 1 , 0 , 1 , 0 , 1 , 1 , 1 , 0 , 0 , 1 , 0 , 0 , 0 , 
RegressionTest0::test0210 , 0 , 0 , 1 , 1 , 0 , 1 , 1 , 0 , 1 , 0 , 1 , 1 , 1 , 0 , 0 , 1 , 0 , 0 , 0 , 
RegressionTest0::test0211 , 0 , 0 , 0 , 0 , 0 , 0 , 0 , 0 , 0 , 0 , 0 , 0 , 0 , 0 , 0 , 0 , 1 , 0 , 1 , 
RegressionTest0::test0215 , 0 , 0 , 1 , 1 , 0 , 1 , 1 , 1 , 0 , 0 , 1 , 1 , 1 , 0 , 0 , 0 , 0 , 0 , 0 , 
RegressionTest0::test0219 , 0 , 0 , 0 , 0 , 0 , 0 , 0 , 0 , 0 , 0 , 0 , 0 , 0 , 0 , 0 , 0 , 0 , 0 , 0 , 
RegressionTest0::test0220 , 0 , 0 , 1 , 1 , 0 , 1 , 1 , 0 , 1 , 0 , 1 , 1 , 1 , 0 , 0 , 1 , 0 , 0 , 0 , 
RegressionTest0::test0221 , 0 , 0 , 1 , 1 , 0 , 1 , 1 , 0 , 1 , 0 , 1 , 1 , 1 , 0 , 0 , 1 , 0 , 0 , 0 , 
RegressionTest0::test0222 , 0 , 0 , 1 , 1 , 0 , 1 , 1 , 1 , 0 , 0 , 1 , 1 , 1 , 0 , 0 , 0 , 0 , 0 , 0 , 
RegressionTest0::test0223 , 0 , 0 , 1 , 1 , 0 , 1 , 1 , 1 , 0 , 0 , 1 , 1 , 1 , 0 , 0 , 0 , 0 , 0 , 0 , 
RegressionTest0::test0224 , 0 , 0 , 1 , 1 , 0 , 1 , 1 , 0 , 1 , 0 , 1 , 1 , 1 , 0 , 0 , 1 , 0 , 0 , 0 , 
RegressionTest0::test0225 , 0 , 0 , 1 , 1 , 0 , 1 , 1 , 0 , 1 , 0 , 1 , 1 , 1 , 0 , 0 , 1 , 0 , 0 , 0 , 
RegressionTest0::test0226 , 0 , 0 , 1 , 1 , 0 , 1 , 1 , 0 , 1 , 0 , 1 , 1 , 1 , 0 , 0 , 1 , 0 , 0 , 0 , 
RegressionTest0::test0228 , 0 , 0 , 0 , 0 , 0 , 0 , 0 , 0 , 0 , 0 , 1 , 0 , 0 , 0 , 0 , 0 , 0 , 0 , 0 , 
RegressionTest0::test0229 , 0 , 0 , 0 , 0 , 0 , 0 , 0 , 0 , 0 , 0 , 1 , 0 , 0 , 0 , 0 , 0 , 0 , 0 , 0 , 
RegressionTest0::test0230 , 0 , 0 , 1 , 1 , 0 , 1 , 1 , 1 , 0 , 0 , 1 , 1 , 1 , 0 , 0 , 0 , 0 , 0 , 0 , 
RegressionTest0::test0232 , 0 , 0 , 1 , 1 , 0 , 1 , 1 , 0 , 1 , 0 , 1 , 1 , 1 , 0 , 0 , 1 , 0 , 0 , 0 , 
RegressionTest0::test0235 , 0 , 0 , 1 , 1 , 0 , 1 , 1 , 0 , 1 , 0 , 1 , 1 , 1 , 0 , 0 , 1 , 0 , 0 , 0 , 
RegressionTest0::test0237 , 0 , 0 , 1 , 1 , 0 , 1 , 1 , 0 , 1 , 0 , 1 , 1 , 1 , 0 , 0 , 1 , 0 , 0 , 0 , 
RegressionTest0::test0239 , 0 , 0 , 1 , 1 , 0 , 1 , 1 , 0 , 1 , 0 , 1 , 1 , 1 , 0 , 0 , 1 , 0 , 0 , 0 , 
RegressionTest0::test0240 , 0 , 0 , 1 , 1 , 0 , 1 , 1 , 0 , 1 , 0 , 1 , 1 , 1 , 0 , 0 , 1 , 0 , 0 , 0 , 
RegressionTest0::test0241 , 0 , 0 , 1 , 1 , 0 , 1 , 1 , 1 , 0 , 0 , 1 , 1 , 1 , 0 , 0 , 0 , 0 , 0 , 0 , 
RegressionTest0::test0242 , 0 , 0 , 0 , 0 , 0 , 0 , 0 , 0 , 0 , 0 , 0 , 0 , 0 , 0 , 0 , 0 , 0 , 0 , 0 , 
RegressionTest0::test0244 , 0 , 0 , 0 , 0 , 0 , 0 , 0 , 0 , 0 , 0 , 0 , 0 , 0 , 0 , 0 , 0 , 0 , 0 , 0 , 
RegressionTest0::test0246 , 0 , 0 , 1 , 1 , 0 , 1 , 1 , 0 , 1 , 0 , 1 , 1 , 1 , 0 , 0 , 1 , 0 , 0 , 0 , 
RegressionTest0::test0248 , 0 , 0 , 1 , 1 , 0 , 1 , 1 , 0 , 1 , 0 , 1 , 1 , 1 , 0 , 0 , 1 , 0 , 0 , 0 , 
RegressionTest0::test0250 , 0 , 0 , 0 , 0 , 0 , 0 , 0 , 0 , 0 , 0 , 0 , 0 , 0 , 0 , 0 , 0 , 0 , 0 , 0 , 
RegressionTest0::test0251 , 0 , 0 , 1 , 1 , 0 , 1 , 1 , 0 , 1 , 0 , 1 , 1 , 1 , 0 , 0 , 1 , 0 , 0 , 0 , 
RegressionTest0::test0252 , 0 , 0 , 1 , 1 , 0 , 1 , 1 , 0 , 1 , 0 , 1 , 1 , 1 , 0 , 0 , 1 , 0 , 0 , 0 , 
RegressionTest0::test0253 , 0 , 0 , 1 , 1 , 0 , 1 , 1 , 0 , 1 , 0 , 1 , 1 , 1 , 0 , 0 , 1 , 0 , 0 , 0 , 
RegressionTest0::test0255 , 0 , 0 , 1 , 1 , 0 , 1 , 1 , 1 , 0 , 0 , 1 , 1 , 1 , 0 , 0 , 0 , 0 , 0 , 0 , 
RegressionTest0::test0257 , 0 , 0 , 1 , 1 , 0 , 1 , 1 , 0 , 1 , 0 , 1 , 1 , 1 , 0 , 0 , 1 , 0 , 0 , 0 , 
RegressionTest0::test0260 , 0 , 0 , 1 , 0 , 0 , 0 , 1 , 0 , 0 , 0 , 1 , 0 , 1 , 0 , 0 , 0 , 0 , 0 , 0 , 
RegressionTest0::test0261 , 0 , 0 , 1 , 1 , 0 , 1 , 1 , 0 , 1 , 0 , 1 , 1 , 1 , 0 , 0 , 1 , 0 , 0 , 0 , 
RegressionTest0::test0264 , 0 , 0 , 1 , 1 , 0 , 1 , 1 , 0 , 1 , 0 , 1 , 1 , 1 , 0 , 0 , 1 , 0 , 0 , 0 , 
RegressionTest0::test0265 , 0 , 0 , 1 , 1 , 0 , 1 , 1 , 0 , 1 , 0 , 1 , 1 , 1 , 0 , 0 , 1 , 0 , 0 , 0 , 
RegressionTest0::test0267 , 0 , 0 , 1 , 1 , 0 , 1 , 1 , 0 , 1 , 0 , 1 , 1 , 1 , 0 , 0 , 1 , 0 , 0 , 0 , 
RegressionTest0::test0270 , 0 , 0 , 1 , 1 , 0 , 1 , 1 , 0 , 1 , 0 , 1 , 1 , 1 , 0 , 0 , 1 , 0 , 0 , 0 , 
RegressionTest0::test0271 , 0 , 0 , 1 , 1 , 0 , 1 , 1 , 0 , 1 , 0 , 1 , 1 , 1 , 0 , 0 , 1 , 0 , 0 , 0 , 
RegressionTest0::test0272 , 0 , 0 , 1 , 0 , 0 , 0 , 1 , 0 , 0 , 0 , 1 , 0 , 1 , 0 , 0 , 0 , 0 , 0 , 0 , 
RegressionTest0::test0273 , 0 , 0 , 0 , 0 , 0 , 0 , 0 , 0 , 0 , 0 , 0 , 0 , 0 , 0 , 0 , 0 , 0 , 0 , 0 , 
RegressionTest0::test0274 , 0 , 0 , 0 , 0 , 0 , 0 , 0 , 0 , 0 , 0 , 0 , 0 , 0 , 0 , 0 , 0 , 0 , 0 , 0 , 
RegressionTest0::test0275 , 0 , 0 , 0 , 0 , 0 , 0 , 0 , 0 , 0 , 0 , 0 , 0 , 0 , 0 , 0 , 0 , 0 , 0 , 0 , 
RegressionTest0::test0277 , 0 , 0 , 0 , 0 , 0 , 0 , 0 , 0 , 0 , 0 , 0 , 0 , 0 , 0 , 0 , 0 , 0 , 0 , 0 , 
RegressionTest0::test0278 , 1 , 0 , 0 , 0 , 0 , 0 , 0 , 0 , 0 , 0 , 0 , 0 , 0 , 0 , 0 , 0 , 0 , 0 , 0 , 
RegressionTest0::test0281 , 0 , 0 , 0 , 0 , 0 , 0 , 0 , 0 , 0 , 0 , 0 , 0 , 0 , 0 , 0 , 0 , 0 , 0 , 0 , 
RegressionTest0::test0284 , 0 , 0 , 1 , 1 , 0 , 1 , 1 , 0 , 1 , 0 , 1 , 1 , 1 , 0 , 0 , 1 , 0 , 0 , 0 , 
RegressionTest0::test0285 , 0 , 0 , 1 , 1 , 0 , 1 , 1 , 0 , 1 , 0 , 1 , 1 , 1 , 0 , 0 , 1 , 0 , 0 , 0 , 
RegressionTest0::test0286 , 0 , 0 , 1 , 1 , 0 , 1 , 1 , 0 , 1 , 0 , 1 , 1 , 1 , 0 , 0 , 1 , 0 , 0 , 0 , 
RegressionTest0::test0287 , 1 , 0 , 0 , 0 , 0 , 0 , 0 , 0 , 0 , 0 , 0 , 0 , 0 , 0 , 0 , 0 , 0 , 0 , 0 , 
RegressionTest0::test0288 , 0 , 0 , 0 , 0 , 0 , 0 , 0 , 0 , 0 , 0 , 1 , 0 , 0 , 0 , 0 , 0 , 0 , 0 , 0 , 
RegressionTest0::test0289 , 0 , 0 , 1 , 1 , 0 , 1 , 1 , 0 , 1 , 0 , 1 , 1 , 1 , 0 , 0 , 1 , 0 , 0 , 0 , 
RegressionTest0::test0290 , 0 , 0 , 1 , 1 , 0 , 1 , 1 , 0 , 1 , 0 , 1 , 1 , 1 , 0 , 0 , 1 , 0 , 0 , 0 , 
RegressionTest0::test0291 , 0 , 0 , 1 , 1 , 0 , 1 , 1 , 0 , 1 , 0 , 1 , 1 , 1 , 0 , 0 , 1 , 0 , 0 , 0 , 
RegressionTest0::test0292 , 0 , 0 , 1 , 1 , 0 , 1 , 1 , 1 , 0 , 0 , 1 , 1 , 1 , 0 , 0 , 0 , 0 , 0 , 0 , 
RegressionTest0::test0293 , 0 , 0 , 0 , 0 , 0 , 0 , 0 , 0 , 0 , 0 , 0 , 0 , 0 , 0 , 0 , 0 , 0 , 0 , 0 , 
RegressionTest0::test0294 , 0 , 0 , 1 , 1 , 0 , 1 , 1 , 1 , 0 , 0 , 1 , 1 , 1 , 0 , 0 , 0 , 0 , 0 , 0 , 
RegressionTest0::test0295 , 0 , 0 , 1 , 1 , 0 , 1 , 1 , 0 , 1 , 0 , 1 , 1 , 1 , 0 , 0 , 1 , 0 , 0 , 0 , 
RegressionTest0::test0296 , 0 , 0 , 1 , 1 , 0 , 1 , 1 , 0 , 1 , 0 , 1 , 1 , 1 , 0 , 0 , 1 , 0 , 0 , 0 , 
RegressionTest0::test0298 , 0 , 0 , 0 , 0 , 0 , 0 , 0 , 0 , 0 , 0 , 0 , 0 , 0 , 0 , 0 , 0 , 1 , 0 , 1 , 
RegressionTest0::test0301 , 0 , 0 , 1 , 1 , 0 , 1 , 1 , 0 , 1 , 0 , 1 , 1 , 1 , 0 , 0 , 1 , 0 , 0 , 0 , 
RegressionTest0::test0303 , 0 , 0 , 1 , 1 , 0 , 1 , 1 , 0 , 1 , 0 , 1 , 1 , 1 , 0 , 0 , 1 , 0 , 0 , 0 , 
RegressionTest0::test0304 , 0 , 0 , 1 , 1 , 0 , 1 , 1 , 0 , 1 , 0 , 1 , 1 , 1 , 0 , 0 , 1 , 0 , 0 , 0 , 
RegressionTest0::test0307 , 0 , 0 , 1 , 1 , 0 , 1 , 1 , 0 , 1 , 0 , 1 , 1 , 1 , 0 , 0 , 1 , 0 , 0 , 0 , 
RegressionTest0::test0308 , 0 , 0 , 1 , 1 , 0 , 1 , 1 , 0 , 1 , 0 , 1 , 1 , 1 , 0 , 0 , 1 , 0 , 0 , 0 , 
RegressionTest0::test0309 , 0 , 0 , 1 , 1 , 0 , 1 , 1 , 1 , 0 , 0 , 1 , 1 , 1 , 0 , 0 , 0 , 0 , 0 , 0 , 
RegressionTest0::test0312 , 0 , 0 , 1 , 1 , 0 , 1 , 1 , 0 , 1 , 0 , 1 , 1 , 1 , 0 , 0 , 1 , 0 , 0 , 0 , 
RegressionTest0::test0313 , 0 , 0 , 0 , 0 , 0 , 0 , 0 , 0 , 0 , 0 , 0 , 0 , 0 , 0 , 0 , 0 , 1 , 0 , 1 , 
RegressionTest0::test0317 , 0 , 0 , 1 , 1 , 0 , 1 , 1 , 0 , 1 , 0 , 1 , 1 , 1 , 0 , 0 , 1 , 0 , 0 , 0 , 
RegressionTest0::test0318 , 0 , 0 , 0 , 0 , 0 , 0 , 0 , 0 , 0 , 0 , 1 , 0 , 0 , 0 , 0 , 0 , 1 , 0 , 1 , 
RegressionTest0::test0320 , 0 , 0 , 1 , 1 , 0 , 1 , 1 , 0 , 1 , 0 , 1 , 1 , 1 , 0 , 0 , 1 , 0 , 0 , 0 , 
RegressionTest0::test0322 , 0 , 0 , 1 , 1 , 0 , 1 , 1 , 0 , 1 , 0 , 1 , 1 , 1 , 0 , 0 , 1 , 0 , 0 , 0 , 
RegressionTest0::test0323 , 0 , 0 , 1 , 1 , 0 , 1 , 1 , 0 , 1 , 0 , 1 , 1 , 1 , 0 , 0 , 1 , 0 , 0 , 0 , 
RegressionTest0::test0324 , 0 , 0 , 1 , 0 , 0 , 0 , 1 , 0 , 0 , 0 , 1 , 0 , 1 , 0 , 0 , 0 , 0 , 0 , 0 , 
RegressionTest0::test0327 , 0 , 0 , 1 , 1 , 0 , 1 , 1 , 0 , 1 , 0 , 1 , 1 , 1 , 0 , 0 , 1 , 0 , 0 , 0 , 
RegressionTest0::test0330 , 0 , 0 , 0 , 0 , 0 , 0 , 0 , 0 , 0 , 0 , 0 , 0 , 0 , 0 , 0 , 0 , 1 , 0 , 1 , 
RegressionTest0::test0331 , 0 , 0 , 1 , 1 , 0 , 1 , 1 , 0 , 1 , 0 , 1 , 1 , 1 , 0 , 0 , 1 , 0 , 0 , 0 , 
RegressionTest0::test0332 , 0 , 0 , 1 , 1 , 0 , 1 , 1 , 0 , 1 , 0 , 1 , 1 , 1 , 0 , 0 , 1 , 0 , 0 , 0 , 
RegressionTest0::test0333 , 0 , 0 , 0 , 0 , 0 , 0 , 0 , 0 , 0 , 0 , 0 , 0 , 0 , 0 , 0 , 0 , 1 , 0 , 1 , 
RegressionTest0::test0334 , 0 , 0 , 1 , 1 , 0 , 1 , 1 , 0 , 1 , 0 , 1 , 1 , 1 , 0 , 0 , 1 , 0 , 0 , 0 , 
RegressionTest0::test0335 , 0 , 0 , 1 , 1 , 0 , 1 , 1 , 0 , 1 , 0 , 1 , 1 , 1 , 0 , 0 , 1 , 0 , 0 , 0 , 
RegressionTest0::test0336 , 0 , 0 , 0 , 0 , 0 , 0 , 0 , 0 , 0 , 0 , 0 , 0 , 0 , 0 , 0 , 0 , 1 , 0 , 1 , 
RegressionTest0::test0338 , 0 , 0 , 1 , 1 , 0 , 1 , 1 , 0 , 1 , 0 , 1 , 1 , 1 , 0 , 0 , 1 , 0 , 0 , 0 , 
RegressionTest0::test0341 , 1 , 0 , 1 , 1 , 0 , 1 , 1 , 1 , 0 , 0 , 1 , 1 , 1 , 0 , 0 , 0 , 0 , 0 , 0 , 
RegressionTest0::test0342 , 0 , 0 , 1 , 1 , 0 , 1 , 1 , 0 , 1 , 0 , 1 , 1 , 1 , 0 , 0 , 1 , 0 , 0 , 0 , 
RegressionTest0::test0343 , 0 , 0 , 1 , 1 , 0 , 1 , 1 , 0 , 1 , 0 , 1 , 1 , 1 , 0 , 0 , 1 , 0 , 0 , 0 , 
RegressionTest0::test0344 , 0 , 0 , 0 , 0 , 0 , 0 , 0 , 0 , 0 , 0 , 0 , 0 , 0 , 0 , 0 , 0 , 1 , 0 , 1 , 
RegressionTest0::test0346 , 0 , 0 , 1 , 1 , 0 , 1 , 1 , 0 , 1 , 0 , 1 , 1 , 1 , 0 , 0 , 1 , 0 , 0 , 0 , 
RegressionTest0::test0348 , 0 , 0 , 1 , 1 , 0 , 1 , 1 , 0 , 1 , 0 , 1 , 1 , 1 , 0 , 0 , 1 , 0 , 0 , 0 , 
RegressionTest0::test0349 , 0 , 0 , 1 , 1 , 0 , 1 , 1 , 0 , 1 , 0 , 1 , 1 , 1 , 0 , 0 , 1 , 0 , 0 , 0 , 
RegressionTest0::test0352 , 0 , 0 , 0 , 0 , 0 , 0 , 0 , 0 , 0 , 0 , 0 , 0 , 0 , 0 , 0 , 0 , 0 , 0 , 0 , 
RegressionTest0::test0353 , 1 , 0 , 0 , 0 , 0 , 0 , 0 , 0 , 0 , 0 , 0 , 0 , 0 , 0 , 0 , 0 , 0 , 0 , 0 , 
RegressionTest0::test0354 , 0 , 0 , 0 , 0 , 0 , 0 , 0 , 0 , 0 , 0 , 0 , 0 , 0 , 0 , 0 , 0 , 0 , 0 , 0 , 
RegressionTest0::test0355 , 0 , 0 , 1 , 1 , 0 , 1 , 1 , 0 , 1 , 0 , 1 , 1 , 1 , 0 , 0 , 1 , 0 , 0 , 0 , 
RegressionTest0::test0358 , 0 , 0 , 1 , 1 , 0 , 1 , 1 , 0 , 1 , 0 , 1 , 1 , 1 , 0 , 0 , 1 , 0 , 0 , 0 , 
RegressionTest0::test0359 , 0 , 0 , 1 , 1 , 0 , 1 , 1 , 0 , 1 , 0 , 1 , 1 , 1 , 0 , 0 , 1 , 0 , 0 , 0 , 
RegressionTest0::test0360 , 0 , 0 , 0 , 0 , 0 , 0 , 0 , 0 , 0 , 0 , 0 , 0 , 0 , 0 , 0 , 0 , 0 , 0 , 0 , 
RegressionTest0::test0362 , 0 , 0 , 1 , 1 , 0 , 1 , 1 , 0 , 1 , 0 , 1 , 1 , 1 , 0 , 0 , 1 , 0 , 0 , 0 , 
RegressionTest0::test0363 , 0 , 0 , 1 , 1 , 0 , 1 , 1 , 0 , 1 , 0 , 1 , 1 , 1 , 0 , 0 , 1 , 0 , 0 , 0 , 
RegressionTest0::test0364 , 0 , 0 , 1 , 1 , 0 , 1 , 1 , 1 , 0 , 0 , 1 , 1 , 1 , 0 , 0 , 0 , 0 , 0 , 0 , 
RegressionTest0::test0365 , 0 , 0 , 1 , 1 , 0 , 1 , 1 , 0 , 1 , 0 , 1 , 1 , 1 , 0 , 0 , 1 , 0 , 0 , 0 , 
RegressionTest0::test0366 , 0 , 0 , 1 , 1 , 0 , 1 , 1 , 0 , 1 , 0 , 1 , 1 , 1 , 0 , 0 , 1 , 0 , 0 , 0 , 
RegressionTest0::test0368 , 0 , 0 , 1 , 1 , 0 , 1 , 1 , 0 , 1 , 0 , 1 , 1 , 1 , 0 , 0 , 1 , 0 , 0 , 0 , 
RegressionTest0::test0369 , 0 , 0 , 1 , 1 , 0 , 1 , 1 , 0 , 1 , 0 , 1 , 1 , 1 , 0 , 0 , 1 , 0 , 0 , 0 , 
RegressionTest0::test0370 , 0 , 0 , 1 , 1 , 0 , 1 , 1 , 1 , 0 , 0 , 1 , 1 , 1 , 0 , 0 , 0 , 0 , 0 , 0 , 
RegressionTest0::test0373 , 0 , 0 , 0 , 0 , 0 , 0 , 0 , 0 , 0 , 0 , 0 , 0 , 0 , 0 , 0 , 0 , 1 , 0 , 1 , 
RegressionTest0::test0374 , 0 , 0 , 1 , 1 , 0 , 1 , 1 , 0 , 1 , 0 , 1 , 1 , 1 , 0 , 0 , 1 , 0 , 0 , 0 , 
RegressionTest0::test0375 , 0 , 0 , 1 , 1 , 0 , 1 , 1 , 1 , 0 , 0 , 1 , 1 , 1 , 0 , 0 , 0 , 0 , 0 , 0 , 
RegressionTest0::test0376 , 0 , 0 , 1 , 1 , 0 , 1 , 1 , 0 , 1 , 0 , 1 , 1 , 1 , 0 , 0 , 1 , 0 , 0 , 0 , 
RegressionTest0::test0379 , 0 , 0 , 1 , 1 , 0 , 1 , 1 , 0 , 1 , 0 , 1 , 1 , 1 , 0 , 0 , 1 , 0 , 0 , 0 , 
RegressionTest0::test0381 , 0 , 0 , 1 , 1 , 0 , 1 , 1 , 0 , 1 , 0 , 1 , 1 , 1 , 0 , 0 , 1 , 0 , 0 , 0 , 
RegressionTest0::test0382 , 0 , 0 , 1 , 1 , 0 , 1 , 1 , 0 , 1 , 0 , 1 , 1 , 1 , 0 , 0 , 1 , 0 , 0 , 0 , 
RegressionTest0::test0386 , 0 , 0 , 0 , 0 , 0 , 0 , 0 , 0 , 0 , 0 , 0 , 0 , 0 , 0 , 0 , 0 , 0 , 0 , 0 , 
RegressionTest0::test0387 , 0 , 0 , 1 , 1 , 0 , 1 , 1 , 0 , 1 , 0 , 1 , 1 , 1 , 0 , 0 , 1 , 0 , 0 , 0 , 
RegressionTest0::test0389 , 0 , 0 , 1 , 1 , 0 , 1 , 1 , 0 , 1 , 0 , 1 , 1 , 1 , 0 , 0 , 1 , 0 , 0 , 0 , 
RegressionTest0::test0390 , 0 , 0 , 1 , 1 , 0 , 1 , 1 , 0 , 1 , 0 , 1 , 1 , 1 , 0 , 0 , 1 , 0 , 0 , 0 , 
RegressionTest0::test0392 , 0 , 0 , 1 , 1 , 0 , 1 , 1 , 0 , 1 , 0 , 1 , 1 , 1 , 0 , 0 , 1 , 0 , 0 , 0 , 
RegressionTest0::test0395 , 1 , 0 , 0 , 0 , 0 , 0 , 0 , 0 , 0 , 0 , 0 , 0 , 0 , 0 , 0 , 0 , 0 , 0 , 0 , 
RegressionTest0::test0398 , 0 , 0 , 0 , 0 , 0 , 0 , 0 , 0 , 0 , 0 , 1 , 0 , 0 , 0 , 0 , 0 , 0 , 0 , 0 , 
RegressionTest0::test0399 , 0 , 0 , 1 , 1 , 0 , 1 , 1 , 0 , 1 , 0 , 1 , 1 , 1 , 0 , 0 , 1 , 0 , 0 , 0 , 
RegressionTest0::test0400 , 0 , 0 , 0 , 0 , 0 , 0 , 0 , 0 , 0 , 0 , 1 , 0 , 0 , 0 , 0 , 0 , 0 , 0 , 0 , 
RegressionTest0::test0401 , 0 , 0 , 0 , 0 , 0 , 0 , 0 , 0 , 0 , 0 , 0 , 0 , 0 , 0 , 0 , 0 , 1 , 0 , 1 , 
RegressionTest0::test0402 , 0 , 0 , 1 , 1 , 0 , 1 , 1 , 0 , 1 , 0 , 1 , 1 , 1 , 0 , 0 , 1 , 0 , 0 , 0 , 
RegressionTest0::test0403 , 0 , 0 , 1 , 1 , 0 , 1 , 1 , 0 , 1 , 0 , 1 , 1 , 1 , 0 , 0 , 1 , 0 , 0 , 0 , 
RegressionTest0::test0405 , 1 , 0 , 0 , 0 , 0 , 0 , 0 , 0 , 0 , 0 , 0 , 0 , 0 , 0 , 0 , 0 , 0 , 0 , 0 , 
RegressionTest0::test0406 , 0 , 0 , 0 , 0 , 0 , 0 , 0 , 0 , 0 , 0 , 1 , 0 , 0 , 0 , 0 , 0 , 0 , 0 , 0 , 
RegressionTest0::test0407 , 0 , 0 , 1 , 1 , 0 , 1 , 1 , 0 , 1 , 0 , 1 , 1 , 1 , 0 , 0 , 1 , 0 , 0 , 0 , 
RegressionTest0::test0409 , 0 , 0 , 0 , 0 , 0 , 0 , 0 , 0 , 0 , 0 , 0 , 0 , 0 , 0 , 0 , 0 , 1 , 0 , 1 , 
RegressionTest0::test0411 , 0 , 0 , 1 , 1 , 0 , 1 , 1 , 0 , 1 , 0 , 1 , 1 , 1 , 0 , 0 , 1 , 0 , 0 , 0 , 
RegressionTest0::test0412 , 0 , 0 , 1 , 0 , 1 , 0 , 0 , 0 , 0 , 0 , 0 , 0 , 0 , 0 , 0 , 0 , 0 , 0 , 0 , 
RegressionTest0::test0416 , 0 , 0 , 1 , 1 , 0 , 1 , 1 , 0 , 1 , 0 , 1 , 1 , 1 , 0 , 0 , 1 , 0 , 0 , 0 , 
RegressionTest0::test0417 , 0 , 0 , 1 , 1 , 0 , 1 , 1 , 0 , 1 , 0 , 1 , 1 , 1 , 0 , 0 , 1 , 0 , 0 , 0 , 
RegressionTest0::test0418 , 0 , 0 , 0 , 0 , 0 , 0 , 0 , 0 , 0 , 0 , 0 , 0 , 0 , 0 , 0 , 0 , 0 , 0 , 0 , 
RegressionTest0::test0422 , 0 , 0 , 0 , 0 , 0 , 0 , 0 , 0 , 0 , 0 , 0 , 0 , 0 , 0 , 0 , 0 , 0 , 0 , 0 , 
RegressionTest0::test0423 , 0 , 0 , 1 , 1 , 0 , 1 , 1 , 0 , 1 , 0 , 1 , 1 , 1 , 0 , 0 , 1 , 0 , 0 , 0 , 
RegressionTest0::test0425 , 0 , 0 , 1 , 1 , 0 , 1 , 1 , 0 , 1 , 0 , 1 , 1 , 1 , 0 , 0 , 1 , 0 , 0 , 0 , 
RegressionTest0::test0427 , 0 , 0 , 0 , 0 , 0 , 0 , 0 , 0 , 0 , 0 , 0 , 0 , 0 , 0 , 0 , 0 , 0 , 0 , 0 , 
RegressionTest0::test0429 , 0 , 0 , 1 , 1 , 0 , 1 , 1 , 0 , 1 , 0 , 1 , 1 , 1 , 0 , 0 , 1 , 0 , 0 , 0 , 
RegressionTest0::test0431 , 0 , 0 , 0 , 0 , 0 , 0 , 0 , 0 , 0 , 0 , 0 , 0 , 0 , 0 , 0 , 0 , 1 , 0 , 1 , 
RegressionTest0::test0432 , 0 , 0 , 0 , 0 , 0 , 0 , 0 , 0 , 0 , 0 , 0 , 0 , 0 , 0 , 0 , 0 , 0 , 0 , 0 , 
RegressionTest0::test0434 , 0 , 0 , 0 , 0 , 0 , 0 , 0 , 0 , 0 , 0 , 0 , 0 , 0 , 0 , 0 , 0 , 0 , 0 , 0 , 
RegressionTest0::test0435 , 0 , 0 , 0 , 0 , 0 , 0 , 0 , 0 , 0 , 0 , 1 , 0 , 0 , 0 , 0 , 0 , 0 , 0 , 0 , 
RegressionTest0::test0438 , 0 , 0 , 1 , 1 , 0 , 1 , 1 , 0 , 1 , 0 , 1 , 1 , 1 , 0 , 0 , 1 , 0 , 0 , 0 , 
RegressionTest0::test0440 , 0 , 0 , 0 , 0 , 0 , 0 , 0 , 0 , 0 , 0 , 0 , 0 , 0 , 0 , 0 , 0 , 0 , 0 , 0 , 
RegressionTest0::test0444 , 0 , 0 , 1 , 1 , 0 , 1 , 1 , 1 , 0 , 0 , 1 , 1 , 1 , 0 , 0 , 0 , 0 , 0 , 0 , 
RegressionTest0::test0445 , 1 , 0 , 0 , 0 , 0 , 0 , 0 , 0 , 0 , 0 , 0 , 0 , 0 , 0 , 0 , 0 , 0 , 0 , 0 , 
RegressionTest0::test0448 , 0 , 0 , 1 , 1 , 0 , 1 , 1 , 0 , 1 , 0 , 1 , 1 , 1 , 0 , 0 , 1 , 0 , 0 , 0 , 
RegressionTest0::test0451 , 0 , 0 , 1 , 1 , 0 , 1 , 1 , 0 , 1 , 0 , 1 , 1 , 1 , 0 , 0 , 1 , 0 , 0 , 0 , 
RegressionTest0::test0453 , 0 , 0 , 1 , 1 , 0 , 1 , 1 , 1 , 0 , 0 , 1 , 1 , 1 , 0 , 0 , 0 , 0 , 0 , 0 , 
RegressionTest0::test0454 , 1 , 0 , 0 , 0 , 0 , 0 , 0 , 0 , 0 , 0 , 0 , 0 , 0 , 0 , 0 , 0 , 0 , 0 , 0 , 
RegressionTest0::test0456 , 0 , 0 , 1 , 1 , 0 , 1 , 1 , 0 , 1 , 0 , 1 , 1 , 1 , 0 , 0 , 1 , 1 , 0 , 1 , 
RegressionTest0::test0457 , 0 , 0 , 1 , 1 , 0 , 1 , 1 , 0 , 1 , 0 , 1 , 1 , 1 , 0 , 0 , 1 , 0 , 0 , 0 , 
RegressionTest0::test0462 , 0 , 0 , 0 , 0 , 0 , 0 , 0 , 0 , 0 , 0 , 0 , 0 , 0 , 0 , 0 , 0 , 1 , 0 , 1 , 
RegressionTest0::test0463 , 0 , 0 , 0 , 0 , 0 , 0 , 0 , 0 , 0 , 0 , 1 , 0 , 0 , 0 , 0 , 0 , 0 , 0 , 0 , 
RegressionTest0::test0464 , 1 , 0 , 0 , 0 , 0 , 0 , 0 , 0 , 0 , 0 , 0 , 0 , 0 , 0 , 0 , 0 , 0 , 0 , 0 , 
RegressionTest0::test0467 , 0 , 0 , 1 , 1 , 0 , 1 , 1 , 0 , 1 , 0 , 1 , 1 , 1 , 0 , 0 , 1 , 0 , 0 , 0 , 
RegressionTest0::test0469 , 0 , 0 , 1 , 1 , 0 , 1 , 1 , 1 , 0 , 0 , 1 , 1 , 1 , 0 , 0 , 0 , 0 , 0 , 0 , 
RegressionTest0::test0472 , 0 , 0 , 1 , 1 , 0 , 1 , 1 , 0 , 1 , 0 , 1 , 1 , 1 , 0 , 0 , 1 , 0 , 0 , 0 , 
RegressionTest0::test0473 , 1 , 0 , 0 , 0 , 0 , 0 , 0 , 0 , 0 , 0 , 0 , 0 , 0 , 0 , 0 , 0 , 0 , 0 , 0 , 
RegressionTest0::test0477 , 0 , 0 , 1 , 1 , 0 , 1 , 1 , 0 , 1 , 0 , 1 , 1 , 1 , 0 , 0 , 1 , 0 , 0 , 0 , 
RegressionTest0::test0478 , 0 , 0 , 1 , 1 , 0 , 1 , 1 , 0 , 1 , 0 , 1 , 1 , 1 , 0 , 0 , 1 , 0 , 0 , 0 , 
RegressionTest0::test0479 , 0 , 0 , 1 , 1 , 0 , 1 , 1 , 0 , 1 , 0 , 1 , 1 , 1 , 0 , 0 , 1 , 0 , 0 , 0 , 
RegressionTest0::test0482 , 0 , 0 , 0 , 0 , 0 , 0 , 0 , 0 , 0 , 0 , 0 , 0 , 0 , 0 , 0 , 0 , 0 , 0 , 0 , 
RegressionTest0::test0486 , 0 , 0 , 0 , 0 , 0 , 0 , 0 , 0 , 0 , 0 , 0 , 0 , 0 , 0 , 0 , 0 , 1 , 0 , 1 , 
RegressionTest0::test0487 , 0 , 0 , 1 , 1 , 0 , 1 , 1 , 0 , 1 , 0 , 1 , 1 , 1 , 0 , 0 , 1 , 0 , 0 , 0 , 
RegressionTest0::test0489 , 0 , 0 , 1 , 1 , 0 , 1 , 1 , 1 , 0 , 0 , 1 , 1 , 1 , 0 , 0 , 0 , 0 , 0 , 0 , 
RegressionTest0::test0490 , 0 , 0 , 1 , 1 , 0 , 1 , 1 , 0 , 1 , 0 , 1 , 1 , 1 , 0 , 0 , 1 , 0 , 0 , 0 , 
RegressionTest0::test0492 , 1 , 0 , 0 , 0 , 0 , 0 , 0 , 0 , 0 , 0 , 0 , 0 , 0 , 0 , 0 , 0 , 0 , 0 , 0 , 
RegressionTest0::test0493 , 0 , 0 , 1 , 1 , 0 , 1 , 1 , 0 , 1 , 0 , 1 , 1 , 1 , 0 , 0 , 1 , 0 , 0 , 0 , 
RegressionTest0::test0494 , 0 , 0 , 1 , 1 , 0 , 1 , 1 , 0 , 1 , 0 , 1 , 1 , 1 , 0 , 0 , 1 , 0 , 0 , 0 , 
RegressionTest0::test0496 , 0 , 0 , 1 , 1 , 0 , 1 , 1 , 1 , 0 , 0 , 1 , 1 , 1 , 0 , 0 , 0 , 0 , 0 , 0 , 
RegressionTest0::test0497 , 0 , 0 , 1 , 1 , 0 , 1 , 1 , 0 , 1 , 0 , 1 , 1 , 1 , 0 , 0 , 1 , 0 , 0 , 0 , 
RegressionTest0::test0499 , 0 , 0 , 1 , 1 , 0 , 1 , 1 , 0 , 1 , 0 , 1 , 1 , 1 , 0 , 0 , 1 , 0 , 0 , 0 , 
RegressionTest0::test0500 , 0 , 0 , 1 , 1 , 0 , 1 , 1 , 0 , 1 , 0 , 1 , 1 , 1 , 0 , 0 , 1 , 0 , 0 , 0 , 
RegressionTest1::test0506 , 0 , 0 , 1 , 1 , 0 , 1 , 1 , 0 , 1 , 0 , 1 , 1 , 1 , 0 , 0 , 1 , 0 , 0 , 0 , 
RegressionTest1::test0510 , 0 , 0 , 1 , 1 , 0 , 1 , 1 , 0 , 1 , 0 , 1 , 1 , 1 , 0 , 0 , 1 , 0 , 0 , 0 , 
RegressionTest1::test0515 , 0 , 0 , 0 , 0 , 0 , 0 , 0 , 0 , 0 , 0 , 0 , 0 , 0 , 0 , 0 , 0 , 1 , 0 , 1 , 
RegressionTest1::test0516 , 0 , 0 , 1 , 1 , 0 , 1 , 1 , 0 , 1 , 0 , 1 , 1 , 1 , 0 , 0 , 1 , 0 , 0 , 0 , 
RegressionTest1::test0519 , 0 , 0 , 1 , 1 , 0 , 1 , 1 , 1 , 0 , 0 , 1 , 1 , 1 , 0 , 0 , 0 , 0 , 0 , 0 , 
RegressionTest1::test0521 , 0 , 0 , 1 , 1 , 0 , 1 , 1 , 0 , 1 , 0 , 1 , 1 , 1 , 0 , 0 , 1 , 0 , 0 , 0 , 
RegressionTest1::test0522 , 0 , 0 , 0 , 0 , 0 , 0 , 0 , 0 , 0 , 0 , 0 , 0 , 0 , 0 , 0 , 0 , 0 , 0 , 0 , 
RegressionTest1::test0523 , 0 , 0 , 1 , 1 , 0 , 1 , 1 , 1 , 0 , 0 , 1 , 1 , 1 , 0 , 0 , 0 , 0 , 0 , 0 , 
RegressionTest1::test0526 , 0 , 0 , 1 , 1 , 0 , 1 , 1 , 0 , 1 , 0 , 1 , 1 , 1 , 0 , 0 , 1 , 0 , 0 , 0 , 
RegressionTest1::test0527 , 0 , 0 , 1 , 1 , 0 , 1 , 1 , 1 , 0 , 0 , 1 , 1 , 1 , 0 , 0 , 0 , 0 , 0 , 0 , 
RegressionTest1::test0529 , 0 , 0 , 1 , 1 , 0 , 1 , 1 , 0 , 1 , 0 , 1 , 1 , 1 , 0 , 0 , 1 , 0 , 0 , 0 , 
RegressionTest1::test0532 , 0 , 0 , 1 , 1 , 0 , 1 , 1 , 0 , 1 , 0 , 1 , 1 , 1 , 0 , 0 , 1 , 0 , 0 , 0 , 
RegressionTest1::test0536 , 0 , 0 , 0 , 0 , 0 , 0 , 0 , 0 , 0 , 0 , 0 , 0 , 0 , 0 , 0 , 0 , 1 , 0 , 1 , 
RegressionTest1::test0537 , 0 , 0 , 0 , 0 , 0 , 0 , 0 , 0 , 0 , 0 , 1 , 0 , 0 , 0 , 0 , 0 , 1 , 0 , 1 , 
RegressionTest1::test0538 , 0 , 0 , 1 , 1 , 0 , 1 , 1 , 0 , 1 , 0 , 1 , 1 , 1 , 0 , 0 , 1 , 0 , 0 , 0 , 
RegressionTest1::test0541 , 1 , 0 , 1 , 1 , 0 , 1 , 1 , 1 , 1 , 0 , 1 , 1 , 1 , 0 , 0 , 1 , 0 , 0 , 0 , 
RegressionTest1::test0543 , 0 , 0 , 1 , 1 , 0 , 1 , 1 , 0 , 1 , 0 , 1 , 1 , 1 , 0 , 0 , 1 , 0 , 0 , 0 , 
RegressionTest1::test0546 , 0 , 0 , 0 , 0 , 0 , 0 , 0 , 0 , 0 , 0 , 0 , 0 , 0 , 0 , 0 , 0 , 1 , 0 , 1 , 
RegressionTest1::test0547 , 0 , 0 , 1 , 1 , 0 , 1 , 1 , 1 , 0 , 0 , 1 , 1 , 1 , 0 , 0 , 0 , 0 , 0 , 0 , 
RegressionTest1::test0549 , 0 , 0 , 1 , 1 , 0 , 1 , 1 , 0 , 1 , 0 , 1 , 1 , 1 , 0 , 0 , 1 , 0 , 0 , 0 , 
RegressionTest1::test0550 , 0 , 0 , 0 , 0 , 0 , 0 , 0 , 0 , 0 , 0 , 1 , 0 , 0 , 0 , 0 , 0 , 0 , 0 , 0 , 
RegressionTest1::test0553 , 0 , 0 , 1 , 1 , 0 , 1 , 1 , 0 , 1 , 0 , 1 , 1 , 1 , 0 , 0 , 1 , 0 , 0 , 0 , 
RegressionTest1::test0557 , 0 , 0 , 0 , 0 , 0 , 0 , 0 , 0 , 0 , 0 , 0 , 0 , 0 , 0 , 0 , 0 , 1 , 0 , 1 , 
RegressionTest1::test0561 , 0 , 0 , 1 , 1 , 0 , 1 , 1 , 0 , 1 , 0 , 1 , 1 , 1 , 0 , 0 , 1 , 0 , 0 , 0 , 
RegressionTest1::test0562 , 0 , 0 , 1 , 1 , 0 , 1 , 1 , 0 , 1 , 0 , 1 , 1 , 1 , 0 , 0 , 1 , 0 , 0 , 0 , 
RegressionTest1::test0563 , 0 , 0 , 1 , 1 , 0 , 1 , 1 , 0 , 1 , 0 , 1 , 1 , 1 , 0 , 0 , 1 , 0 , 0 , 0 , 
RegressionTest1::test0564 , 0 , 0 , 1 , 1 , 0 , 1 , 1 , 0 , 1 , 0 , 1 , 1 , 1 , 0 , 0 , 1 , 0 , 0 , 0 , 
RegressionTest1::test0565 , 0 , 0 , 1 , 1 , 0 , 1 , 1 , 0 , 1 , 0 , 1 , 1 , 1 , 0 , 0 , 1 , 0 , 0 , 0 , 
RegressionTest1::test0566 , 0 , 0 , 0 , 0 , 0 , 0 , 0 , 0 , 0 , 0 , 1 , 0 , 0 , 0 , 0 , 0 , 0 , 0 , 0 , 
RegressionTest1::test0567 , 0 , 0 , 1 , 1 , 0 , 1 , 1 , 0 , 1 , 0 , 1 , 1 , 1 , 0 , 0 , 1 , 0 , 0 , 0 , 
RegressionTest1::test0569 , 0 , 0 , 1 , 1 , 0 , 1 , 1 , 0 , 1 , 0 , 1 , 1 , 1 , 0 , 0 , 1 , 0 , 0 , 0 , 
RegressionTest1::test0570 , 0 , 0 , 0 , 0 , 0 , 0 , 0 , 0 , 0 , 0 , 0 , 0 , 0 , 0 , 0 , 0 , 1 , 0 , 1 , 
RegressionTest1::test0572 , 0 , 0 , 1 , 1 , 0 , 1 , 1 , 1 , 0 , 0 , 1 , 1 , 1 , 0 , 0 , 0 , 0 , 0 , 0 , 
RegressionTest1::test0580 , 0 , 0 , 0 , 0 , 0 , 0 , 0 , 0 , 0 , 0 , 1 , 0 , 0 , 0 , 0 , 0 , 0 , 0 , 0 , 
RegressionTest1::test0582 , 0 , 0 , 0 , 0 , 0 , 0 , 0 , 0 , 0 , 0 , 1 , 0 , 0 , 0 , 0 , 0 , 1 , 0 , 1 , 
RegressionTest1::test0586 , 0 , 0 , 0 , 0 , 0 , 0 , 0 , 0 , 0 , 0 , 0 , 0 , 0 , 0 , 0 , 0 , 1 , 0 , 1 , 
RegressionTest1::test0588 , 0 , 0 , 1 , 1 , 0 , 1 , 1 , 0 , 1 , 0 , 1 , 1 , 1 , 0 , 0 , 1 , 0 , 0 , 0 , 
RegressionTest1::test0592 , 0 , 0 , 0 , 0 , 0 , 0 , 0 , 0 , 0 , 0 , 1 , 0 , 0 , 0 , 0 , 0 , 0 , 0 , 0 , 
RegressionTest1::test0593 , 0 , 0 , 1 , 1 , 0 , 1 , 1 , 0 , 1 , 0 , 1 , 1 , 1 , 0 , 0 , 1 , 0 , 0 , 0 , 
RegressionTest1::test0594 , 0 , 0 , 1 , 1 , 0 , 1 , 1 , 0 , 1 , 0 , 1 , 1 , 1 , 0 , 0 , 1 , 0 , 0 , 0 , 
RegressionTest1::test0597 , 0 , 0 , 1 , 1 , 0 , 1 , 1 , 0 , 1 , 0 , 1 , 1 , 1 , 0 , 0 , 1 , 0 , 0 , 0 , 
RegressionTest1::test0598 , 0 , 0 , 1 , 1 , 0 , 1 , 1 , 0 , 1 , 0 , 1 , 1 , 1 , 0 , 0 , 1 , 0 , 0 , 0 , 
RegressionTest1::test0599 , 0 , 0 , 0 , 0 , 0 , 0 , 0 , 0 , 0 , 0 , 0 , 0 , 0 , 0 , 0 , 0 , 1 , 0 , 1 , 
RegressionTest1::test0600 , 0 , 0 , 1 , 1 , 0 , 1 , 1 , 0 , 1 , 0 , 1 , 1 , 1 , 0 , 0 , 1 , 0 , 0 , 0 , 
RegressionTest1::test0602 , 0 , 0 , 1 , 1 , 0 , 1 , 1 , 0 , 1 , 0 , 1 , 1 , 1 , 0 , 0 , 1 , 0 , 0 , 0 , 
RegressionTest1::test0605 , 0 , 0 , 1 , 1 , 0 , 1 , 1 , 0 , 1 , 0 , 1 , 1 , 1 , 0 , 0 , 1 , 0 , 0 , 0 , 
RegressionTest1::test0606 , 0 , 0 , 1 , 1 , 0 , 1 , 1 , 0 , 1 , 0 , 1 , 1 , 1 , 0 , 0 , 1 , 0 , 0 , 0 , 
RegressionTest1::test0607 , 0 , 0 , 1 , 1 , 0 , 1 , 1 , 0 , 1 , 0 , 1 , 1 , 1 , 0 , 0 , 1 , 0 , 0 , 0 , 
RegressionTest1::test0608 , 0 , 0 , 0 , 0 , 0 , 0 , 0 , 0 , 0 , 0 , 0 , 0 , 0 , 0 , 0 , 0 , 1 , 0 , 1 , 
RegressionTest1::test0609 , 0 , 0 , 0 , 0 , 0 , 0 , 0 , 0 , 0 , 0 , 0 , 0 , 0 , 0 , 0 , 0 , 0 , 0 , 0 , 
RegressionTest1::test0610 , 0 , 0 , 1 , 1 , 0 , 1 , 1 , 0 , 1 , 0 , 1 , 1 , 1 , 0 , 0 , 1 , 0 , 0 , 0 , 
RegressionTest1::test0616 , 0 , 0 , 0 , 0 , 0 , 0 , 0 , 0 , 0 , 0 , 0 , 0 , 0 , 0 , 0 , 0 , 1 , 0 , 1 , 
RegressionTest1::test0617 , 0 , 0 , 1 , 1 , 0 , 1 , 1 , 0 , 1 , 0 , 1 , 1 , 1 , 0 , 0 , 1 , 0 , 0 , 0 , 
RegressionTest1::test0622 , 0 , 0 , 1 , 1 , 0 , 1 , 1 , 0 , 1 , 0 , 1 , 1 , 1 , 0 , 0 , 1 , 0 , 0 , 0 , 
RegressionTest1::test0623 , 0 , 0 , 1 , 1 , 0 , 1 , 1 , 0 , 1 , 0 , 1 , 1 , 1 , 0 , 0 , 1 , 0 , 0 , 0 , 
RegressionTest1::test0626 , 0 , 0 , 1 , 1 , 0 , 1 , 1 , 0 , 1 , 0 , 1 , 1 , 1 , 0 , 0 , 1 , 0 , 0 , 0 , 
RegressionTest1::test0627 , 0 , 0 , 0 , 0 , 0 , 0 , 0 , 0 , 0 , 0 , 0 , 0 , 0 , 0 , 0 , 0 , 1 , 0 , 1 , 
RegressionTest1::test0634 , 0 , 0 , 1 , 1 , 0 , 1 , 1 , 0 , 1 , 0 , 1 , 1 , 1 , 0 , 0 , 1 , 0 , 0 , 0 , 
RegressionTest1::test0635 , 0 , 0 , 1 , 1 , 0 , 1 , 1 , 0 , 1 , 0 , 1 , 1 , 1 , 0 , 0 , 1 , 0 , 0 , 0 , 
RegressionTest1::test0636 , 0 , 0 , 0 , 0 , 0 , 0 , 0 , 0 , 0 , 0 , 0 , 0 , 0 , 0 , 0 , 0 , 1 , 0 , 1 , 
RegressionTest1::test0639 , 0 , 0 , 1 , 1 , 0 , 1 , 1 , 0 , 1 , 0 , 1 , 1 , 1 , 0 , 0 , 1 , 0 , 0 , 0 , 
RegressionTest1::test0642 , 0 , 0 , 1 , 1 , 0 , 1 , 1 , 0 , 1 , 0 , 1 , 1 , 1 , 0 , 0 , 1 , 0 , 0 , 0 , 
RegressionTest1::test0646 , 0 , 0 , 0 , 0 , 0 , 0 , 0 , 0 , 0 , 0 , 1 , 0 , 0 , 0 , 0 , 0 , 0 , 0 , 0 , 
RegressionTest1::test0650 , 0 , 0 , 1 , 1 , 0 , 1 , 1 , 0 , 1 , 0 , 1 , 1 , 1 , 0 , 0 , 1 , 0 , 0 , 0 , 
RegressionTest1::test0651 , 0 , 0 , 1 , 1 , 0 , 1 , 1 , 1 , 0 , 0 , 1 , 1 , 1 , 0 , 0 , 0 , 0 , 0 , 0 , 
RegressionTest1::test0652 , 0 , 0 , 1 , 1 , 0 , 1 , 1 , 1 , 0 , 0 , 1 , 1 , 1 , 0 , 0 , 0 , 0 , 0 , 0 , 
RegressionTest1::test0653 , 0 , 0 , 1 , 1 , 0 , 1 , 1 , 1 , 0 , 0 , 1 , 1 , 1 , 0 , 0 , 0 , 0 , 0 , 0 , 
RegressionTest1::test0654 , 0 , 0 , 1 , 1 , 0 , 1 , 1 , 0 , 1 , 0 , 1 , 1 , 1 , 0 , 0 , 1 , 0 , 0 , 0 , 
RegressionTest1::test0656 , 0 , 0 , 1 , 1 , 0 , 1 , 1 , 1 , 0 , 0 , 1 , 1 , 1 , 0 , 0 , 0 , 0 , 0 , 0 , 
RegressionTest1::test0657 , 0 , 0 , 1 , 1 , 0 , 1 , 1 , 0 , 1 , 0 , 1 , 1 , 1 , 0 , 0 , 1 , 0 , 0 , 0 , 
RegressionTest1::test0660 , 0 , 0 , 1 , 1 , 0 , 1 , 1 , 0 , 1 , 0 , 1 , 1 , 1 , 0 , 0 , 1 , 0 , 0 , 0 , 
RegressionTest1::test0662 , 0 , 0 , 1 , 1 , 0 , 1 , 1 , 0 , 1 , 0 , 1 , 1 , 1 , 0 , 0 , 1 , 0 , 0 , 0 , 
RegressionTest1::test0665 , 0 , 0 , 0 , 0 , 0 , 0 , 0 , 0 , 0 , 0 , 0 , 0 , 0 , 0 , 0 , 0 , 1 , 0 , 1 , 
RegressionTest1::test0666 , 0 , 0 , 0 , 0 , 0 , 0 , 0 , 0 , 0 , 0 , 0 , 0 , 0 , 0 , 0 , 0 , 0 , 0 , 0 , 
RegressionTest1::test0667 , 0 , 0 , 1 , 1 , 0 , 1 , 1 , 1 , 0 , 0 , 1 , 1 , 1 , 0 , 0 , 0 , 0 , 0 , 0 , 
RegressionTest1::test0668 , 0 , 0 , 0 , 0 , 0 , 0 , 0 , 0 , 0 , 0 , 0 , 0 , 0 , 0 , 0 , 0 , 1 , 0 , 1 , 
RegressionTest1::test0670 , 0 , 0 , 1 , 1 , 0 , 1 , 1 , 0 , 1 , 0 , 1 , 1 , 1 , 0 , 0 , 1 , 0 , 0 , 0 , 
RegressionTest1::test0672 , 0 , 0 , 0 , 0 , 0 , 0 , 0 , 0 , 0 , 0 , 0 , 0 , 0 , 0 , 0 , 0 , 1 , 0 , 1 , 
RegressionTest1::test0675 , 1 , 0 , 0 , 0 , 0 , 0 , 0 , 0 , 0 , 0 , 0 , 0 , 0 , 0 , 0 , 0 , 0 , 0 , 0 , 
RegressionTest1::test0676 , 0 , 0 , 1 , 1 , 0 , 1 , 1 , 0 , 1 , 0 , 1 , 1 , 1 , 0 , 0 , 1 , 0 , 0 , 0 , 
RegressionTest1::test0683 , 0 , 0 , 1 , 1 , 0 , 1 , 1 , 0 , 1 , 0 , 1 , 1 , 1 , 0 , 0 , 1 , 0 , 0 , 0 , 
RegressionTest1::test0689 , 0 , 0 , 0 , 0 , 0 , 0 , 0 , 0 , 0 , 0 , 1 , 0 , 0 , 0 , 0 , 0 , 1 , 0 , 1 , 
RegressionTest1::test0692 , 1 , 0 , 0 , 0 , 0 , 0 , 0 , 0 , 0 , 0 , 0 , 0 , 0 , 0 , 0 , 0 , 0 , 0 , 0 , 
RegressionTest1::test0694 , 0 , 0 , 1 , 1 , 0 , 1 , 1 , 1 , 0 , 0 , 1 , 1 , 1 , 0 , 0 , 0 , 0 , 0 , 0 , 
RegressionTest1::test0695 , 0 , 0 , 1 , 1 , 0 , 1 , 1 , 0 , 1 , 0 , 1 , 1 , 1 , 0 , 0 , 1 , 0 , 0 , 0 , 
RegressionTest1::test0696 , 0 , 0 , 1 , 1 , 0 , 0 , 0 , 0 , 0 , 0 , 1 , 1 , 1 , 0 , 0 , 0 , 1 , 0 , 1 , 
RegressionTest1::test0697 , 0 , 0 , 1 , 1 , 0 , 1 , 1 , 0 , 1 , 0 , 1 , 1 , 1 , 0 , 0 , 1 , 0 , 0 , 0 , 
RegressionTest1::test0698 , 0 , 0 , 1 , 1 , 0 , 1 , 1 , 0 , 1 , 0 , 1 , 1 , 1 , 0 , 0 , 1 , 0 , 0 , 0 , 
RegressionTest1::test0699 , 0 , 0 , 1 , 1 , 0 , 1 , 1 , 0 , 1 , 0 , 1 , 1 , 1 , 0 , 0 , 1 , 0 , 0 , 0 , 
RegressionTest1::test0700 , 0 , 0 , 0 , 0 , 0 , 0 , 0 , 0 , 0 , 0 , 0 , 0 , 0 , 0 , 0 , 0 , 1 , 0 , 1 , 
RegressionTest1::test0701 , 0 , 0 , 1 , 1 , 0 , 1 , 1 , 0 , 1 , 0 , 1 , 1 , 1 , 0 , 0 , 1 , 0 , 0 , 0 , 
RegressionTest1::test0702 , 0 , 0 , 1 , 1 , 0 , 1 , 1 , 0 , 1 , 0 , 1 , 1 , 1 , 0 , 0 , 1 , 0 , 0 , 0 , 
RegressionTest1::test0703 , 0 , 0 , 1 , 1 , 0 , 1 , 1 , 0 , 1 , 0 , 1 , 1 , 1 , 0 , 0 , 1 , 0 , 0 , 0 , 
RegressionTest1::test0704 , 1 , 0 , 0 , 0 , 0 , 0 , 0 , 0 , 0 , 0 , 0 , 0 , 0 , 0 , 0 , 0 , 0 , 0 , 0 , 
RegressionTest1::test0705 , 0 , 0 , 1 , 1 , 0 , 1 , 1 , 0 , 1 , 0 , 1 , 1 , 1 , 0 , 0 , 1 , 0 , 0 , 0 , 
RegressionTest1::test0707 , 0 , 0 , 1 , 1 , 0 , 1 , 1 , 0 , 1 , 0 , 1 , 1 , 1 , 0 , 0 , 1 , 0 , 0 , 0 , 
RegressionTest1::test0708 , 0 , 0 , 1 , 1 , 0 , 0 , 0 , 0 , 0 , 0 , 1 , 1 , 1 , 0 , 0 , 0 , 0 , 0 , 0 , 
RegressionTest1::test0709 , 0 , 0 , 0 , 0 , 0 , 0 , 0 , 0 , 0 , 0 , 0 , 0 , 0 , 0 , 0 , 0 , 1 , 0 , 1 , 
RegressionTest1::test0710 , 0 , 0 , 1 , 1 , 0 , 0 , 0 , 0 , 0 , 0 , 1 , 1 , 1 , 0 , 0 , 0 , 1 , 0 , 1 , 
RegressionTest1::test0711 , 0 , 0 , 1 , 1 , 0 , 1 , 1 , 1 , 0 , 0 , 1 , 1 , 1 , 0 , 0 , 0 , 0 , 0 , 0 , 
RegressionTest1::test0712 , 0 , 0 , 1 , 1 , 0 , 1 , 1 , 0 , 1 , 0 , 1 , 1 , 1 , 0 , 0 , 1 , 0 , 0 , 0 , 
RegressionTest1::test0713 , 0 , 0 , 1 , 1 , 0 , 1 , 1 , 0 , 1 , 0 , 1 , 1 , 1 , 0 , 0 , 1 , 0 , 0 , 0 , 
RegressionTest1::test0714 , 0 , 0 , 1 , 1 , 0 , 1 , 1 , 0 , 1 , 0 , 1 , 1 , 1 , 0 , 0 , 1 , 0 , 0 , 0 , 
RegressionTest1::test0715 , 0 , 0 , 1 , 1 , 0 , 1 , 1 , 0 , 1 , 0 , 1 , 1 , 1 , 0 , 0 , 1 , 0 , 0 , 0 , 
RegressionTest1::test0717 , 0 , 0 , 1 , 1 , 0 , 1 , 1 , 0 , 1 , 0 , 1 , 1 , 1 , 0 , 0 , 1 , 0 , 0 , 0 , 
RegressionTest1::test0718 , 0 , 0 , 1 , 1 , 0 , 1 , 1 , 0 , 1 , 0 , 1 , 1 , 1 , 0 , 0 , 1 , 0 , 0 , 0 , 
RegressionTest1::test0719 , 0 , 0 , 0 , 0 , 0 , 0 , 0 , 0 , 0 , 0 , 1 , 0 , 0 , 0 , 0 , 0 , 1 , 0 , 1 , 
RegressionTest1::test0720 , 0 , 0 , 1 , 1 , 0 , 1 , 1 , 0 , 1 , 0 , 1 , 1 , 1 , 0 , 0 , 1 , 0 , 0 , 0 , 
RegressionTest1::test0721 , 0 , 0 , 1 , 1 , 0 , 1 , 1 , 0 , 1 , 0 , 1 , 1 , 1 , 0 , 0 , 1 , 0 , 0 , 0 , 
RegressionTest1::test0722 , 0 , 0 , 1 , 1 , 0 , 1 , 1 , 0 , 1 , 0 , 1 , 1 , 1 , 0 , 0 , 1 , 0 , 0 , 0 , 
RegressionTest1::test0723 , 0 , 0 , 1 , 1 , 0 , 1 , 1 , 0 , 1 , 0 , 1 , 1 , 1 , 0 , 0 , 1 , 0 , 0 , 0 , 
RegressionTest1::test0724 , 0 , 0 , 1 , 1 , 0 , 1 , 1 , 0 , 1 , 0 , 1 , 1 , 1 , 0 , 0 , 1 , 0 , 0 , 0 , 
RegressionTest1::test0726 , 0 , 0 , 1 , 1 , 0 , 1 , 1 , 1 , 0 , 0 , 1 , 1 , 1 , 0 , 0 , 0 , 0 , 0 , 0 , 
RegressionTest1::test0728 , 0 , 0 , 1 , 1 , 0 , 1 , 1 , 1 , 0 , 0 , 1 , 1 , 1 , 0 , 0 , 0 , 0 , 0 , 0 , 
RegressionTest1::test0729 , 0 , 0 , 0 , 0 , 0 , 0 , 0 , 0 , 0 , 0 , 0 , 0 , 0 , 0 , 0 , 0 , 1 , 0 , 1 , 
RegressionTest1::test0730 , 0 , 0 , 1 , 1 , 0 , 0 , 0 , 0 , 0 , 0 , 1 , 1 , 1 , 0 , 0 , 0 , 1 , 0 , 1 , 
RegressionTest1::test0731 , 0 , 0 , 1 , 1 , 0 , 1 , 1 , 0 , 1 , 0 , 1 , 1 , 1 , 0 , 0 , 1 , 0 , 0 , 0 , 
RegressionTest1::test0732 , 0 , 0 , 1 , 1 , 0 , 1 , 1 , 0 , 1 , 0 , 1 , 1 , 1 , 0 , 0 , 1 , 0 , 0 , 0 , 
RegressionTest1::test0733 , 0 , 0 , 1 , 1 , 0 , 0 , 0 , 0 , 0 , 0 , 1 , 1 , 1 , 0 , 0 , 0 , 0 , 0 , 0 , 
RegressionTest1::test0734 , 0 , 0 , 1 , 1 , 0 , 1 , 1 , 0 , 1 , 0 , 1 , 1 , 1 , 0 , 0 , 1 , 0 , 0 , 0 , 
RegressionTest1::test0735 , 0 , 0 , 1 , 1 , 0 , 1 , 1 , 0 , 1 , 0 , 1 , 1 , 1 , 0 , 0 , 1 , 0 , 0 , 0 , 
RegressionTest1::test0736 , 0 , 0 , 0 , 0 , 0 , 0 , 0 , 0 , 0 , 0 , 0 , 0 , 0 , 0 , 0 , 0 , 1 , 0 , 1 , 
RegressionTest1::test0737 , 0 , 0 , 1 , 1 , 0 , 1 , 1 , 0 , 1 , 0 , 1 , 1 , 1 , 0 , 0 , 1 , 0 , 0 , 0 , 
RegressionTest1::test0738 , 0 , 0 , 0 , 0 , 0 , 0 , 0 , 0 , 0 , 0 , 0 , 0 , 0 , 0 , 0 , 0 , 1 , 0 , 1 , 
RegressionTest1::test0739 , 0 , 0 , 1 , 1 , 0 , 1 , 1 , 0 , 1 , 0 , 1 , 1 , 1 , 0 , 0 , 1 , 0 , 0 , 0 , 
RegressionTest1::test0741 , 0 , 0 , 1 , 1 , 0 , 1 , 1 , 0 , 1 , 0 , 1 , 1 , 1 , 0 , 0 , 1 , 0 , 0 , 0 , 
RegressionTest1::test0742 , 0 , 0 , 1 , 1 , 0 , 1 , 1 , 1 , 0 , 0 , 1 , 1 , 1 , 0 , 0 , 0 , 0 , 0 , 0 , 
RegressionTest1::test0743 , 0 , 0 , 1 , 1 , 0 , 1 , 1 , 1 , 0 , 0 , 1 , 1 , 1 , 0 , 0 , 0 , 0 , 0 , 0 , 
RegressionTest1::test0744 , 0 , 0 , 1 , 1 , 0 , 1 , 1 , 1 , 0 , 0 , 1 , 1 , 1 , 0 , 0 , 0 , 0 , 0 , 0 , 
RegressionTest1::test0745 , 0 , 0 , 1 , 1 , 0 , 1 , 1 , 0 , 1 , 0 , 1 , 1 , 1 , 0 , 0 , 1 , 0 , 0 , 0 , 
RegressionTest1::test0746 , 0 , 0 , 1 , 1 , 0 , 1 , 1 , 0 , 1 , 0 , 1 , 1 , 1 , 0 , 0 , 1 , 0 , 0 , 0 , 
RegressionTest1::test0749 , 0 , 0 , 1 , 1 , 0 , 0 , 0 , 0 , 0 , 0 , 1 , 1 , 1 , 0 , 0 , 0 , 1 , 0 , 1 , 
RegressionTest1::test0751 , 0 , 0 , 1 , 1 , 0 , 1 , 1 , 0 , 1 , 0 , 1 , 1 , 1 , 0 , 0 , 1 , 0 , 0 , 0 , 
RegressionTest1::test0752 , 0 , 0 , 1 , 1 , 0 , 1 , 1 , 0 , 1 , 0 , 1 , 1 , 1 , 0 , 0 , 1 , 0 , 0 , 0 , 
RegressionTest1::test0753 , 0 , 0 , 1 , 1 , 0 , 1 , 1 , 0 , 1 , 0 , 1 , 1 , 1 , 0 , 0 , 1 , 0 , 0 , 0 , 
RegressionTest1::test0754 , 1 , 0 , 0 , 0 , 0 , 0 , 0 , 0 , 0 , 0 , 0 , 0 , 0 , 0 , 0 , 0 , 0 , 0 , 0 , 
RegressionTest1::test0756 , 0 , 0 , 1 , 1 , 0 , 1 , 1 , 0 , 1 , 0 , 1 , 1 , 1 , 0 , 0 , 1 , 0 , 0 , 0 , 
RegressionTest1::test0758 , 0 , 0 , 1 , 1 , 0 , 1 , 1 , 0 , 1 , 0 , 1 , 1 , 1 , 0 , 0 , 1 , 0 , 0 , 0 , 
RegressionTest1::test0759 , 0 , 0 , 1 , 1 , 0 , 1 , 1 , 0 , 1 , 0 , 1 , 1 , 1 , 0 , 0 , 1 , 0 , 0 , 0 , 
RegressionTest1::test0760 , 0 , 0 , 0 , 0 , 0 , 0 , 0 , 0 , 0 , 0 , 0 , 0 , 0 , 0 , 0 , 0 , 1 , 0 , 1 , 
RegressionTest1::test0761 , 0 , 0 , 1 , 1 , 0 , 1 , 1 , 1 , 0 , 0 , 1 , 1 , 1 , 0 , 0 , 0 , 0 , 0 , 0 , 
RegressionTest1::test0762 , 0 , 0 , 1 , 1 , 0 , 1 , 1 , 0 , 1 , 0 , 1 , 1 , 1 , 0 , 0 , 1 , 0 , 0 , 0 , 
RegressionTest1::test0763 , 0 , 0 , 0 , 0 , 0 , 0 , 0 , 0 , 0 , 0 , 0 , 0 , 0 , 0 , 0 , 0 , 1 , 0 , 1 , 
RegressionTest1::test0765 , 0 , 0 , 1 , 1 , 0 , 1 , 1 , 0 , 1 , 0 , 1 , 1 , 1 , 0 , 0 , 1 , 0 , 0 , 0 , 
RegressionTest1::test0766 , 0 , 0 , 0 , 0 , 0 , 0 , 0 , 0 , 0 , 0 , 0 , 0 , 0 , 0 , 0 , 0 , 1 , 0 , 1 , 
RegressionTest1::test0767 , 0 , 0 , 0 , 0 , 0 , 0 , 0 , 0 , 0 , 0 , 0 , 0 , 0 , 0 , 0 , 0 , 1 , 0 , 1 , 
RegressionTest1::test0768 , 1 , 0 , 0 , 0 , 0 , 0 , 0 , 0 , 0 , 0 , 0 , 0 , 0 , 0 , 0 , 0 , 0 , 0 , 0 , 
RegressionTest1::test0769 , 0 , 0 , 0 , 0 , 0 , 0 , 0 , 0 , 0 , 0 , 0 , 0 , 0 , 0 , 0 , 0 , 1 , 0 , 1 , 
RegressionTest1::test0770 , 0 , 0 , 1 , 1 , 0 , 1 , 1 , 0 , 1 , 0 , 1 , 1 , 1 , 0 , 0 , 1 , 0 , 0 , 0 , 
RegressionTest1::test0772 , 0 , 0 , 1 , 0 , 0 , 0 , 1 , 0 , 0 , 0 , 1 , 0 , 1 , 0 , 0 , 0 , 0 , 0 , 0 , 
RegressionTest1::test0773 , 0 , 0 , 1 , 1 , 0 , 1 , 1 , 0 , 1 , 0 , 1 , 1 , 1 , 0 , 0 , 1 , 0 , 0 , 0 , 
RegressionTest1::test0774 , 0 , 0 , 1 , 1 , 0 , 1 , 1 , 0 , 1 , 0 , 1 , 1 , 1 , 0 , 0 , 1 , 0 , 0 , 0 , 
RegressionTest1::test0775 , 0 , 0 , 0 , 0 , 0 , 0 , 0 , 0 , 0 , 0 , 0 , 0 , 0 , 0 , 0 , 0 , 1 , 0 , 1 , 
RegressionTest1::test0776 , 0 , 0 , 0 , 0 , 0 , 0 , 0 , 0 , 0 , 0 , 0 , 0 , 0 , 0 , 0 , 0 , 0 , 0 , 0 , 
RegressionTest1::test0779 , 0 , 0 , 1 , 1 , 0 , 1 , 1 , 0 , 1 , 0 , 1 , 1 , 1 , 0 , 0 , 1 , 0 , 0 , 0 , 
RegressionTest1::test0780 , 0 , 0 , 1 , 1 , 0 , 1 , 1 , 0 , 1 , 0 , 1 , 1 , 1 , 0 , 0 , 1 , 0 , 0 , 0 , 
RegressionTest1::test0781 , 0 , 0 , 0 , 0 , 0 , 0 , 0 , 0 , 0 , 0 , 0 , 0 , 0 , 0 , 0 , 0 , 1 , 0 , 1 , 
RegressionTest1::test0782 , 0 , 0 , 0 , 0 , 0 , 0 , 0 , 0 , 0 , 0 , 1 , 0 , 0 , 0 , 0 , 0 , 1 , 0 , 1 , 
RegressionTest1::test0783 , 0 , 0 , 1 , 1 , 0 , 1 , 1 , 0 , 1 , 0 , 1 , 1 , 1 , 0 , 0 , 1 , 0 , 0 , 0 , 
RegressionTest1::test0784 , 0 , 0 , 1 , 1 , 0 , 1 , 1 , 0 , 1 , 0 , 1 , 1 , 1 , 0 , 0 , 1 , 0 , 0 , 0 , 
RegressionTest1::test0785 , 0 , 0 , 0 , 0 , 0 , 0 , 0 , 0 , 0 , 0 , 0 , 0 , 0 , 0 , 0 , 0 , 1 , 0 , 1 , 
RegressionTest1::test0787 , 0 , 0 , 1 , 1 , 0 , 1 , 1 , 1 , 0 , 0 , 1 , 1 , 1 , 0 , 0 , 0 , 0 , 0 , 0 , 
RegressionTest1::test0788 , 0 , 0 , 0 , 0 , 0 , 0 , 0 , 0 , 0 , 0 , 1 , 0 , 0 , 0 , 0 , 0 , 0 , 0 , 0 , 
RegressionTest1::test0789 , 0 , 0 , 1 , 1 , 0 , 1 , 1 , 0 , 1 , 0 , 1 , 1 , 1 , 0 , 0 , 1 , 0 , 0 , 0 , 
RegressionTest1::test0792 , 0 , 0 , 1 , 1 , 0 , 1 , 1 , 0 , 1 , 0 , 1 , 1 , 1 , 0 , 0 , 1 , 0 , 0 , 0 , 
RegressionTest1::test0793 , 0 , 0 , 1 , 1 , 0 , 1 , 1 , 1 , 0 , 0 , 1 , 1 , 1 , 0 , 0 , 0 , 0 , 0 , 0 , 
RegressionTest1::test0795 , 0 , 0 , 1 , 1 , 0 , 1 , 1 , 1 , 0 , 0 , 1 , 1 , 1 , 0 , 0 , 0 , 0 , 0 , 0 , 
RegressionTest1::test0796 , 0 , 0 , 1 , 1 , 0 , 1 , 1 , 0 , 1 , 0 , 1 , 1 , 1 , 0 , 0 , 1 , 0 , 0 , 0 , 
RegressionTest1::test0797 , 0 , 0 , 1 , 1 , 0 , 1 , 1 , 1 , 0 , 0 , 1 , 1 , 1 , 0 , 0 , 0 , 0 , 0 , 0 , 
RegressionTest1::test0798 , 0 , 0 , 1 , 1 , 0 , 1 , 1 , 1 , 0 , 0 , 1 , 1 , 1 , 0 , 0 , 0 , 0 , 0 , 0 , 
RegressionTest1::test0799 , 0 , 0 , 1 , 1 , 0 , 1 , 1 , 0 , 1 , 0 , 1 , 1 , 1 , 0 , 0 , 1 , 0 , 0 , 0 , 
RegressionTest1::test0800 , 0 , 0 , 1 , 1 , 0 , 1 , 1 , 1 , 0 , 0 , 1 , 1 , 1 , 0 , 0 , 0 , 0 , 0 , 0 , 
RegressionTest1::test0801 , 0 , 0 , 1 , 1 , 0 , 1 , 1 , 0 , 1 , 0 , 1 , 1 , 1 , 0 , 0 , 1 , 0 , 0 , 0 , 
RegressionTest1::test0802 , 0 , 0 , 0 , 0 , 0 , 0 , 0 , 0 , 0 , 0 , 1 , 0 , 0 , 0 , 0 , 0 , 1 , 0 , 1 , 
RegressionTest1::test0803 , 1 , 0 , 0 , 0 , 0 , 0 , 0 , 0 , 0 , 0 , 0 , 0 , 0 , 0 , 0 , 0 , 0 , 0 , 0 , 
RegressionTest1::test0804 , 0 , 0 , 1 , 1 , 0 , 1 , 1 , 0 , 1 , 0 , 1 , 1 , 1 , 0 , 0 , 1 , 0 , 0 , 0 , 
RegressionTest1::test0805 , 1 , 0 , 0 , 0 , 0 , 0 , 0 , 0 , 0 , 0 , 0 , 0 , 0 , 0 , 0 , 0 , 0 , 0 , 0 , 
RegressionTest1::test0807 , 0 , 0 , 1 , 1 , 0 , 1 , 1 , 0 , 1 , 0 , 1 , 1 , 1 , 0 , 0 , 1 , 0 , 0 , 0 , 
RegressionTest1::test0808 , 0 , 0 , 1 , 1 , 0 , 1 , 1 , 0 , 1 , 0 , 1 , 1 , 1 , 0 , 0 , 1 , 0 , 0 , 0 , 
RegressionTest1::test0809 , 0 , 0 , 1 , 1 , 0 , 1 , 1 , 0 , 1 , 0 , 1 , 1 , 1 , 0 , 0 , 1 , 0 , 0 , 0 , 
RegressionTest1::test0810 , 0 , 0 , 0 , 0 , 0 , 0 , 0 , 0 , 0 , 0 , 0 , 0 , 0 , 0 , 0 , 0 , 1 , 0 , 1 , 
RegressionTest1::test0811 , 0 , 0 , 1 , 1 , 0 , 1 , 1 , 0 , 1 , 0 , 1 , 1 , 1 , 0 , 0 , 1 , 0 , 0 , 0 , 
RegressionTest1::test0812 , 0 , 0 , 1 , 1 , 0 , 1 , 1 , 0 , 1 , 0 , 1 , 1 , 1 , 0 , 0 , 1 , 0 , 0 , 0 , 
RegressionTest1::test0813 , 0 , 0 , 0 , 0 , 0 , 0 , 0 , 0 , 0 , 0 , 0 , 0 , 0 , 0 , 0 , 0 , 1 , 0 , 1 , 
RegressionTest1::test0814 , 0 , 0 , 0 , 0 , 0 , 0 , 0 , 0 , 0 , 0 , 0 , 0 , 0 , 0 , 0 , 0 , 1 , 0 , 1 , 
RegressionTest1::test0815 , 0 , 0 , 1 , 1 , 0 , 1 , 1 , 0 , 1 , 0 , 1 , 1 , 1 , 0 , 0 , 1 , 0 , 0 , 0 , 
RegressionTest1::test0816 , 1 , 0 , 0 , 0 , 0 , 0 , 0 , 0 , 0 , 0 , 0 , 0 , 0 , 0 , 0 , 0 , 0 , 0 , 0 , 
RegressionTest1::test0818 , 0 , 0 , 1 , 1 , 0 , 1 , 1 , 0 , 1 , 0 , 1 , 1 , 1 , 0 , 0 , 1 , 0 , 0 , 0 , 
RegressionTest1::test0819 , 0 , 0 , 1 , 1 , 0 , 1 , 1 , 0 , 1 , 0 , 1 , 1 , 1 , 0 , 0 , 1 , 0 , 0 , 0 , 
RegressionTest1::test0820 , 0 , 0 , 1 , 1 , 0 , 1 , 1 , 1 , 0 , 0 , 1 , 1 , 1 , 0 , 0 , 0 , 0 , 0 , 0 , 
RegressionTest1::test0821 , 0 , 0 , 1 , 1 , 0 , 1 , 1 , 0 , 1 , 0 , 1 , 1 , 1 , 0 , 0 , 1 , 0 , 0 , 0 , 
RegressionTest1::test0822 , 0 , 0 , 1 , 1 , 0 , 1 , 1 , 0 , 1 , 0 , 1 , 1 , 1 , 0 , 0 , 1 , 0 , 0 , 0 , 
RegressionTest1::test0823 , 0 , 0 , 1 , 1 , 0 , 1 , 1 , 0 , 1 , 0 , 1 , 1 , 1 , 0 , 0 , 1 , 0 , 0 , 0 , 
RegressionTest1::test0825 , 0 , 0 , 0 , 0 , 0 , 0 , 0 , 0 , 0 , 0 , 1 , 0 , 0 , 0 , 0 , 0 , 0 , 0 , 0 , 
RegressionTest1::test0826 , 0 , 0 , 0 , 0 , 0 , 0 , 0 , 0 , 0 , 0 , 1 , 0 , 0 , 0 , 0 , 0 , 0 , 0 , 0 , 
RegressionTest1::test0828 , 0 , 0 , 1 , 1 , 0 , 1 , 1 , 0 , 1 , 0 , 1 , 1 , 1 , 0 , 0 , 1 , 0 , 0 , 0 , 
RegressionTest1::test0829 , 0 , 0 , 1 , 1 , 0 , 1 , 1 , 1 , 0 , 0 , 1 , 1 , 1 , 0 , 0 , 0 , 0 , 0 , 0 , 
RegressionTest1::test0830 , 0 , 0 , 1 , 1 , 0 , 1 , 1 , 0 , 1 , 0 , 1 , 1 , 1 , 0 , 0 , 1 , 0 , 0 , 0 , 
RegressionTest1::test0831 , 0 , 0 , 1 , 1 , 0 , 1 , 1 , 0 , 1 , 0 , 1 , 1 , 1 , 0 , 0 , 1 , 0 , 0 , 0 , 
RegressionTest1::test0833 , 0 , 0 , 1 , 1 , 0 , 1 , 1 , 0 , 1 , 0 , 1 , 1 , 1 , 0 , 0 , 1 , 0 , 0 , 0 , 
RegressionTest1::test0834 , 0 , 0 , 1 , 1 , 0 , 1 , 1 , 0 , 1 , 0 , 1 , 1 , 1 , 0 , 0 , 1 , 0 , 0 , 0 , 
RegressionTest1::test0838 , 0 , 0 , 1 , 1 , 0 , 1 , 1 , 0 , 1 , 0 , 1 , 1 , 1 , 0 , 0 , 1 , 0 , 0 , 0 , 
RegressionTest1::test0839 , 0 , 0 , 1 , 1 , 0 , 1 , 1 , 0 , 1 , 0 , 1 , 1 , 1 , 0 , 0 , 1 , 0 , 0 , 0 , 
RegressionTest1::test0841 , 0 , 0 , 1 , 1 , 0 , 1 , 1 , 1 , 0 , 0 , 1 , 1 , 1 , 0 , 0 , 0 , 0 , 0 , 0 , 
RegressionTest1::test0842 , 0 , 0 , 1 , 0 , 1 , 0 , 0 , 0 , 0 , 0 , 0 , 0 , 0 , 0 , 0 , 0 , 1 , 0 , 1 , 
RegressionTest1::test0843 , 0 , 0 , 0 , 0 , 0 , 0 , 0 , 0 , 0 , 0 , 0 , 0 , 0 , 0 , 0 , 0 , 1 , 0 , 1 , 
RegressionTest1::test0844 , 0 , 0 , 1 , 1 , 0 , 1 , 1 , 0 , 1 , 0 , 1 , 1 , 1 , 0 , 0 , 1 , 0 , 0 , 0 , 
RegressionTest1::test0845 , 0 , 0 , 1 , 1 , 0 , 1 , 1 , 0 , 1 , 0 , 1 , 1 , 1 , 0 , 0 , 1 , 0 , 0 , 0 , 
RegressionTest1::test0847 , 0 , 0 , 0 , 0 , 0 , 0 , 0 , 0 , 0 , 0 , 1 , 0 , 0 , 0 , 0 , 0 , 0 , 0 , 0 , 
RegressionTest1::test0848 , 0 , 0 , 1 , 1 , 0 , 1 , 1 , 0 , 1 , 0 , 1 , 1 , 1 , 0 , 0 , 1 , 0 , 0 , 0 , 
RegressionTest1::test0849 , 0 , 0 , 1 , 1 , 0 , 1 , 1 , 0 , 1 , 0 , 1 , 1 , 1 , 0 , 0 , 1 , 1 , 0 , 1 , 
RegressionTest1::test0850 , 0 , 0 , 1 , 1 , 0 , 1 , 1 , 0 , 1 , 0 , 1 , 1 , 1 , 0 , 0 , 1 , 0 , 0 , 0 , 
RegressionTest1::test0852 , 0 , 0 , 1 , 1 , 0 , 1 , 1 , 0 , 1 , 0 , 1 , 1 , 1 , 0 , 0 , 1 , 0 , 0 , 0 , 
RegressionTest1::test0853 , 0 , 0 , 0 , 0 , 0 , 0 , 0 , 0 , 0 , 0 , 0 , 0 , 0 , 0 , 0 , 0 , 1 , 0 , 1 , 
RegressionTest1::test0854 , 0 , 0 , 1 , 1 , 0 , 1 , 1 , 0 , 1 , 0 , 1 , 1 , 1 , 0 , 0 , 1 , 0 , 0 , 0 , 
RegressionTest1::test0855 , 0 , 0 , 0 , 0 , 0 , 0 , 0 , 0 , 0 , 0 , 0 , 0 , 0 , 0 , 0 , 0 , 0 , 0 , 0 , 
RegressionTest1::test0856 , 0 , 0 , 1 , 1 , 0 , 1 , 1 , 0 , 1 , 0 , 1 , 1 , 1 , 0 , 0 , 1 , 0 , 0 , 0 , 
RegressionTest1::test0857 , 0 , 0 , 1 , 1 , 0 , 1 , 1 , 0 , 1 , 0 , 1 , 1 , 1 , 0 , 0 , 1 , 0 , 0 , 0 , 
RegressionTest1::test0859 , 0 , 0 , 1 , 1 , 0 , 1 , 1 , 0 , 1 , 0 , 1 , 1 , 1 , 0 , 0 , 1 , 0 , 0 , 0 , 
RegressionTest1::test0860 , 0 , 0 , 1 , 1 , 0 , 1 , 1 , 0 , 1 , 0 , 1 , 1 , 1 , 0 , 0 , 1 , 0 , 0 , 0 , 
RegressionTest1::test0861 , 0 , 0 , 1 , 1 , 0 , 1 , 1 , 0 , 1 , 0 , 1 , 1 , 1 , 0 , 0 , 1 , 0 , 0 , 0 , 
RegressionTest1::test0862 , 0 , 0 , 1 , 1 , 0 , 1 , 1 , 0 , 1 , 0 , 1 , 1 , 1 , 0 , 0 , 1 , 0 , 0 , 0 , 
RegressionTest1::test0863 , 0 , 0 , 1 , 1 , 0 , 1 , 1 , 0 , 1 , 0 , 1 , 1 , 1 , 0 , 0 , 1 , 0 , 0 , 0 , 
RegressionTest1::test0865 , 0 , 0 , 1 , 1 , 0 , 1 , 1 , 0 , 1 , 0 , 1 , 1 , 1 , 0 , 0 , 1 , 0 , 0 , 0 , 
RegressionTest1::test0866 , 0 , 0 , 1 , 1 , 0 , 1 , 1 , 1 , 0 , 0 , 1 , 1 , 1 , 0 , 0 , 0 , 0 , 0 , 0 , 
RegressionTest1::test0867 , 0 , 0 , 0 , 0 , 0 , 0 , 0 , 0 , 0 , 0 , 0 , 0 , 0 , 0 , 0 , 0 , 1 , 0 , 1 , 
RegressionTest1::test0869 , 0 , 0 , 0 , 0 , 0 , 0 , 0 , 0 , 0 , 0 , 0 , 0 , 0 , 0 , 0 , 0 , 1 , 0 , 1 , 
RegressionTest1::test0870 , 0 , 0 , 1 , 1 , 0 , 1 , 1 , 0 , 1 , 0 , 1 , 1 , 1 , 0 , 0 , 1 , 0 , 0 , 0 , 
RegressionTest1::test0871 , 0 , 0 , 1 , 1 , 0 , 1 , 1 , 0 , 1 , 0 , 1 , 1 , 1 , 0 , 0 , 1 , 0 , 0 , 0 , 
RegressionTest1::test0872 , 0 , 0 , 0 , 0 , 0 , 0 , 0 , 0 , 0 , 0 , 0 , 0 , 0 , 0 , 0 , 0 , 1 , 0 , 1 , 
RegressionTest1::test0873 , 0 , 0 , 0 , 0 , 0 , 0 , 0 , 0 , 0 , 0 , 0 , 0 , 0 , 0 , 0 , 0 , 1 , 0 , 1 , 
RegressionTest1::test0874 , 0 , 0 , 1 , 1 , 0 , 1 , 1 , 0 , 1 , 0 , 1 , 1 , 1 , 0 , 0 , 1 , 0 , 0 , 0 , 
RegressionTest1::test0875 , 0 , 0 , 0 , 0 , 0 , 0 , 0 , 0 , 0 , 0 , 0 , 0 , 0 , 0 , 0 , 0 , 0 , 0 , 0 , 
RegressionTest1::test0876 , 0 , 0 , 1 , 1 , 0 , 1 , 1 , 0 , 1 , 0 , 1 , 1 , 1 , 0 , 0 , 1 , 0 , 0 , 0 , 
RegressionTest1::test0877 , 0 , 0 , 1 , 1 , 0 , 1 , 1 , 1 , 0 , 0 , 1 , 1 , 1 , 0 , 0 , 0 , 0 , 0 , 0 , 
RegressionTest1::test0878 , 0 , 0 , 1 , 1 , 0 , 1 , 1 , 0 , 1 , 0 , 1 , 1 , 1 , 0 , 0 , 1 , 0 , 0 , 0 , 
RegressionTest1::test0879 , 0 , 0 , 1 , 1 , 0 , 1 , 1 , 0 , 1 , 0 , 1 , 1 , 1 , 0 , 0 , 1 , 0 , 0 , 0 , 
RegressionTest1::test0880 , 0 , 0 , 1 , 1 , 0 , 1 , 1 , 0 , 1 , 0 , 1 , 1 , 1 , 0 , 0 , 1 , 0 , 0 , 0 , 
RegressionTest1::test0881 , 0 , 0 , 1 , 1 , 0 , 1 , 1 , 1 , 0 , 0 , 1 , 1 , 1 , 0 , 0 , 0 , 0 , 0 , 0 , 
RegressionTest1::test0882 , 0 , 0 , 1 , 1 , 0 , 1 , 1 , 0 , 1 , 0 , 1 , 1 , 1 , 0 , 0 , 1 , 0 , 0 , 0 , 
RegressionTest1::test0883 , 0 , 0 , 1 , 1 , 0 , 1 , 1 , 0 , 1 , 0 , 1 , 1 , 1 , 0 , 0 , 1 , 0 , 0 , 0 , 
RegressionTest1::test0885 , 0 , 0 , 1 , 1 , 0 , 1 , 1 , 0 , 1 , 0 , 1 , 1 , 1 , 0 , 0 , 1 , 0 , 0 , 0 , 
RegressionTest1::test0886 , 0 , 0 , 0 , 0 , 0 , 0 , 0 , 0 , 0 , 0 , 0 , 0 , 0 , 0 , 0 , 0 , 1 , 0 , 1 , 
RegressionTest1::test0887 , 0 , 0 , 1 , 1 , 0 , 1 , 1 , 1 , 0 , 0 , 1 , 1 , 1 , 0 , 0 , 0 , 0 , 0 , 0 , 
RegressionTest1::test0889 , 0 , 0 , 0 , 0 , 0 , 0 , 0 , 0 , 0 , 0 , 0 , 0 , 0 , 0 , 0 , 0 , 1 , 0 , 1 , 
RegressionTest1::test0890 , 0 , 0 , 0 , 0 , 0 , 0 , 0 , 0 , 0 , 0 , 0 , 0 , 0 , 0 , 0 , 0 , 1 , 0 , 1 , 
RegressionTest1::test0892 , 0 , 0 , 1 , 1 , 0 , 1 , 1 , 1 , 0 , 0 , 1 , 1 , 1 , 0 , 0 , 0 , 0 , 0 , 0 , 
RegressionTest1::test0893 , 0 , 0 , 1 , 1 , 0 , 1 , 1 , 0 , 1 , 0 , 1 , 1 , 1 , 0 , 0 , 1 , 0 , 0 , 0 , 
RegressionTest1::test0894 , 0 , 0 , 1 , 1 , 0 , 1 , 1 , 0 , 1 , 0 , 1 , 1 , 1 , 0 , 0 , 1 , 1 , 0 , 1 , 
RegressionTest1::test0895 , 0 , 0 , 1 , 1 , 0 , 1 , 1 , 0 , 1 , 0 , 1 , 1 , 1 , 0 , 0 , 1 , 0 , 0 , 0 , 
RegressionTest1::test0896 , 0 , 0 , 1 , 1 , 0 , 1 , 1 , 0 , 1 , 0 , 1 , 1 , 1 , 0 , 0 , 1 , 0 , 0 , 0 , 
RegressionTest1::test0897 , 0 , 0 , 0 , 0 , 0 , 0 , 0 , 0 , 0 , 0 , 0 , 0 , 0 , 0 , 0 , 0 , 1 , 0 , 1 , 
RegressionTest1::test0898 , 0 , 0 , 1 , 1 , 0 , 1 , 1 , 0 , 1 , 0 , 1 , 1 , 1 , 0 , 0 , 1 , 0 , 0 , 0 , 
RegressionTest1::test0900 , 0 , 0 , 1 , 1 , 0 , 1 , 1 , 0 , 1 , 0 , 1 , 1 , 1 , 0 , 0 , 1 , 0 , 0 , 0 , 
RegressionTest1::test0901 , 0 , 0 , 1 , 1 , 0 , 1 , 1 , 0 , 1 , 0 , 1 , 1 , 1 , 0 , 0 , 1 , 0 , 0 , 0 , 
RegressionTest1::test0903 , 0 , 0 , 0 , 0 , 0 , 0 , 0 , 0 , 0 , 0 , 1 , 0 , 0 , 0 , 0 , 0 , 0 , 0 , 0 , 
RegressionTest1::test0905 , 0 , 0 , 1 , 1 , 0 , 1 , 1 , 0 , 1 , 0 , 1 , 1 , 1 , 0 , 0 , 1 , 0 , 0 , 0 , 
RegressionTest1::test0906 , 0 , 0 , 1 , 1 , 0 , 1 , 1 , 0 , 1 , 0 , 1 , 1 , 1 , 0 , 0 , 1 , 0 , 0 , 0 , 
RegressionTest1::test0907 , 0 , 0 , 1 , 1 , 0 , 1 , 1 , 1 , 0 , 0 , 1 , 1 , 1 , 0 , 0 , 0 , 0 , 0 , 0 , 
RegressionTest1::test0908 , 0 , 0 , 1 , 1 , 0 , 1 , 1 , 0 , 1 , 0 , 1 , 1 , 1 , 0 , 0 , 1 , 0 , 0 , 0 , 
RegressionTest1::test0909 , 0 , 0 , 1 , 1 , 0 , 1 , 1 , 0 , 1 , 0 , 1 , 1 , 1 , 0 , 0 , 1 , 0 , 0 , 0 , 
RegressionTest1::test0912 , 0 , 0 , 1 , 1 , 0 , 1 , 1 , 0 , 1 , 0 , 1 , 1 , 1 , 0 , 0 , 1 , 0 , 0 , 0 , 
RegressionTest1::test0914 , 0 , 0 , 1 , 1 , 0 , 1 , 1 , 0 , 1 , 0 , 1 , 1 , 1 , 0 , 0 , 1 , 0 , 0 , 0 , 
RegressionTest1::test0915 , 1 , 0 , 0 , 0 , 0 , 0 , 0 , 0 , 0 , 0 , 0 , 0 , 0 , 0 , 0 , 0 , 0 , 0 , 0 , 
RegressionTest1::test0916 , 0 , 0 , 1 , 1 , 0 , 1 , 1 , 0 , 1 , 0 , 1 , 1 , 1 , 0 , 0 , 1 , 0 , 0 , 0 , 
RegressionTest1::test0917 , 0 , 0 , 0 , 0 , 0 , 0 , 0 , 0 , 0 , 0 , 1 , 0 , 0 , 0 , 0 , 0 , 0 , 0 , 0 , 
RegressionTest1::test0918 , 0 , 0 , 1 , 1 , 0 , 1 , 1 , 1 , 0 , 0 , 1 , 1 , 1 , 0 , 0 , 0 , 0 , 0 , 0 , 
RegressionTest1::test0919 , 0 , 0 , 1 , 1 , 0 , 1 , 1 , 0 , 1 , 0 , 1 , 1 , 1 , 0 , 0 , 1 , 0 , 0 , 0 , 
RegressionTest1::test0921 , 0 , 0 , 1 , 1 , 0 , 1 , 1 , 0 , 1 , 0 , 1 , 1 , 1 , 0 , 0 , 1 , 0 , 0 , 0 , 
RegressionTest1::test0922 , 0 , 0 , 0 , 0 , 0 , 0 , 0 , 0 , 0 , 0 , 0 , 0 , 0 , 0 , 0 , 0 , 1 , 0 , 1 , 
RegressionTest1::test0923 , 0 , 0 , 0 , 0 , 0 , 0 , 0 , 0 , 0 , 0 , 0 , 0 , 0 , 0 , 0 , 0 , 1 , 0 , 1 , 
RegressionTest1::test0924 , 0 , 0 , 1 , 1 , 0 , 1 , 1 , 0 , 1 , 0 , 1 , 1 , 1 , 0 , 0 , 1 , 0 , 0 , 0 , 
RegressionTest1::test0925 , 0 , 0 , 0 , 0 , 0 , 0 , 0 , 0 , 0 , 0 , 0 , 0 , 0 , 0 , 0 , 0 , 1 , 0 , 1 , 
RegressionTest1::test0926 , 0 , 0 , 1 , 1 , 0 , 1 , 1 , 1 , 0 , 0 , 1 , 1 , 1 , 0 , 0 , 0 , 0 , 0 , 0 , 
RegressionTest1::test0927 , 0 , 0 , 1 , 1 , 0 , 1 , 1 , 0 , 1 , 0 , 1 , 1 , 1 , 0 , 0 , 1 , 0 , 0 , 0 , 
RegressionTest1::test0928 , 0 , 0 , 1 , 1 , 0 , 1 , 1 , 0 , 1 , 0 , 1 , 1 , 1 , 0 , 0 , 1 , 0 , 0 , 0 , 
RegressionTest1::test0930 , 0 , 0 , 0 , 0 , 0 , 0 , 0 , 0 , 0 , 0 , 0 , 0 , 0 , 0 , 0 , 0 , 1 , 0 , 1 , 
RegressionTest1::test0932 , 0 , 0 , 0 , 0 , 0 , 0 , 0 , 0 , 0 , 0 , 0 , 0 , 0 , 0 , 0 , 0 , 1 , 0 , 1 , 
RegressionTest1::test0933 , 0 , 0 , 0 , 0 , 0 , 0 , 0 , 0 , 0 , 0 , 0 , 0 , 0 , 0 , 0 , 0 , 1 , 0 , 1 , 
RegressionTest1::test0934 , 0 , 0 , 1 , 1 , 0 , 1 , 1 , 0 , 1 , 0 , 1 , 1 , 1 , 0 , 0 , 1 , 0 , 0 , 0 , 
RegressionTest1::test0935 , 0 , 0 , 0 , 0 , 0 , 0 , 0 , 0 , 0 , 0 , 0 , 0 , 0 , 0 , 0 , 0 , 1 , 0 , 1 , 
RegressionTest1::test0936 , 0 , 0 , 0 , 0 , 0 , 0 , 0 , 0 , 0 , 0 , 1 , 0 , 0 , 0 , 0 , 0 , 1 , 0 , 1 , 
RegressionTest1::test0937 , 0 , 0 , 0 , 0 , 0 , 0 , 0 , 0 , 0 , 0 , 0 , 0 , 0 , 0 , 0 , 0 , 0 , 0 , 0 , 
RegressionTest1::test0938 , 0 , 0 , 1 , 1 , 0 , 1 , 1 , 0 , 1 , 0 , 1 , 1 , 1 , 0 , 0 , 1 , 0 , 0 , 0 , 
RegressionTest1::test0939 , 0 , 0 , 1 , 1 , 0 , 1 , 1 , 0 , 1 , 0 , 1 , 1 , 1 , 0 , 0 , 1 , 0 , 0 , 0 , 
RegressionTest1::test0942 , 0 , 0 , 1 , 1 , 0 , 1 , 1 , 1 , 0 , 0 , 1 , 1 , 1 , 0 , 0 , 0 , 0 , 0 , 0 , 
RegressionTest1::test0943 , 0 , 0 , 0 , 0 , 0 , 0 , 0 , 0 , 0 , 0 , 0 , 0 , 0 , 0 , 0 , 0 , 1 , 0 , 1 , 
RegressionTest1::test0944 , 0 , 0 , 1 , 1 , 0 , 1 , 1 , 0 , 1 , 0 , 1 , 1 , 1 , 0 , 0 , 1 , 0 , 0 , 0 , 
RegressionTest1::test0945 , 0 , 0 , 1 , 1 , 0 , 1 , 1 , 0 , 1 , 0 , 1 , 1 , 1 , 0 , 0 , 1 , 1 , 0 , 1 , 
RegressionTest1::test0946 , 0 , 0 , 1 , 1 , 0 , 1 , 1 , 0 , 1 , 0 , 1 , 1 , 1 , 0 , 0 , 1 , 0 , 0 , 0 , 
RegressionTest1::test0948 , 0 , 0 , 0 , 0 , 0 , 0 , 0 , 0 , 0 , 0 , 0 , 0 , 0 , 0 , 0 , 0 , 1 , 0 , 1 , 
RegressionTest1::test0951 , 0 , 0 , 0 , 0 , 0 , 0 , 0 , 0 , 0 , 0 , 0 , 0 , 0 , 0 , 0 , 0 , 0 , 0 , 0 , 
RegressionTest1::test0953 , 0 , 0 , 1 , 1 , 0 , 1 , 1 , 0 , 1 , 0 , 1 , 1 , 1 , 0 , 0 , 1 , 0 , 0 , 0 , 
RegressionTest1::test0955 , 0 , 0 , 1 , 1 , 0 , 1 , 1 , 0 , 1 , 0 , 1 , 1 , 1 , 0 , 0 , 1 , 0 , 0 , 0 , 
RegressionTest1::test0956 , 0 , 0 , 1 , 0 , 1 , 0 , 0 , 0 , 0 , 0 , 0 , 0 , 0 , 0 , 0 , 0 , 0 , 0 , 0 , 
RegressionTest1::test0958 , 0 , 0 , 1 , 1 , 0 , 1 , 1 , 0 , 1 , 0 , 1 , 1 , 1 , 0 , 0 , 1 , 0 , 0 , 0 , 
RegressionTest1::test0960 , 0 , 0 , 0 , 0 , 0 , 0 , 0 , 0 , 0 , 0 , 0 , 0 , 0 , 0 , 0 , 0 , 1 , 0 , 1 , 
RegressionTest1::test0961 , 0 , 0 , 0 , 0 , 0 , 0 , 0 , 0 , 0 , 0 , 0 , 0 , 0 , 0 , 0 , 0 , 1 , 0 , 1 , 
RegressionTest1::test0962 , 0 , 0 , 1 , 1 , 0 , 1 , 1 , 0 , 1 , 0 , 1 , 1 , 1 , 0 , 0 , 1 , 0 , 0 , 0 , 
RegressionTest1::test0964 , 0 , 0 , 1 , 1 , 0 , 1 , 1 , 0 , 1 , 0 , 1 , 1 , 1 , 0 , 0 , 1 , 0 , 0 , 0 , 
RegressionTest1::test0965 , 0 , 0 , 1 , 1 , 0 , 1 , 1 , 0 , 1 , 0 , 1 , 1 , 1 , 0 , 0 , 1 , 0 , 0 , 0 , 
RegressionTest1::test0967 , 0 , 0 , 1 , 1 , 0 , 1 , 1 , 0 , 1 , 0 , 1 , 1 , 1 , 0 , 0 , 1 , 0 , 0 , 0 , 
RegressionTest1::test0969 , 0 , 0 , 1 , 1 , 0 , 1 , 1 , 0 , 1 , 0 , 1 , 1 , 1 , 0 , 0 , 1 , 0 , 0 , 0 , 
RegressionTest1::test0970 , 0 , 0 , 1 , 1 , 0 , 1 , 1 , 0 , 1 , 0 , 1 , 1 , 1 , 0 , 0 , 1 , 0 , 0 , 0 , 
RegressionTest1::test0971 , 0 , 0 , 1 , 1 , 0 , 1 , 1 , 0 , 1 , 0 , 1 , 1 , 1 , 0 , 0 , 1 , 0 , 0 , 0 , 
RegressionTest1::test0972 , 0 , 0 , 1 , 1 , 0 , 1 , 1 , 0 , 1 , 0 , 1 , 1 , 1 , 0 , 0 , 1 , 0 , 0 , 0 , 
RegressionTest1::test0973 , 0 , 0 , 1 , 1 , 0 , 1 , 1 , 0 , 1 , 0 , 1 , 1 , 1 , 0 , 0 , 1 , 0 , 0 , 0 , 
RegressionTest1::test0974 , 0 , 0 , 0 , 0 , 0 , 0 , 0 , 0 , 0 , 0 , 1 , 0 , 0 , 0 , 0 , 0 , 0 , 0 , 0 , 
RegressionTest1::test0975 , 0 , 0 , 0 , 0 , 0 , 0 , 0 , 0 , 0 , 0 , 0 , 0 , 0 , 0 , 0 , 0 , 1 , 0 , 1 , 
RegressionTest1::test0976 , 0 , 0 , 1 , 1 , 0 , 1 , 1 , 0 , 1 , 0 , 1 , 1 , 1 , 0 , 0 , 1 , 0 , 0 , 0 , 
RegressionTest1::test0977 , 0 , 0 , 1 , 1 , 0 , 1 , 1 , 1 , 0 , 0 , 1 , 1 , 1 , 0 , 0 , 0 , 0 , 0 , 0 , 
RegressionTest1::test0979 , 0 , 0 , 1 , 1 , 0 , 1 , 1 , 0 , 1 , 0 , 1 , 1 , 1 , 0 , 0 , 1 , 0 , 0 , 0 , 
RegressionTest1::test0980 , 0 , 0 , 0 , 0 , 0 , 0 , 0 , 0 , 0 , 0 , 0 , 0 , 0 , 0 , 0 , 0 , 1 , 0 , 1 , 
RegressionTest1::test0981 , 0 , 0 , 0 , 0 , 0 , 0 , 0 , 0 , 0 , 0 , 0 , 0 , 0 , 0 , 0 , 0 , 1 , 0 , 1 , 
RegressionTest1::test0982 , 0 , 0 , 0 , 0 , 0 , 0 , 0 , 0 , 0 , 0 , 0 , 0 , 0 , 0 , 0 , 0 , 0 , 0 , 0 , 
RegressionTest1::test0983 , 1 , 0 , 0 , 0 , 0 , 0 , 0 , 0 , 0 , 0 , 0 , 0 , 0 , 0 , 0 , 0 , 0 , 0 , 0 , 
RegressionTest1::test0984 , 0 , 0 , 1 , 1 , 0 , 1 , 1 , 0 , 1 , 0 , 1 , 1 , 1 , 0 , 0 , 1 , 0 , 0 , 0 , 
RegressionTest1::test0985 , 0 , 0 , 1 , 1 , 0 , 1 , 1 , 0 , 1 , 0 , 1 , 1 , 1 , 0 , 0 , 1 , 0 , 0 , 0 , 
RegressionTest1::test0990 , 0 , 0 , 1 , 1 , 0 , 1 , 1 , 1 , 0 , 0 , 1 , 1 , 1 , 0 , 0 , 0 , 0 , 0 , 0 , 
RegressionTest1::test0991 , 0 , 0 , 0 , 0 , 0 , 0 , 0 , 0 , 0 , 0 , 0 , 0 , 0 , 0 , 0 , 0 , 0 , 0 , 0 , 
RegressionTest1::test0992 , 0 , 0 , 1 , 1 , 0 , 1 , 1 , 1 , 0 , 0 , 1 , 1 , 1 , 0 , 0 , 0 , 0 , 0 , 0 , 
RegressionTest1::test0993 , 0 , 0 , 1 , 1 , 0 , 1 , 1 , 0 , 1 , 0 , 1 , 1 , 1 , 0 , 0 , 1 , 0 , 0 , 0 , 
RegressionTest1::test0995 , 0 , 0 , 0 , 0 , 0 , 0 , 0 , 0 , 0 , 0 , 1 , 0 , 0 , 0 , 0 , 0 , 0 , 0 , 0 , 
RegressionTest1::test0996 , 0 , 0 , 0 , 0 , 0 , 0 , 0 , 0 , 0 , 0 , 1 , 0 , 0 , 0 , 0 , 0 , 0 , 0 , 0 , 
RegressionTest1::test0997 , 0 , 0 , 0 , 0 , 0 , 0 , 0 , 0 , 0 , 0 , 1 , 0 , 0 , 0 , 0 , 0 , 0 , 0 , 0 , 
RegressionTest1::test0999 , 0 , 0 , 1 , 1 , 0 , 1 , 1 , 1 , 0 , 0 , 1 , 1 , 1 , 0 , 0 , 0 , 0 , 0 , 0 , 
RegressionTest2::test1001 , 0 , 0 , 0 , 0 , 0 , 0 , 0 , 0 , 0 , 0 , 0 , 0 , 0 , 0 , 0 , 0 , 1 , 0 , 1 , 
RegressionTest2::test1002 , 0 , 0 , 1 , 1 , 0 , 1 , 1 , 1 , 0 , 0 , 1 , 1 , 1 , 0 , 0 , 0 , 0 , 0 , 0 , 
RegressionTest2::test1006 , 0 , 0 , 1 , 1 , 0 , 1 , 1 , 0 , 1 , 0 , 1 , 1 , 1 , 0 , 0 , 1 , 0 , 0 , 0 , 
RegressionTest2::test1007 , 0 , 0 , 1 , 1 , 0 , 1 , 1 , 0 , 1 , 0 , 1 , 1 , 1 , 0 , 0 , 1 , 0 , 0 , 0 , 
RegressionTest2::test1008 , 0 , 0 , 1 , 1 , 0 , 1 , 1 , 0 , 1 , 0 , 1 , 1 , 1 , 0 , 0 , 1 , 0 , 0 , 0 , 
RegressionTest2::test1010 , 0 , 0 , 1 , 1 , 0 , 1 , 1 , 1 , 0 , 0 , 1 , 1 , 1 , 0 , 0 , 0 , 0 , 0 , 0 , 
RegressionTest2::test1011 , 0 , 0 , 1 , 1 , 0 , 1 , 1 , 0 , 1 , 0 , 1 , 1 , 1 , 0 , 0 , 1 , 0 , 0 , 0 , 
RegressionTest2::test1012 , 0 , 0 , 1 , 1 , 0 , 1 , 1 , 0 , 1 , 0 , 1 , 1 , 1 , 0 , 0 , 1 , 0 , 0 , 0 , 
RegressionTest2::test1013 , 0 , 0 , 1 , 1 , 0 , 1 , 1 , 1 , 0 , 0 , 1 , 1 , 1 , 0 , 0 , 0 , 0 , 0 , 0 , 
RegressionTest2::test1014 , 0 , 0 , 1 , 1 , 0 , 1 , 1 , 1 , 0 , 0 , 1 , 1 , 1 , 0 , 0 , 0 , 0 , 0 , 0 , 
RegressionTest2::test1015 , 0 , 0 , 1 , 1 , 0 , 1 , 1 , 0 , 1 , 0 , 1 , 1 , 1 , 0 , 0 , 1 , 0 , 0 , 0 , 
RegressionTest2::test1017 , 0 , 0 , 0 , 0 , 0 , 0 , 0 , 0 , 0 , 0 , 0 , 0 , 0 , 0 , 0 , 0 , 1 , 0 , 1 , 
RegressionTest2::test1018 , 0 , 0 , 1 , 1 , 0 , 1 , 1 , 1 , 0 , 0 , 1 , 1 , 1 , 0 , 0 , 0 , 0 , 0 , 0 , 
RegressionTest2::test1019 , 0 , 0 , 0 , 0 , 0 , 0 , 0 , 0 , 0 , 0 , 0 , 0 , 0 , 0 , 0 , 0 , 1 , 0 , 1 , 
RegressionTest2::test1021 , 0 , 0 , 0 , 0 , 0 , 0 , 0 , 0 , 0 , 0 , 0 , 0 , 0 , 0 , 0 , 0 , 1 , 0 , 1 , 
RegressionTest2::test1022 , 0 , 0 , 1 , 1 , 0 , 1 , 1 , 0 , 1 , 0 , 1 , 1 , 1 , 0 , 0 , 1 , 0 , 0 , 0 , 
RegressionTest2::test1023 , 0 , 0 , 1 , 1 , 0 , 1 , 1 , 0 , 1 , 0 , 1 , 1 , 1 , 0 , 0 , 1 , 0 , 0 , 0 , 
RegressionTest2::test1024 , 0 , 0 , 0 , 0 , 0 , 0 , 0 , 0 , 0 , 0 , 0 , 0 , 0 , 0 , 0 , 0 , 0 , 0 , 0 , 
RegressionTest2::test1025 , 0 , 0 , 1 , 1 , 0 , 1 , 1 , 0 , 1 , 0 , 1 , 1 , 1 , 0 , 0 , 1 , 0 , 0 , 0 , 
RegressionTest2::test1026 , 0 , 0 , 1 , 1 , 0 , 1 , 1 , 0 , 1 , 0 , 1 , 1 , 1 , 0 , 0 , 1 , 0 , 0 , 0 , 
RegressionTest2::test1027 , 0 , 0 , 1 , 1 , 0 , 1 , 1 , 0 , 1 , 0 , 1 , 1 , 1 , 0 , 0 , 1 , 0 , 0 , 0 , 
RegressionTest2::test1028 , 0 , 0 , 1 , 1 , 0 , 1 , 1 , 0 , 1 , 0 , 1 , 1 , 1 , 0 , 0 , 1 , 0 , 0 , 0 , 
RegressionTest2::test1029 , 0 , 0 , 1 , 1 , 0 , 1 , 1 , 0 , 1 , 0 , 1 , 1 , 1 , 0 , 0 , 1 , 0 , 0 , 0 , 
RegressionTest2::test1034 , 0 , 0 , 0 , 0 , 0 , 0 , 0 , 0 , 0 , 0 , 0 , 0 , 0 , 0 , 0 , 0 , 1 , 0 , 1 , 
RegressionTest2::test1036 , 0 , 0 , 0 , 0 , 0 , 0 , 0 , 0 , 0 , 0 , 0 , 0 , 0 , 0 , 0 , 0 , 1 , 0 , 1 , 
RegressionTest2::test1037 , 0 , 0 , 1 , 1 , 0 , 1 , 1 , 0 , 1 , 0 , 1 , 1 , 1 , 0 , 0 , 1 , 0 , 0 , 0 , 
RegressionTest2::test1038 , 0 , 0 , 1 , 1 , 0 , 1 , 1 , 0 , 1 , 0 , 1 , 1 , 1 , 0 , 0 , 1 , 0 , 0 , 0 , 
RegressionTest2::test1039 , 0 , 0 , 1 , 1 , 0 , 1 , 1 , 0 , 1 , 0 , 1 , 1 , 1 , 0 , 0 , 1 , 0 , 0 , 0 , 
RegressionTest2::test1040 , 0 , 0 , 0 , 0 , 0 , 0 , 0 , 0 , 0 , 0 , 0 , 0 , 0 , 0 , 0 , 0 , 1 , 0 , 1 , 
RegressionTest2::test1041 , 0 , 0 , 0 , 0 , 0 , 0 , 0 , 0 , 0 , 0 , 0 , 0 , 0 , 0 , 0 , 0 , 1 , 0 , 1 , 
RegressionTest2::test1042 , 0 , 0 , 1 , 1 , 0 , 1 , 1 , 0 , 1 , 0 , 1 , 1 , 1 , 0 , 0 , 1 , 0 , 0 , 0 , 
RegressionTest2::test1043 , 0 , 0 , 1 , 1 , 0 , 1 , 1 , 0 , 1 , 0 , 1 , 1 , 1 , 0 , 0 , 1 , 0 , 0 , 0 , 
RegressionTest2::test1044 , 0 , 0 , 1 , 1 , 0 , 1 , 1 , 0 , 1 , 0 , 1 , 1 , 1 , 0 , 0 , 1 , 0 , 0 , 0 , 
RegressionTest2::test1045 , 0 , 0 , 1 , 1 , 0 , 1 , 1 , 0 , 1 , 0 , 1 , 1 , 1 , 0 , 0 , 1 , 0 , 0 , 0 , 
RegressionTest2::test1046 , 0 , 0 , 1 , 1 , 0 , 1 , 1 , 0 , 1 , 0 , 1 , 1 , 1 , 0 , 0 , 1 , 0 , 0 , 0 , 
RegressionTest2::test1047 , 0 , 0 , 0 , 0 , 0 , 0 , 0 , 0 , 0 , 0 , 0 , 0 , 0 , 0 , 0 , 0 , 0 , 0 , 0 , 
RegressionTest2::test1052 , 0 , 0 , 0 , 0 , 0 , 0 , 0 , 0 , 0 , 0 , 1 , 0 , 0 , 0 , 0 , 0 , 0 , 0 , 0 , 
RegressionTest2::test1053 , 0 , 0 , 1 , 1 , 0 , 0 , 0 , 0 , 0 , 0 , 1 , 1 , 1 , 0 , 0 , 0 , 1 , 0 , 1 , 
RegressionTest2::test1054 , 0 , 0 , 0 , 0 , 0 , 0 , 0 , 0 , 0 , 0 , 1 , 0 , 0 , 0 , 0 , 0 , 0 , 0 , 0 , 
RegressionTest2::test1055 , 0 , 0 , 0 , 0 , 0 , 0 , 0 , 0 , 0 , 0 , 0 , 0 , 0 , 0 , 0 , 0 , 1 , 0 , 1 , 
RegressionTest2::test1056 , 0 , 0 , 1 , 1 , 0 , 1 , 1 , 1 , 0 , 0 , 1 , 1 , 1 , 0 , 0 , 0 , 0 , 0 , 0 , 
RegressionTest2::test1057 , 0 , 0 , 1 , 1 , 0 , 1 , 1 , 0 , 1 , 0 , 1 , 1 , 1 , 0 , 0 , 1 , 0 , 0 , 0 , 
RegressionTest2::test1058 , 0 , 0 , 1 , 1 , 0 , 1 , 1 , 0 , 1 , 0 , 1 , 1 , 1 , 0 , 0 , 1 , 0 , 0 , 0 , 
RegressionTest2::test1059 , 0 , 0 , 1 , 1 , 0 , 1 , 1 , 1 , 0 , 0 , 1 , 1 , 1 , 0 , 0 , 0 , 0 , 0 , 0 , 
RegressionTest2::test1061 , 0 , 0 , 0 , 0 , 0 , 0 , 0 , 0 , 0 , 0 , 0 , 0 , 0 , 0 , 0 , 0 , 1 , 0 , 1 , 
RegressionTest2::test1063 , 0 , 0 , 0 , 0 , 0 , 0 , 0 , 0 , 0 , 0 , 0 , 0 , 0 , 0 , 0 , 0 , 0 , 0 , 0 , 
RegressionTest2::test1064 , 0 , 0 , 1 , 1 , 0 , 1 , 1 , 0 , 1 , 0 , 1 , 1 , 1 , 0 , 0 , 1 , 0 , 0 , 0 , 
RegressionTest2::test1065 , 0 , 0 , 0 , 0 , 0 , 0 , 0 , 0 , 0 , 0 , 0 , 0 , 0 , 0 , 0 , 0 , 0 , 0 , 0 , 
RegressionTest2::test1067 , 0 , 0 , 1 , 1 , 0 , 1 , 1 , 0 , 1 , 0 , 1 , 1 , 1 , 0 , 0 , 1 , 0 , 0 , 0 , 
RegressionTest2::test1072 , 0 , 0 , 1 , 1 , 0 , 1 , 1 , 1 , 0 , 0 , 1 , 1 , 1 , 0 , 0 , 0 , 0 , 0 , 0 , 
RegressionTest2::test1073 , 0 , 0 , 1 , 1 , 0 , 1 , 1 , 0 , 1 , 0 , 1 , 1 , 1 , 0 , 0 , 1 , 0 , 0 , 0 , 
RegressionTest2::test1076 , 0 , 0 , 0 , 0 , 0 , 0 , 0 , 0 , 0 , 0 , 1 , 0 , 0 , 0 , 0 , 0 , 0 , 0 , 0 , 
RegressionTest2::test1077 , 0 , 0 , 0 , 0 , 0 , 0 , 0 , 0 , 0 , 0 , 0 , 0 , 0 , 0 , 0 , 0 , 1 , 0 , 1 , 
RegressionTest2::test1078 , 0 , 0 , 0 , 0 , 0 , 0 , 0 , 0 , 0 , 0 , 0 , 0 , 0 , 0 , 0 , 0 , 1 , 0 , 1 , 
RegressionTest2::test1079 , 0 , 0 , 1 , 1 , 0 , 1 , 1 , 1 , 0 , 0 , 1 , 1 , 1 , 0 , 0 , 0 , 0 , 0 , 0 , 
RegressionTest2::test1080 , 0 , 0 , 1 , 1 , 0 , 1 , 1 , 0 , 1 , 0 , 1 , 1 , 1 , 0 , 0 , 1 , 0 , 0 , 0 , 
RegressionTest2::test1081 , 0 , 0 , 1 , 1 , 0 , 1 , 1 , 0 , 1 , 0 , 1 , 1 , 1 , 0 , 0 , 1 , 0 , 0 , 0 , 
RegressionTest2::test1083 , 0 , 0 , 1 , 1 , 0 , 1 , 1 , 0 , 1 , 0 , 1 , 1 , 1 , 0 , 0 , 1 , 0 , 0 , 0 , 
RegressionTest2::test1085 , 0 , 0 , 1 , 1 , 0 , 1 , 1 , 1 , 0 , 0 , 1 , 1 , 1 , 0 , 0 , 0 , 0 , 0 , 0 , 
RegressionTest2::test1086 , 0 , 0 , 1 , 1 , 0 , 1 , 1 , 1 , 0 , 0 , 1 , 1 , 1 , 0 , 0 , 0 , 0 , 0 , 0 , 
RegressionTest2::test1087 , 0 , 0 , 1 , 1 , 0 , 1 , 1 , 1 , 0 , 0 , 1 , 1 , 1 , 0 , 0 , 0 , 0 , 0 , 0 , 
RegressionTest2::test1088 , 0 , 0 , 1 , 1 , 0 , 1 , 1 , 0 , 1 , 0 , 1 , 1 , 1 , 0 , 0 , 1 , 0 , 0 , 0 , 
RegressionTest2::test1089 , 0 , 0 , 0 , 0 , 0 , 0 , 0 , 0 , 0 , 0 , 0 , 0 , 0 , 0 , 0 , 0 , 1 , 0 , 1 , 
RegressionTest2::test1091 , 0 , 0 , 1 , 1 , 0 , 1 , 1 , 0 , 1 , 0 , 1 , 1 , 1 , 0 , 0 , 1 , 0 , 0 , 0 , 
RegressionTest2::test1092 , 0 , 0 , 1 , 1 , 0 , 1 , 1 , 0 , 1 , 0 , 1 , 1 , 1 , 0 , 0 , 1 , 0 , 0 , 0 , 
RegressionTest2::test1093 , 0 , 0 , 1 , 1 , 0 , 1 , 1 , 0 , 1 , 0 , 1 , 1 , 1 , 0 , 0 , 1 , 0 , 0 , 0 , 
RegressionTest2::test1094 , 0 , 0 , 1 , 1 , 0 , 1 , 1 , 0 , 1 , 0 , 1 , 1 , 1 , 0 , 0 , 1 , 0 , 0 , 0 , 
RegressionTest2::test1095 , 0 , 0 , 1 , 1 , 0 , 1 , 1 , 0 , 1 , 0 , 1 , 1 , 1 , 0 , 0 , 1 , 0 , 0 , 0 , 
RegressionTest2::test1096 , 0 , 0 , 0 , 0 , 0 , 0 , 0 , 0 , 0 , 0 , 0 , 0 , 0 , 0 , 0 , 0 , 1 , 0 , 1 , 
RegressionTest2::test1099 , 0 , 0 , 1 , 1 , 0 , 1 , 1 , 0 , 1 , 0 , 1 , 1 , 1 , 0 , 0 , 1 , 0 , 0 , 0 , 
RegressionTest2::test1100 , 0 , 0 , 1 , 1 , 0 , 1 , 1 , 0 , 1 , 0 , 1 , 1 , 1 , 0 , 0 , 1 , 0 , 0 , 0 , 
RegressionTest2::test1101 , 0 , 0 , 1 , 1 , 0 , 1 , 1 , 1 , 0 , 0 , 1 , 1 , 1 , 0 , 0 , 0 , 0 , 0 , 0 , 
RegressionTest2::test1103 , 1 , 0 , 0 , 0 , 0 , 0 , 0 , 0 , 0 , 0 , 0 , 0 , 0 , 0 , 0 , 0 , 0 , 0 , 0 , 
RegressionTest2::test1104 , 0 , 0 , 0 , 0 , 0 , 0 , 0 , 0 , 0 , 0 , 0 , 0 , 0 , 0 , 0 , 0 , 1 , 0 , 1 , 
RegressionTest2::test1105 , 0 , 0 , 1 , 1 , 0 , 1 , 1 , 0 , 1 , 0 , 1 , 1 , 1 , 0 , 0 , 1 , 0 , 0 , 0 , 
RegressionTest2::test1106 , 0 , 0 , 1 , 1 , 0 , 1 , 1 , 0 , 1 , 0 , 1 , 1 , 1 , 0 , 0 , 1 , 0 , 0 , 0 , 
RegressionTest2::test1109 , 0 , 0 , 0 , 0 , 0 , 0 , 0 , 0 , 0 , 0 , 0 , 0 , 0 , 0 , 0 , 0 , 1 , 0 , 1 , 
RegressionTest2::test1110 , 0 , 0 , 1 , 1 , 0 , 1 , 1 , 0 , 1 , 0 , 1 , 1 , 1 , 0 , 0 , 1 , 0 , 0 , 0 , 
RegressionTest2::test1111 , 0 , 0 , 1 , 1 , 0 , 1 , 1 , 0 , 1 , 0 , 1 , 1 , 1 , 0 , 0 , 1 , 0 , 0 , 0 , 
RegressionTest2::test1112 , 0 , 0 , 1 , 1 , 0 , 1 , 1 , 0 , 1 , 0 , 1 , 1 , 1 , 0 , 0 , 1 , 0 , 0 , 0 , 
RegressionTest2::test1113 , 0 , 0 , 1 , 1 , 0 , 1 , 1 , 0 , 1 , 0 , 1 , 1 , 1 , 0 , 0 , 1 , 0 , 0 , 0 , 
RegressionTest2::test1114 , 0 , 0 , 1 , 1 , 0 , 1 , 1 , 1 , 0 , 0 , 1 , 1 , 1 , 0 , 0 , 0 , 0 , 0 , 0 , 
RegressionTest2::test1115 , 0 , 0 , 1 , 1 , 0 , 1 , 1 , 0 , 1 , 0 , 1 , 1 , 1 , 0 , 0 , 1 , 0 , 0 , 0 , 
RegressionTest2::test1117 , 0 , 0 , 1 , 1 , 0 , 1 , 1 , 0 , 1 , 0 , 1 , 1 , 1 , 0 , 0 , 1 , 0 , 0 , 0 , 
RegressionTest2::test1118 , 0 , 0 , 1 , 1 , 0 , 1 , 1 , 1 , 0 , 0 , 1 , 1 , 1 , 0 , 0 , 0 , 0 , 0 , 0 , 
RegressionTest2::test1120 , 0 , 0 , 1 , 1 , 0 , 1 , 1 , 0 , 1 , 0 , 1 , 1 , 1 , 0 , 0 , 1 , 0 , 0 , 0 , 
RegressionTest2::test1121 , 0 , 0 , 1 , 1 , 0 , 1 , 1 , 0 , 1 , 0 , 1 , 1 , 1 , 0 , 0 , 1 , 0 , 0 , 0 , 
RegressionTest2::test1122 , 0 , 0 , 1 , 1 , 0 , 1 , 1 , 0 , 1 , 0 , 1 , 1 , 1 , 0 , 0 , 1 , 0 , 0 , 0 , 
RegressionTest2::test1124 , 0 , 0 , 0 , 0 , 0 , 0 , 0 , 0 , 0 , 0 , 1 , 0 , 0 , 0 , 0 , 0 , 1 , 0 , 1 , 
RegressionTest2::test1126 , 0 , 0 , 0 , 0 , 0 , 0 , 0 , 0 , 0 , 0 , 0 , 0 , 0 , 0 , 0 , 0 , 1 , 0 , 1 , 
RegressionTest2::test1127 , 0 , 0 , 1 , 1 , 0 , 1 , 1 , 0 , 1 , 0 , 1 , 1 , 1 , 0 , 0 , 1 , 0 , 0 , 0 , 
RegressionTest2::test1128 , 0 , 0 , 1 , 1 , 0 , 1 , 1 , 1 , 0 , 0 , 1 , 1 , 1 , 0 , 0 , 0 , 0 , 0 , 0 , 
RegressionTest2::test1131 , 0 , 0 , 0 , 0 , 0 , 0 , 0 , 0 , 0 , 0 , 1 , 0 , 0 , 0 , 0 , 0 , 0 , 0 , 0 , 
RegressionTest2::test1132 , 0 , 0 , 1 , 1 , 0 , 1 , 1 , 0 , 1 , 0 , 1 , 1 , 1 , 0 , 0 , 1 , 0 , 0 , 0 , 
RegressionTest2::test1134 , 0 , 0 , 1 , 1 , 0 , 1 , 1 , 0 , 1 , 0 , 1 , 1 , 1 , 0 , 0 , 1 , 0 , 0 , 0 , 
RegressionTest2::test1135 , 1 , 0 , 0 , 0 , 0 , 0 , 0 , 0 , 0 , 0 , 0 , 0 , 0 , 0 , 0 , 0 , 0 , 0 , 0 , 
RegressionTest2::test1136 , 0 , 0 , 1 , 1 , 0 , 1 , 1 , 1 , 0 , 0 , 1 , 1 , 1 , 0 , 0 , 0 , 0 , 0 , 0 , 
RegressionTest2::test1137 , 0 , 0 , 1 , 1 , 0 , 1 , 1 , 0 , 1 , 0 , 1 , 1 , 1 , 0 , 0 , 1 , 0 , 0 , 0 , 
RegressionTest2::test1138 , 0 , 0 , 1 , 1 , 0 , 0 , 0 , 0 , 0 , 0 , 1 , 1 , 1 , 0 , 0 , 0 , 0 , 0 , 0 , 
RegressionTest2::test1139 , 0 , 0 , 1 , 1 , 0 , 1 , 1 , 1 , 0 , 0 , 1 , 1 , 1 , 0 , 0 , 0 , 0 , 0 , 0 , 
RegressionTest2::test1140 , 0 , 0 , 1 , 1 , 0 , 1 , 1 , 0 , 1 , 0 , 1 , 1 , 1 , 0 , 0 , 1 , 0 , 0 , 0 , 
RegressionTest2::test1142 , 0 , 0 , 1 , 1 , 0 , 1 , 1 , 0 , 1 , 0 , 1 , 1 , 1 , 0 , 0 , 1 , 0 , 0 , 0 , 
RegressionTest2::test1144 , 0 , 0 , 1 , 1 , 0 , 1 , 1 , 0 , 1 , 0 , 1 , 1 , 1 , 0 , 0 , 1 , 0 , 0 , 0 , 
RegressionTest2::test1148 , 0 , 0 , 1 , 1 , 0 , 1 , 1 , 0 , 1 , 0 , 1 , 1 , 1 , 0 , 0 , 1 , 0 , 0 , 0 , 
RegressionTest2::test1149 , 0 , 0 , 1 , 1 , 0 , 1 , 1 , 0 , 1 , 0 , 1 , 1 , 1 , 0 , 0 , 1 , 0 , 0 , 0 , 
RegressionTest2::test1155 , 0 , 0 , 1 , 1 , 0 , 1 , 1 , 1 , 0 , 0 , 1 , 1 , 1 , 0 , 0 , 0 , 0 , 0 , 0 , 
RegressionTest2::test1156 , 0 , 0 , 1 , 1 , 0 , 1 , 1 , 0 , 1 , 0 , 1 , 1 , 1 , 0 , 0 , 1 , 0 , 0 , 0 , 
RegressionTest2::test1157 , 0 , 0 , 1 , 1 , 0 , 1 , 1 , 0 , 1 , 0 , 1 , 1 , 1 , 0 , 0 , 1 , 0 , 0 , 0 , 
RegressionTest2::test1160 , 0 , 0 , 1 , 1 , 0 , 1 , 1 , 0 , 1 , 0 , 1 , 1 , 1 , 0 , 0 , 1 , 0 , 0 , 0 , 
RegressionTest2::test1162 , 0 , 0 , 1 , 1 , 0 , 1 , 1 , 1 , 0 , 0 , 1 , 1 , 1 , 0 , 0 , 0 , 0 , 0 , 0 , 
RegressionTest2::test1163 , 0 , 0 , 0 , 0 , 0 , 0 , 0 , 0 , 0 , 0 , 0 , 0 , 0 , 0 , 0 , 0 , 1 , 0 , 1 , 
RegressionTest2::test1164 , 0 , 0 , 0 , 0 , 0 , 0 , 0 , 0 , 0 , 0 , 1 , 0 , 0 , 0 , 0 , 0 , 0 , 0 , 0 , 
RegressionTest2::test1165 , 0 , 0 , 0 , 0 , 0 , 0 , 0 , 0 , 0 , 0 , 0 , 0 , 0 , 0 , 0 , 0 , 1 , 0 , 1 , 
RegressionTest2::test1166 , 0 , 0 , 1 , 1 , 0 , 1 , 1 , 0 , 1 , 0 , 1 , 1 , 1 , 0 , 0 , 1 , 0 , 0 , 0 , 
RegressionTest2::test1167 , 0 , 0 , 1 , 1 , 0 , 1 , 1 , 0 , 1 , 0 , 1 , 1 , 1 , 0 , 0 , 1 , 0 , 0 , 0 , 
RegressionTest2::test1168 , 0 , 0 , 1 , 1 , 0 , 1 , 1 , 1 , 0 , 0 , 1 , 1 , 1 , 0 , 0 , 0 , 0 , 0 , 0 , 
RegressionTest2::test1169 , 0 , 0 , 0 , 0 , 0 , 0 , 0 , 0 , 0 , 0 , 0 , 0 , 0 , 0 , 0 , 0 , 1 , 0 , 1 , 
RegressionTest2::test1170 , 0 , 0 , 1 , 1 , 0 , 1 , 1 , 0 , 1 , 0 , 1 , 1 , 1 , 0 , 0 , 1 , 0 , 0 , 0 , 
RegressionTest2::test1171 , 0 , 0 , 1 , 1 , 0 , 1 , 1 , 0 , 1 , 0 , 1 , 1 , 1 , 0 , 0 , 1 , 0 , 0 , 0 , 
RegressionTest2::test1172 , 0 , 0 , 0 , 0 , 0 , 0 , 0 , 0 , 0 , 0 , 1 , 0 , 0 , 0 , 0 , 0 , 0 , 0 , 0 , 
RegressionTest2::test1173 , 0 , 0 , 1 , 1 , 0 , 1 , 1 , 0 , 1 , 0 , 1 , 1 , 1 , 0 , 0 , 1 , 0 , 0 , 0 , 
RegressionTest2::test1174 , 0 , 0 , 1 , 1 , 0 , 1 , 1 , 0 , 1 , 0 , 1 , 1 , 1 , 0 , 0 , 1 , 0 , 0 , 0 , 
RegressionTest2::test1175 , 0 , 0 , 1 , 1 , 0 , 1 , 1 , 0 , 1 , 0 , 1 , 1 , 1 , 0 , 0 , 1 , 0 , 0 , 0 , 
RegressionTest2::test1176 , 0 , 0 , 1 , 1 , 0 , 1 , 1 , 0 , 1 , 0 , 1 , 1 , 1 , 0 , 0 , 1 , 0 , 0 , 0 , 
RegressionTest2::test1177 , 1 , 0 , 0 , 0 , 0 , 0 , 0 , 0 , 0 , 0 , 0 , 0 , 0 , 0 , 0 , 0 , 0 , 0 , 0 , 
RegressionTest2::test1178 , 0 , 0 , 1 , 1 , 0 , 0 , 0 , 0 , 0 , 0 , 1 , 1 , 1 , 0 , 0 , 0 , 1 , 0 , 1 , 
RegressionTest2::test1179 , 0 , 0 , 0 , 0 , 0 , 0 , 0 , 0 , 0 , 0 , 0 , 0 , 0 , 0 , 0 , 0 , 1 , 0 , 1 , 
RegressionTest2::test1184 , 0 , 0 , 1 , 1 , 0 , 1 , 1 , 0 , 1 , 0 , 1 , 1 , 1 , 0 , 0 , 1 , 0 , 0 , 0 , 
RegressionTest2::test1185 , 0 , 0 , 1 , 1 , 0 , 1 , 1 , 0 , 1 , 0 , 1 , 1 , 1 , 0 , 0 , 1 , 0 , 0 , 0 , 
RegressionTest2::test1189 , 0 , 0 , 1 , 1 , 0 , 1 , 1 , 0 , 1 , 0 , 1 , 1 , 1 , 0 , 0 , 1 , 0 , 0 , 0 , 
RegressionTest2::test1191 , 0 , 0 , 0 , 0 , 0 , 0 , 0 , 0 , 0 , 0 , 0 , 0 , 0 , 0 , 0 , 0 , 1 , 0 , 1 , 
RegressionTest2::test1192 , 0 , 0 , 1 , 1 , 0 , 1 , 1 , 0 , 1 , 0 , 1 , 1 , 1 , 0 , 0 , 1 , 0 , 0 , 0 , 
RegressionTest2::test1193 , 0 , 0 , 0 , 0 , 0 , 0 , 0 , 0 , 0 , 0 , 1 , 0 , 0 , 0 , 0 , 0 , 0 , 0 , 0 , 
RegressionTest2::test1194 , 0 , 0 , 0 , 0 , 0 , 0 , 0 , 0 , 0 , 0 , 0 , 0 , 0 , 0 , 0 , 0 , 1 , 0 , 1 , 
RegressionTest2::test1195 , 0 , 0 , 1 , 1 , 0 , 1 , 1 , 1 , 0 , 0 , 1 , 1 , 1 , 0 , 0 , 0 , 0 , 0 , 0 , 
RegressionTest2::test1196 , 0 , 0 , 0 , 0 , 0 , 0 , 0 , 0 , 0 , 0 , 1 , 0 , 0 , 0 , 0 , 0 , 0 , 0 , 0 , 
RegressionTest2::test1198 , 0 , 0 , 0 , 0 , 0 , 0 , 0 , 0 , 0 , 0 , 0 , 0 , 0 , 0 , 0 , 0 , 1 , 0 , 1 , 
RegressionTest2::test1201 , 0 , 0 , 1 , 1 , 0 , 1 , 1 , 0 , 1 , 0 , 1 , 1 , 1 , 0 , 0 , 1 , 0 , 0 , 0 , 
RegressionTest2::test1202 , 0 , 0 , 0 , 0 , 0 , 0 , 0 , 0 , 0 , 0 , 0 , 0 , 0 , 0 , 0 , 0 , 0 , 0 , 0 , 
RegressionTest2::test1204 , 0 , 0 , 0 , 0 , 0 , 0 , 0 , 0 , 0 , 0 , 0 , 0 , 0 , 0 , 0 , 0 , 0 , 0 , 0 , 
RegressionTest2::test1205 , 0 , 0 , 1 , 1 , 0 , 1 , 1 , 0 , 1 , 0 , 1 , 1 , 1 , 0 , 0 , 1 , 0 , 0 , 0 , 
RegressionTest2::test1207 , 0 , 0 , 1 , 1 , 0 , 1 , 1 , 1 , 0 , 0 , 1 , 1 , 1 , 0 , 0 , 0 , 0 , 0 , 0 , 
RegressionTest2::test1210 , 0 , 0 , 1 , 1 , 0 , 1 , 1 , 0 , 1 , 0 , 1 , 1 , 1 , 0 , 0 , 1 , 0 , 0 , 0 , 
RegressionTest2::test1212 , 0 , 0 , 1 , 1 , 0 , 1 , 1 , 1 , 0 , 0 , 1 , 1 , 1 , 0 , 0 , 0 , 0 , 0 , 0 , 
RegressionTest2::test1213 , 0 , 0 , 1 , 1 , 0 , 1 , 1 , 0 , 1 , 0 , 1 , 1 , 1 , 0 , 0 , 1 , 0 , 0 , 0 , 
RegressionTest2::test1214 , 0 , 0 , 1 , 0 , 1 , 0 , 0 , 0 , 0 , 0 , 0 , 0 , 0 , 0 , 0 , 0 , 0 , 0 , 0 , 
RegressionTest2::test1216 , 0 , 0 , 1 , 1 , 0 , 1 , 1 , 1 , 0 , 0 , 1 , 1 , 1 , 0 , 0 , 0 , 0 , 0 , 0 , 
RegressionTest2::test1218 , 0 , 0 , 1 , 1 , 0 , 1 , 1 , 0 , 1 , 0 , 1 , 1 , 1 , 0 , 0 , 1 , 0 , 0 , 0 , 
RegressionTest2::test1219 , 0 , 0 , 1 , 1 , 0 , 1 , 1 , 0 , 1 , 0 , 1 , 1 , 1 , 0 , 0 , 1 , 0 , 0 , 0 , 
RegressionTest2::test1220 , 0 , 0 , 0 , 0 , 0 , 0 , 0 , 0 , 0 , 0 , 0 , 0 , 0 , 0 , 0 , 0 , 1 , 0 , 1 , 
RegressionTest2::test1221 , 0 , 0 , 0 , 0 , 0 , 0 , 0 , 0 , 0 , 0 , 1 , 0 , 0 , 0 , 0 , 0 , 0 , 0 , 0 , 
RegressionTest2::test1222 , 0 , 0 , 0 , 0 , 0 , 0 , 0 , 0 , 0 , 0 , 0 , 0 , 0 , 0 , 0 , 0 , 1 , 0 , 1 , 
RegressionTest2::test1223 , 0 , 0 , 0 , 0 , 0 , 0 , 0 , 0 , 0 , 0 , 0 , 0 , 0 , 0 , 0 , 0 , 1 , 0 , 1 , 
RegressionTest2::test1224 , 0 , 0 , 1 , 1 , 0 , 1 , 1 , 0 , 1 , 0 , 1 , 1 , 1 , 0 , 0 , 1 , 0 , 0 , 0 , 
RegressionTest2::test1225 , 0 , 0 , 0 , 0 , 0 , 0 , 0 , 0 , 0 , 0 , 0 , 0 , 0 , 0 , 0 , 0 , 1 , 0 , 1 , 
RegressionTest2::test1226 , 0 , 0 , 0 , 0 , 0 , 0 , 0 , 0 , 0 , 0 , 0 , 0 , 0 , 0 , 0 , 0 , 1 , 0 , 1 , 
RegressionTest2::test1227 , 0 , 0 , 0 , 0 , 0 , 0 , 0 , 0 , 0 , 0 , 0 , 0 , 0 , 0 , 0 , 0 , 1 , 0 , 1 , 
RegressionTest2::test1228 , 0 , 0 , 1 , 0 , 1 , 0 , 0 , 0 , 0 , 0 , 0 , 0 , 0 , 0 , 0 , 0 , 0 , 0 , 0 , 
RegressionTest2::test1230 , 0 , 0 , 0 , 0 , 0 , 0 , 0 , 0 , 0 , 0 , 0 , 0 , 0 , 0 , 0 , 0 , 1 , 0 , 1 , 
RegressionTest2::test1231 , 0 , 0 , 1 , 1 , 0 , 1 , 1 , 0 , 1 , 0 , 1 , 1 , 1 , 0 , 0 , 1 , 0 , 0 , 0 , 
RegressionTest2::test1232 , 0 , 0 , 1 , 1 , 0 , 1 , 1 , 0 , 1 , 0 , 1 , 1 , 1 , 0 , 0 , 1 , 0 , 0 , 0 , 
RegressionTest2::test1234 , 0 , 0 , 1 , 1 , 0 , 1 , 1 , 0 , 1 , 0 , 1 , 1 , 1 , 0 , 0 , 1 , 0 , 0 , 0 , 
RegressionTest2::test1236 , 0 , 0 , 0 , 0 , 0 , 0 , 0 , 0 , 0 , 0 , 1 , 0 , 0 , 0 , 0 , 0 , 1 , 0 , 1 , 
RegressionTest2::test1239 , 0 , 0 , 1 , 1 , 0 , 1 , 1 , 0 , 1 , 0 , 1 , 1 , 1 , 0 , 0 , 1 , 0 , 0 , 0 , 
RegressionTest2::test1240 , 0 , 0 , 1 , 1 , 0 , 1 , 1 , 0 , 1 , 0 , 1 , 1 , 1 , 0 , 0 , 1 , 0 , 0 , 0 , 
RegressionTest2::test1241 , 0 , 0 , 1 , 1 , 0 , 1 , 1 , 1 , 0 , 0 , 1 , 1 , 1 , 0 , 0 , 0 , 0 , 0 , 0 , 
RegressionTest2::test1242 , 0 , 0 , 0 , 0 , 0 , 0 , 0 , 0 , 0 , 0 , 0 , 0 , 0 , 0 , 0 , 0 , 1 , 0 , 1 , 
RegressionTest2::test1243 , 0 , 0 , 1 , 1 , 0 , 1 , 1 , 0 , 1 , 0 , 1 , 1 , 1 , 0 , 0 , 1 , 0 , 0 , 0 , 
RegressionTest2::test1244 , 0 , 0 , 1 , 1 , 0 , 1 , 1 , 0 , 1 , 0 , 1 , 1 , 1 , 0 , 0 , 1 , 0 , 0 , 0 , 
RegressionTest2::test1245 , 0 , 0 , 1 , 1 , 0 , 1 , 1 , 0 , 1 , 0 , 1 , 1 , 1 , 0 , 0 , 1 , 0 , 0 , 0 , 
RegressionTest2::test1246 , 0 , 0 , 1 , 1 , 0 , 1 , 1 , 0 , 1 , 0 , 1 , 1 , 1 , 0 , 0 , 1 , 0 , 0 , 0 , 
RegressionTest2::test1248 , 0 , 0 , 1 , 1 , 0 , 1 , 1 , 0 , 1 , 0 , 1 , 1 , 1 , 0 , 0 , 1 , 0 , 0 , 0 , 
RegressionTest2::test1251 , 0 , 0 , 1 , 1 , 0 , 1 , 1 , 0 , 1 , 0 , 1 , 1 , 1 , 0 , 0 , 1 , 1 , 0 , 1 , 
RegressionTest2::test1252 , 0 , 0 , 1 , 1 , 0 , 1 , 1 , 0 , 1 , 0 , 1 , 1 , 1 , 0 , 0 , 1 , 0 , 0 , 0 , 
RegressionTest2::test1253 , 0 , 0 , 1 , 1 , 0 , 1 , 1 , 0 , 1 , 0 , 1 , 1 , 1 , 0 , 0 , 1 , 0 , 0 , 0 , 
RegressionTest2::test1254 , 0 , 0 , 0 , 0 , 0 , 0 , 0 , 0 , 0 , 0 , 0 , 0 , 0 , 0 , 0 , 0 , 1 , 0 , 1 , 
RegressionTest2::test1255 , 0 , 0 , 0 , 0 , 0 , 0 , 0 , 0 , 0 , 0 , 0 , 0 , 0 , 0 , 0 , 0 , 1 , 0 , 1 , 
RegressionTest2::test1257 , 0 , 0 , 1 , 1 , 0 , 1 , 1 , 0 , 1 , 0 , 1 , 1 , 1 , 0 , 0 , 1 , 0 , 0 , 0 , 
RegressionTest2::test1258 , 0 , 0 , 0 , 0 , 0 , 0 , 0 , 0 , 0 , 0 , 0 , 0 , 0 , 0 , 0 , 0 , 1 , 0 , 1 , 
RegressionTest2::test1259 , 0 , 0 , 0 , 0 , 0 , 0 , 0 , 0 , 0 , 0 , 0 , 0 , 0 , 0 , 0 , 0 , 1 , 0 , 1 , 
RegressionTest2::test1260 , 0 , 0 , 0 , 0 , 0 , 0 , 0 , 0 , 0 , 0 , 0 , 0 , 0 , 0 , 0 , 0 , 1 , 0 , 1 , 
RegressionTest2::test1261 , 0 , 0 , 1 , 1 , 0 , 1 , 1 , 0 , 1 , 0 , 1 , 1 , 1 , 0 , 0 , 1 , 0 , 0 , 0 , 
RegressionTest2::test1263 , 0 , 0 , 0 , 0 , 0 , 0 , 0 , 0 , 0 , 0 , 0 , 0 , 0 , 0 , 0 , 0 , 1 , 0 , 1 , 
RegressionTest2::test1265 , 0 , 0 , 0 , 0 , 0 , 0 , 0 , 0 , 0 , 0 , 0 , 0 , 0 , 0 , 0 , 0 , 1 , 0 , 1 , 
RegressionTest2::test1267 , 0 , 0 , 0 , 0 , 0 , 0 , 0 , 0 , 0 , 0 , 1 , 0 , 0 , 0 , 0 , 0 , 0 , 0 , 0 , 
RegressionTest2::test1268 , 0 , 0 , 1 , 1 , 0 , 1 , 1 , 0 , 1 , 0 , 1 , 1 , 1 , 0 , 0 , 1 , 0 , 0 , 0 , 
RegressionTest2::test1270 , 0 , 0 , 0 , 0 , 0 , 0 , 0 , 0 , 0 , 0 , 0 , 0 , 0 , 0 , 0 , 0 , 1 , 0 , 1 , 
RegressionTest2::test1272 , 0 , 0 , 0 , 0 , 0 , 0 , 0 , 0 , 0 , 0 , 0 , 0 , 0 , 0 , 0 , 0 , 1 , 0 , 1 , 
RegressionTest2::test1273 , 0 , 0 , 1 , 1 , 0 , 1 , 1 , 0 , 1 , 0 , 1 , 1 , 1 , 0 , 0 , 1 , 0 , 0 , 0 , 
RegressionTest2::test1274 , 0 , 0 , 0 , 0 , 0 , 0 , 0 , 0 , 0 , 0 , 0 , 0 , 0 , 0 , 0 , 0 , 1 , 0 , 1 , 
RegressionTest2::test1278 , 0 , 0 , 0 , 0 , 0 , 0 , 0 , 0 , 0 , 0 , 0 , 0 , 0 , 0 , 0 , 0 , 1 , 0 , 1 , 
RegressionTest2::test1279 , 0 , 0 , 0 , 0 , 0 , 0 , 0 , 0 , 0 , 0 , 1 , 0 , 0 , 0 , 0 , 0 , 0 , 0 , 0 , 
RegressionTest2::test1280 , 0 , 0 , 0 , 0 , 0 , 0 , 0 , 0 , 0 , 0 , 0 , 0 , 0 , 0 , 0 , 0 , 0 , 0 , 0 , 
RegressionTest2::test1281 , 0 , 0 , 0 , 0 , 0 , 0 , 0 , 0 , 0 , 0 , 0 , 0 , 0 , 0 , 0 , 0 , 1 , 0 , 1 , 
RegressionTest2::test1282 , 0 , 0 , 1 , 1 , 0 , 1 , 1 , 0 , 1 , 0 , 1 , 1 , 1 , 0 , 0 , 1 , 0 , 0 , 0 , 
RegressionTest2::test1283 , 0 , 0 , 1 , 1 , 0 , 1 , 1 , 0 , 1 , 0 , 1 , 1 , 1 , 0 , 0 , 1 , 0 , 0 , 0 , 
RegressionTest2::test1284 , 0 , 0 , 1 , 1 , 0 , 1 , 1 , 0 , 1 , 0 , 1 , 1 , 1 , 0 , 0 , 1 , 0 , 0 , 0 , 
RegressionTest2::test1286 , 0 , 0 , 1 , 1 , 0 , 1 , 1 , 1 , 0 , 0 , 1 , 1 , 1 , 0 , 0 , 0 , 0 , 0 , 0 , 
RegressionTest2::test1287 , 0 , 0 , 0 , 0 , 0 , 0 , 0 , 0 , 0 , 0 , 0 , 0 , 0 , 0 , 0 , 0 , 1 , 0 , 1 , 
RegressionTest2::test1290 , 0 , 0 , 1 , 1 , 0 , 1 , 1 , 0 , 1 , 0 , 1 , 1 , 1 , 0 , 0 , 1 , 0 , 0 , 0 , 
RegressionTest2::test1292 , 0 , 0 , 1 , 1 , 0 , 1 , 1 , 0 , 1 , 0 , 1 , 1 , 1 , 0 , 0 , 1 , 0 , 0 , 0 , 
RegressionTest2::test1294 , 0 , 0 , 1 , 1 , 0 , 1 , 1 , 0 , 1 , 0 , 1 , 1 , 1 , 0 , 0 , 1 , 0 , 0 , 0 , 
RegressionTest2::test1295 , 0 , 0 , 0 , 0 , 0 , 0 , 0 , 0 , 0 , 0 , 0 , 0 , 0 , 0 , 0 , 0 , 1 , 0 , 1 , 
RegressionTest2::test1299 , 0 , 0 , 0 , 0 , 0 , 0 , 0 , 0 , 0 , 0 , 0 , 0 , 0 , 0 , 0 , 0 , 1 , 0 , 1 , 
RegressionTest2::test1305 , 0 , 0 , 1 , 1 , 0 , 1 , 1 , 0 , 1 , 0 , 1 , 1 , 1 , 0 , 0 , 1 , 0 , 0 , 0 , 
RegressionTest2::test1306 , 0 , 0 , 0 , 0 , 0 , 0 , 0 , 0 , 0 , 0 , 0 , 0 , 0 , 0 , 0 , 0 , 0 , 0 , 0 , 
RegressionTest2::test1309 , 0 , 0 , 1 , 1 , 0 , 1 , 1 , 0 , 1 , 0 , 1 , 1 , 1 , 0 , 0 , 1 , 0 , 0 , 0 , 
RegressionTest2::test1310 , 0 , 0 , 0 , 0 , 0 , 0 , 0 , 0 , 0 , 0 , 0 , 0 , 0 , 0 , 0 , 0 , 0 , 0 , 0 , 
RegressionTest2::test1311 , 0 , 0 , 1 , 1 , 0 , 1 , 1 , 0 , 1 , 0 , 1 , 1 , 1 , 0 , 0 , 1 , 0 , 0 , 0 , 
RegressionTest2::test1313 , 0 , 0 , 1 , 1 , 0 , 1 , 1 , 0 , 1 , 0 , 1 , 1 , 1 , 0 , 0 , 1 , 0 , 0 , 0 , 
RegressionTest2::test1314 , 0 , 0 , 1 , 1 , 0 , 1 , 1 , 0 , 1 , 0 , 1 , 1 , 1 , 0 , 0 , 1 , 0 , 0 , 0 , 
RegressionTest2::test1316 , 0 , 0 , 1 , 1 , 0 , 1 , 1 , 0 , 1 , 0 , 1 , 1 , 1 , 0 , 0 , 1 , 0 , 0 , 0 , 
RegressionTest2::test1317 , 0 , 0 , 0 , 0 , 0 , 0 , 0 , 0 , 0 , 0 , 0 , 0 , 0 , 0 , 0 , 0 , 1 , 0 , 1 , 
