: , RegressionTest0::test1 , TokeniserState_ESTest::notGeneratedAnyTest , HtmlParserTest::parsesSimpleDocument , HtmlParserTest::parsesRoughAttributes , HtmlParserTest::parsesQuiteRoughAttributes , HtmlParserTest::parsesComments , HtmlParserTest::parsesUnterminatedComments , HtmlParserTest::dropsUnterminatedTag , HtmlParserTest::dropsUnterminatedAttribute , HtmlParserTest::parsesUnterminatedTextarea , HtmlParserTest::parsesUnterminatedOption , HtmlParserTest::testSpaceAfterTag , HtmlParserTest::createsDocumentStructure , HtmlParserTest::createsStructureFromBodySnippet , HtmlParserTest::handlesEscapedData , HtmlParserTest::handlesDataOnlyTags , HtmlParserTest::handlesTextAfterData , HtmlParserTest::handlesTextArea , HtmlParserTest::doesNotCreateImplicitLists , HtmlParserTest::discardsNakedTds , HtmlParserTest::handlesNestedImplicitTable , HtmlParserTest::handlesWhatWgExpensesTableExample , HtmlParserTest::handlesTbodyTable , HtmlParserTest::handlesImplicitCaptionClose , HtmlParserTest::noTableDirectInTable , HtmlParserTest::ignoresDupeEndTrTag , HtmlParserTest::handlesBaseTags , HtmlParserTest::handlesCdata , HtmlParserTest::handlesInvalidStartTags , HtmlParserTest::handlesUnknownTags , HtmlParserTest::handlesUnknownInlineTags , HtmlParserTest::parsesBodyFragment , HtmlParserTest::handlesUnknownNamespaceTags , HtmlParserTest::handlesKnownEmptyBlocks , HtmlParserTest::handlesSolidusAtAttributeEnd , HtmlParserTest::handlesMultiClosingBody , HtmlParserTest::handlesUnclosedDefinitionLists , HtmlParserTest::handlesBlocksInDefinitions , HtmlParserTest::handlesFrames , HtmlParserTest::ignoresContentAfterFrameset , HtmlParserTest::handlesJavadocFont , HtmlParserTest::handlesBaseWithoutHref , HtmlParserTest::normalisesDocument , HtmlParserTest::normalisesEmptyDocument , HtmlParserTest::normalisesHeadlessBody , HtmlParserTest::normalisedBodyAfterContent , HtmlParserTest::findsCharsetInMalformedMeta , HtmlParserTest::testHgroup , HtmlParserTest::testRelaxedTags , HtmlParserTest::testHeaderContents , HtmlParserTest::testSpanContents , HtmlParserTest::testNoImagesInNoScriptInHead , HtmlParserTest::testAFlowContents , HtmlParserTest::testFontFlowContents , HtmlParserTest::handlesMisnestedTagsBI , HtmlParserTest::handlesMisnestedTagsBP , HtmlParserTest::handlesUnexpectedMarkupInTables , HtmlParserTest::handlesUnclosedFormattingElements , HtmlParserTest::reconstructFormattingElements , HtmlParserTest::reconstructFormattingElementsInTable , HtmlParserTest::commentBeforeHtml , HtmlParserTest::emptyTdTag , HtmlParserTest::handlesSolidusInA , HtmlParserTest::handlesSpanInTbody , HtmlParserTest::handlesUnclosedTitleAtEof , HtmlParserTest::handlesUnclosedTitle , HtmlParserTest::handlesUnclosedScriptAtEof , HtmlParserTest::handlesUnclosedRawtextAtEof , HtmlParserTest::noImplicitFormForTextAreas , HtmlParserTest::handlesEscapedScript , HtmlParserTest::handles0CharacterAsText , HtmlParserTest::handlesNullInData , HtmlParserTest::handlesNullInComments , HtmlParserTest::handlesNewlinesAndWhitespaceInTag , HtmlParserTest::handlesWhitespaceInoDocType , HtmlParserTest::tracksErrorsWhenRequested , HtmlParserTest::tracksLimitedErrorsWhenRequested , HtmlParserTest::noErrorsByDefault , HtmlParserTest::handlesCommentsInTable , HtmlParserTest::handlesQuotesInCommentsInScripts , 
RegressionTest0::test1 , 0 , 203 , 334 , 282 , 289 , 442 , 337 , 228 , 169 , 202 , 260 , 194 , 700 , 172 , 245 , 419 , 221 , 186 , 674 , 181 , 341 , 1133 , 245 , 225 , 315 , 364 , 674 , 325 , 193 , 305 , 199 , 314 , 265 , 463 , 173 , 203 , 312 , 369 , 333 , 265 , 359 , 271 , 285 , 176 , 212 , 249 , 183 , 288 , 196 , 214 , 190 , 253 , 180 , 188 , 181 , 177 , 233 , 895 , 245 , 499 , 224 , 187 , 225 , 277 , 424 , 395 , 1193 , 613 , 161 , 181 , 167 , 190 , 168 , 176 , 379 , 751 , 554 , 234 , 272 , 396 , 
TokeniserState_ESTest::notGeneratedAnyTest , 203 , 0 , 396 , 341 , 356 , 530 , 414 , 291 , 138 , 243 , 316 , 229 , 815 , 168 , 296 , 518 , 264 , 211 , 787 , 198 , 399 , 1252 , 288 , 261 , 366 , 415 , 791 , 391 , 237 , 380 , 250 , 373 , 324 , 551 , 174 , 247 , 381 , 439 , 399 , 328 , 424 , 331 , 335 , 160 , 246 , 296 , 219 , 341 , 235 , 256 , 225 , 303 , 214 , 229 , 190 , 174 , 282 , 978 , 288 , 569 , 263 , 210 , 268 , 337 , 523 , 479 , 1329 , 727 , 158 , 206 , 130 , 204 , 157 , 187 , 455 , 874 , 660 , 297 , 326 , 476 , 
HtmlParserTest::parsesSimpleDocument , 334 , 396 , 0 , 121 , 273 , 284 , 253 , 245 , 292 , 263 , 253 , 307 , 563 , 287 , 220 , 350 , 258 , 271 , 550 , 276 , 335 , 1056 , 299 , 310 , 332 , 340 , 561 , 244 , 268 , 210 , 252 , 285 , 278 , 367 , 285 , 239 , 253 , 297 , 271 , 246 , 243 , 221 , 264 , 308 , 297 , 302 , 272 , 327 , 315 , 309 , 307 , 297 , 307 , 308 , 280 , 285 , 281 , 769 , 280 , 411 , 270 , 259 , 227 , 243 , 341 , 332 , 1069 , 521 , 306 , 306 , 313 , 307 , 313 , 303 , 343 , 627 , 437 , 251 , 272 , 332 , 
HtmlParserTest::parsesRoughAttributes , 282 , 341 , 121 , 0 , 235 , 338 , 274 , 233 , 236 , 224 , 224 , 265 , 606 , 236 , 195 , 370 , 223 , 229 , 583 , 236 , 327 , 1076 , 254 , 275 , 297 , 335 , 603 , 268 , 222 , 247 , 199 , 276 , 256 , 399 , 230 , 201 , 247 , 308 , 269 , 212 , 249 , 182 , 260 , 270 , 259 , 268 , 222 , 298 , 275 , 265 , 270 , 264 , 270 , 271 , 232 , 237 , 254 , 791 , 248 , 432 , 251 , 223 , 179 , 228 , 354 , 316 , 1112 , 540 , 259 , 269 , 264 , 265 , 264 , 256 , 325 , 676 , 477 , 218 , 266 , 338 , 
HtmlParserTest::parsesQuiteRoughAttributes , 289 , 356 , 273 , 235 , 0 , 361 , 256 , 205 , 246 , 237 , 251 , 255 , 600 , 242 , 228 , 345 , 241 , 246 , 587 , 220 , 304 , 1052 , 277 , 264 , 284 , 332 , 587 , 288 , 248 , 245 , 246 , 251 , 259 , 384 , 220 , 242 , 231 , 280 , 300 , 279 , 318 , 252 , 260 , 255 , 253 , 261 , 251 , 297 , 260 , 260 , 258 , 283 , 255 , 259 , 219 , 221 , 231 , 763 , 218 , 384 , 231 , 234 , 229 , 277 , 356 , 326 , 1100 , 542 , 258 , 271 , 257 , 256 , 259 , 246 , 345 , 666 , 476 , 253 , 252 , 318 , 
HtmlParserTest::parsesComments , 442 , 530 , 284 , 338 , 361 , 0 , 312 , 350 , 437 , 379 , 379 , 418 , 507 , 424 , 343 , 407 , 380 , 385 , 558 , 405 , 422 , 1014 , 403 , 418 , 399 , 401 , 541 , 345 , 406 , 321 , 384 , 373 , 399 , 371 , 425 , 376 , 339 , 366 , 375 , 383 , 379 , 356 , 373 , 433 , 406 , 407 , 414 , 433 , 420 , 419 , 423 , 413 , 423 , 421 , 411 , 414 , 396 , 745 , 393 , 385 , 383 , 392 , 363 , 355 , 423 , 406 , 1053 , 538 , 430 , 426 , 442 , 436 , 440 , 424 , 425 , 608 , 462 , 378 , 372 , 393 , 
HtmlParserTest::parsesUnterminatedComments , 337 , 414 , 253 , 274 , 256 , 312 , 0 , 199 , 302 , 264 , 257 , 313 , 530 , 306 , 246 , 327 , 304 , 269 , 529 , 289 , 341 , 1038 , 317 , 312 , 324 , 355 , 530 , 280 , 292 , 233 , 291 , 289 , 314 , 330 , 307 , 286 , 247 , 304 , 331 , 301 , 293 , 286 , 313 , 318 , 308 , 313 , 299 , 342 , 310 , 310 , 312 , 317 , 308 , 311 , 308 , 306 , 300 , 782 , 307 , 398 , 298 , 305 , 260 , 308 , 345 , 333 , 1059 , 506 , 318 , 313 , 331 , 316 , 325 , 313 , 343 , 604 , 435 , 283 , 294 , 334 , 
HtmlParserTest::dropsUnterminatedTag , 228 , 291 , 245 , 233 , 205 , 350 , 199 , 0 , 180 , 184 , 207 , 201 , 596 , 209 , 182 , 308 , 214 , 190 , 541 , 200 , 313 , 1081 , 248 , 217 , 283 , 329 , 565 , 248 , 211 , 217 , 204 , 257 , 239 , 369 , 206 , 201 , 186 , 266 , 299 , 246 , 292 , 246 , 252 , 207 , 209 , 225 , 215 , 276 , 206 , 214 , 209 , 234 , 209 , 210 , 204 , 201 , 222 , 797 , 220 , 404 , 201 , 200 , 196 , 252 , 331 , 323 , 1105 , 530 , 205 , 203 , 214 , 208 , 212 , 203 , 341 , 658 , 477 , 211 , 243 , 330 , 
HtmlParserTest::dropsUnterminatedAttribute , 169 , 138 , 292 , 236 , 246 , 437 , 302 , 180 , 0 , 149 , 219 , 173 , 709 , 61 , 200 , 402 , 170 , 145 , 667 , 107 , 336 , 1160 , 234 , 206 , 310 , 356 , 694 , 300 , 134 , 284 , 160 , 279 , 218 , 455 , 68 , 151 , 279 , 335 , 311 , 228 , 330 , 234 , 242 , 123 , 185 , 234 , 116 , 289 , 181 , 200 , 173 , 244 , 164 , 174 , 90 , 75 , 182 , 875 , 184 , 466 , 175 , 124 , 179 , 244 , 424 , 383 , 1219 , 629 , 111 , 148 , 89 , 164 , 114 , 125 , 347 , 769 , 555 , 207 , 232 , 369 , 
HtmlParserTest::parsesUnterminatedTextarea , 202 , 243 , 263 , 224 , 237 , 379 , 264 , 184 , 149 , 0 , 127 , 166 , 631 , 162 , 185 , 369 , 197 , 87 , 602 , 157 , 288 , 1090 , 197 , 179 , 268 , 303 , 606 , 263 , 159 , 234 , 169 , 239 , 239 , 392 , 159 , 152 , 234 , 303 , 318 , 239 , 283 , 184 , 259 , 166 , 174 , 215 , 160 , 258 , 170 , 180 , 166 , 211 , 164 , 165 , 156 , 155 , 206 , 853 , 213 , 451 , 203 , 156 , 150 , 239 , 361 , 319 , 1131 , 548 , 133 , 142 , 155 , 163 , 149 , 148 , 353 , 684 , 490 , 216 , 235 , 369 , 
HtmlParserTest::parsesUnterminatedOption , 260 , 316 , 253 , 224 , 251 , 379 , 257 , 207 , 219 , 127 , 0 , 213 , 595 , 229 , 206 , 367 , 220 , 155 , 579 , 217 , 291 , 1061 , 220 , 214 , 269 , 291 , 578 , 259 , 215 , 204 , 208 , 257 , 245 , 385 , 227 , 192 , 240 , 288 , 308 , 251 , 273 , 215 , 263 , 234 , 219 , 229 , 226 , 261 , 217 , 213 , 210 , 233 , 213 , 210 , 219 , 222 , 229 , 828 , 225 , 440 , 227 , 217 , 193 , 240 , 334 , 306 , 1088 , 515 , 216 , 203 , 229 , 217 , 225 , 223 , 347 , 658 , 475 , 230 , 247 , 355 , 
HtmlParserTest::testSpaceAfterTag , 194 , 229 , 307 , 265 , 255 , 418 , 313 , 201 , 173 , 166 , 213 , 0 , 688 , 180 , 226 , 406 , 165 , 156 , 653 , 127 , 244 , 1068 , 146 , 134 , 221 , 260 , 665 , 299 , 183 , 279 , 197 , 254 , 191 , 440 , 153 , 190 , 285 , 288 , 283 , 212 , 339 , 252 , 233 , 121 , 136 , 162 , 191 , 194 , 99 , 116 , 94 , 146 , 95 , 101 , 149 , 146 , 170 , 845 , 197 , 450 , 166 , 160 , 211 , 262 , 404 , 352 , 1171 , 601 , 133 , 135 , 131 , 148 , 135 , 120 , 354 , 743 , 547 , 243 , 216 , 376 , 
HtmlParserTest::createsDocumentStructure , 700 , 815 , 563 , 606 , 600 , 507 , 530 , 596 , 709 , 631 , 595 , 688 , 0 , 693 , 599 , 549 , 652 , 643 , 514 , 674 , 663 , 1009 , 666 , 675 , 654 , 650 , 529 , 571 , 666 , 538 , 654 , 605 , 660 , 504 , 690 , 640 , 531 , 588 , 638 , 641 , 595 , 609 , 642 , 702 , 667 , 654 , 681 , 673 , 682 , 679 , 684 , 664 , 688 , 683 , 693 , 696 , 662 , 771 , 659 , 583 , 652 , 668 , 619 , 610 , 559 , 569 , 904 , 577 , 700 , 689 , 726 , 698 , 718 , 693 , 636 , 596 , 550 , 634 , 639 , 601 , 
HtmlParserTest::createsStructureFromBodySnippet , 172 , 168 , 287 , 236 , 242 , 424 , 306 , 209 , 61 , 162 , 229 , 180 , 693 , 0 , 194 , 401 , 171 , 148 , 658 , 116 , 328 , 1147 , 227 , 210 , 310 , 349 , 683 , 298 , 139 , 275 , 164 , 269 , 213 , 453 , 81 , 147 , 273 , 337 , 300 , 224 , 322 , 229 , 239 , 134 , 186 , 235 , 127 , 286 , 182 , 199 , 176 , 235 , 165 , 171 , 94 , 81 , 177 , 866 , 176 , 466 , 178 , 131 , 178 , 242 , 418 , 377 , 1210 , 620 , 122 , 149 , 102 , 173 , 120 , 132 , 342 , 756 , 541 , 201 , 223 , 363 , 
HtmlParserTest::handlesEscapedData , 245 , 296 , 220 , 195 , 228 , 343 , 246 , 182 , 200 , 185 , 206 , 226 , 599 , 194 , 0 , 363 , 192 , 169 , 603 , 193 , 321 , 1086 , 249 , 246 , 292 , 329 , 577 , 207 , 183 , 185 , 187 , 246 , 230 , 364 , 195 , 179 , 240 , 267 , 277 , 236 , 258 , 169 , 232 , 222 , 234 , 252 , 200 , 292 , 234 , 239 , 229 , 262 , 223 , 227 , 193 , 194 , 211 , 815 , 211 , 425 , 198 , 193 , 132 , 225 , 351 , 334 , 1123 , 548 , 210 , 205 , 214 , 222 , 217 , 204 , 327 , 665 , 467 , 190 , 220 , 334 , 
HtmlParserTest::handlesDataOnlyTags , 419 , 518 , 350 , 370 , 345 , 407 , 327 , 308 , 402 , 369 , 367 , 406 , 549 , 401 , 363 , 0 , 375 , 358 , 512 , 391 , 409 , 1016 , 413 , 394 , 396 , 408 , 544 , 366 , 366 , 337 , 383 , 367 , 389 , 406 , 391 , 364 , 323 , 392 , 380 , 384 , 373 , 368 , 388 , 421 , 387 , 385 , 385 , 414 , 406 , 409 , 407 , 400 , 406 , 406 , 396 , 400 , 400 , 779 , 394 , 441 , 393 , 385 , 359 , 365 , 362 , 340 , 999 , 483 , 421 , 397 , 430 , 409 , 431 , 412 , 413 , 606 , 475 , 382 , 386 , 404 , 
HtmlParserTest::handlesTextAfterData , 221 , 264 , 258 , 223 , 241 , 380 , 304 , 214 , 170 , 197 , 220 , 165 , 652 , 171 , 192 , 375 , 0 , 180 , 633 , 122 , 253 , 1050 , 170 , 175 , 247 , 265 , 632 , 266 , 162 , 252 , 155 , 244 , 160 , 406 , 147 , 146 , 269 , 265 , 193 , 134 , 300 , 217 , 140 , 124 , 151 , 172 , 167 , 224 , 176 , 168 , 165 , 169 , 164 , 169 , 130 , 133 , 125 , 797 , 167 , 420 , 119 , 135 , 175 , 199 , 391 , 356 , 1142 , 577 , 194 , 168 , 186 , 197 , 192 , 193 , 307 , 719 , 518 , 214 , 143 , 327 , 
HtmlParserTest::handlesTextArea , 186 , 211 , 271 , 229 , 246 , 385 , 269 , 190 , 145 , 87 , 155 , 156 , 643 , 148 , 169 , 358 , 180 , 0 , 619 , 141 , 281 , 1094 , 184 , 177 , 259 , 298 , 620 , 260 , 157 , 235 , 159 , 249 , 231 , 409 , 138 , 148 , 238 , 306 , 301 , 235 , 288 , 191 , 244 , 146 , 160 , 204 , 159 , 247 , 157 , 165 , 150 , 207 , 146 , 154 , 138 , 137 , 198 , 850 , 209 , 454 , 195 , 149 , 144 , 229 , 369 , 323 , 1149 , 560 , 117 , 134 , 137 , 142 , 133 , 138 , 357 , 703 , 507 , 199 , 222 , 368 , 
HtmlParserTest::doesNotCreateImplicitLists , 674 , 787 , 550 , 583 , 587 , 558 , 529 , 541 , 667 , 602 , 579 , 653 , 514 , 658 , 603 , 512 , 633 , 619 , 0 , 646 , 629 , 1006 , 653 , 644 , 621 , 628 , 564 , 547 , 620 , 530 , 628 , 596 , 632 , 513 , 657 , 597 , 512 , 571 , 607 , 616 , 548 , 591 , 613 , 675 , 639 , 627 , 635 , 642 , 653 , 647 , 647 , 647 , 654 , 648 , 662 , 665 , 642 , 776 , 634 , 596 , 637 , 638 , 596 , 569 , 553 , 544 , 893 , 571 , 674 , 657 , 694 , 668 , 688 , 671 , 592 , 615 , 577 , 598 , 637 , 571 , 
HtmlParserTest::discardsNakedTds , 181 , 198 , 276 , 236 , 220 , 405 , 289 , 200 , 107 , 157 , 217 , 127 , 674 , 116 , 193 , 391 , 122 , 141 , 646 , 0 , 277 , 1096 , 174 , 165 , 253 , 284 , 653 , 276 , 128 , 252 , 148 , 221 , 153 , 420 , 91 , 116 , 256 , 278 , 253 , 180 , 306 , 216 , 189 , 100 , 164 , 204 , 137 , 216 , 132 , 130 , 113 , 200 , 106 , 119 , 82 , 82 , 122 , 846 , 149 , 427 , 124 , 108 , 168 , 212 , 411 , 361 , 1189 , 607 , 133 , 151 , 116 , 165 , 135 , 141 , 326 , 735 , 531 , 206 , 182 , 350 , 
HtmlParserTest::handlesNestedImplicitTable , 341 , 399 , 335 , 327 , 304 , 422 , 341 , 313 , 336 , 288 , 291 , 244 , 663 , 328 , 321 , 409 , 253 , 281 , 629 , 277 , 0 , 902 , 178 , 194 , 152 , 172 , 640 , 343 , 315 , 329 , 283 , 308 , 267 , 438 , 305 , 306 , 331 , 300 , 297 , 259 , 365 , 320 , 284 , 267 , 249 , 239 , 325 , 230 , 243 , 233 , 246 , 225 , 241 , 244 , 284 , 290 , 204 , 804 , 276 , 416 , 260 , 282 , 317 , 297 , 385 , 336 , 1128 , 562 , 285 , 276 , 299 , 285 , 294 , 287 , 380 , 721 , 537 , 323 , 223 , 387 , 
HtmlParserTest::handlesWhatWgExpensesTableExample , 1133 , 1252 , 1056 , 1076 , 1052 , 1014 , 1038 , 1081 , 1160 , 1090 , 1061 , 1068 , 1009 , 1147 , 1086 , 1016 , 1050 , 1094 , 1006 , 1096 , 902 , 0 , 1007 , 1027 , 961 , 943 , 1011 , 1047 , 1103 , 1052 , 1084 , 1059 , 1050 , 1020 , 1128 , 1097 , 1055 , 998 , 999 , 1038 , 1068 , 1075 , 1036 , 1114 , 1050 , 1035 , 1122 , 999 , 1072 , 1048 , 1064 , 1031 , 1068 , 1067 , 1114 , 1119 , 1040 , 982 , 1064 , 979 , 1063 , 1100 , 1098 , 1053 , 1027 , 982 , 1140 , 1019 , 1127 , 1102 , 1141 , 1112 , 1137 , 1112 , 1056 , 1006 , 1012 , 1087 , 1017 , 1014 , 
HtmlParserTest::handlesTbodyTable , 245 , 288 , 299 , 254 , 277 , 403 , 317 , 248 , 234 , 197 , 220 , 146 , 666 , 227 , 249 , 413 , 170 , 184 , 653 , 174 , 178 , 1007 , 0 , 128 , 169 , 192 , 656 , 306 , 217 , 292 , 206 , 271 , 200 , 437 , 208 , 210 , 295 , 291 , 271 , 204 , 330 , 254 , 218 , 165 , 168 , 180 , 232 , 192 , 147 , 144 , 144 , 153 , 142 , 146 , 191 , 195 , 151 , 812 , 220 , 433 , 189 , 189 , 234 , 239 , 385 , 341 , 1156 , 574 , 183 , 177 , 194 , 200 , 192 , 192 , 358 , 734 , 543 , 260 , 185 , 380 , 
HtmlParserTest::handlesImplicitCaptionClose , 225 , 261 , 310 , 275 , 264 , 418 , 312 , 217 , 206 , 179 , 214 , 134 , 675 , 210 , 246 , 394 , 175 , 177 , 644 , 165 , 194 , 1027 , 128 , 0 , 174 , 226 , 655 , 297 , 208 , 278 , 196 , 274 , 210 , 435 , 186 , 205 , 280 , 287 , 283 , 220 , 341 , 261 , 235 , 132 , 140 , 160 , 215 , 204 , 140 , 144 , 130 , 161 , 126 , 133 , 182 , 178 , 153 , 840 , 211 , 430 , 176 , 191 , 227 , 271 , 393 , 338 , 1162 , 586 , 148 , 165 , 160 , 168 , 162 , 158 , 360 , 727 , 536 , 252 , 189 , 378 , 
HtmlParserTest::noTableDirectInTable , 315 , 366 , 332 , 297 , 284 , 399 , 324 , 283 , 310 , 268 , 269 , 221 , 654 , 310 , 292 , 396 , 247 , 259 , 621 , 253 , 152 , 961 , 169 , 174 , 0 , 159 , 637 , 335 , 295 , 311 , 275 , 309 , 266 , 439 , 290 , 291 , 309 , 310 , 286 , 257 , 361 , 300 , 239 , 236 , 202 , 200 , 309 , 234 , 218 , 218 , 221 , 232 , 218 , 220 , 274 , 276 , 199 , 805 , 266 , 407 , 243 , 265 , 296 , 303 , 378 , 331 , 1134 , 566 , 252 , 259 , 274 , 262 , 272 , 267 , 375 , 714 , 535 , 287 , 216 , 380 , 
HtmlParserTest::ignoresDupeEndTrTag , 364 , 415 , 340 , 335 , 332 , 401 , 355 , 329 , 356 , 303 , 291 , 260 , 650 , 349 , 329 , 408 , 265 , 298 , 628 , 284 , 172 , 943 , 192 , 226 , 159 , 0 , 636 , 348 , 324 , 320 , 305 , 327 , 269 , 443 , 331 , 319 , 345 , 315 , 272 , 252 , 360 , 338 , 254 , 289 , 251 , 242 , 338 , 249 , 258 , 255 , 266 , 251 , 263 , 264 , 307 , 316 , 227 , 797 , 295 , 411 , 279 , 281 , 330 , 292 , 388 , 346 , 1118 , 559 , 300 , 298 , 323 , 314 , 323 , 314 , 389 , 714 , 525 , 331 , 234 , 369 , 
HtmlParserTest::handlesBaseTags , 674 , 791 , 561 , 603 , 587 , 541 , 530 , 565 , 694 , 606 , 578 , 665 , 529 , 683 , 577 , 544 , 632 , 620 , 564 , 653 , 640 , 1011 , 656 , 655 , 637 , 636 , 0 , 551 , 647 , 510 , 635 , 565 , 624 , 531 , 672 , 622 , 537 , 553 , 599 , 639 , 568 , 543 , 633 , 686 , 648 , 641 , 654 , 649 , 661 , 660 , 666 , 649 , 669 , 662 , 660 , 667 , 646 , 779 , 642 , 577 , 641 , 641 , 581 , 590 , 556 , 561 , 912 , 591 , 681 , 655 , 695 , 672 , 696 , 671 , 621 , 581 , 516 , 602 , 637 , 606 , 
HtmlParserTest::handlesCdata , 325 , 391 , 244 , 268 , 288 , 345 , 280 , 248 , 300 , 263 , 259 , 299 , 571 , 298 , 207 , 366 , 266 , 260 , 547 , 276 , 343 , 1047 , 306 , 297 , 335 , 348 , 551 , 0 , 257 , 215 , 264 , 284 , 289 , 315 , 289 , 247 , 268 , 293 , 298 , 282 , 249 , 246 , 278 , 295 , 292 , 311 , 288 , 325 , 304 , 309 , 297 , 318 , 295 , 298 , 281 , 284 , 283 , 793 , 295 , 431 , 278 , 267 , 225 , 247 , 347 , 342 , 1086 , 528 , 295 , 298 , 303 , 290 , 301 , 287 , 353 , 624 , 435 , 259 , 277 , 346 , 
HtmlParserTest::handlesInvalidStartTags , 193 , 237 , 268 , 222 , 248 , 406 , 292 , 211 , 134 , 159 , 215 , 183 , 666 , 139 , 183 , 366 , 162 , 157 , 620 , 128 , 315 , 1103 , 217 , 208 , 295 , 324 , 647 , 257 , 0 , 247 , 156 , 257 , 194 , 408 , 125 , 143 , 258 , 305 , 272 , 197 , 294 , 222 , 221 , 177 , 209 , 237 , 119 , 270 , 196 , 202 , 189 , 236 , 184 , 192 , 125 , 123 , 186 , 839 , 190 , 448 , 184 , 115 , 176 , 211 , 392 , 342 , 1164 , 585 , 169 , 154 , 156 , 189 , 164 , 169 , 322 , 727 , 520 , 203 , 224 , 340 , 
HtmlParserTest::handlesUnknownTags , 305 , 380 , 210 , 247 , 245 , 321 , 233 , 217 , 284 , 234 , 204 , 279 , 538 , 275 , 185 , 337 , 252 , 235 , 530 , 252 , 329 , 1052 , 292 , 278 , 311 , 320 , 510 , 215 , 247 , 0 , 237 , 249 , 259 , 319 , 269 , 230 , 209 , 247 , 291 , 272 , 257 , 216 , 273 , 287 , 279 , 292 , 272 , 303 , 281 , 286 , 283 , 298 , 280 , 280 , 261 , 265 , 260 , 782 , 267 , 393 , 259 , 252 , 198 , 245 , 303 , 310 , 1041 , 484 , 280 , 272 , 295 , 277 , 290 , 273 , 334 , 607 , 415 , 253 , 257 , 335 , 
HtmlParserTest::handlesUnknownInlineTags , 199 , 250 , 252 , 199 , 246 , 384 , 291 , 204 , 160 , 169 , 208 , 197 , 654 , 164 , 187 , 383 , 155 , 159 , 628 , 148 , 283 , 1084 , 206 , 196 , 275 , 305 , 635 , 264 , 156 , 237 , 0 , 240 , 193 , 398 , 161 , 126 , 254 , 272 , 260 , 195 , 289 , 194 , 214 , 175 , 182 , 207 , 159 , 260 , 196 , 201 , 190 , 220 , 185 , 192 , 148 , 151 , 176 , 814 , 200 , 435 , 173 , 153 , 166 , 205 , 382 , 345 , 1142 , 575 , 190 , 190 , 180 , 176 , 186 , 182 , 339 , 713 , 509 , 191 , 189 , 332 , 
HtmlParserTest::parsesBodyFragment , 314 , 373 , 285 , 276 , 251 , 373 , 289 , 257 , 279 , 239 , 257 , 254 , 605 , 269 , 246 , 367 , 244 , 249 , 596 , 221 , 308 , 1059 , 271 , 274 , 309 , 327 , 565 , 284 , 257 , 249 , 240 , 0 , 276 , 375 , 244 , 245 , 268 , 311 , 311 , 286 , 327 , 200 , 270 , 255 , 270 , 279 , 263 , 297 , 269 , 272 , 262 , 291 , 262 , 262 , 250 , 247 , 250 , 795 , 244 , 413 , 217 , 240 , 232 , 279 , 387 , 353 , 1102 , 547 , 271 , 271 , 279 , 271 , 279 , 277 , 370 , 665 , 471 , 268 , 246 , 355 , 
HtmlParserTest::handlesUnknownNamespaceTags , 265 , 324 , 278 , 256 , 259 , 399 , 314 , 239 , 218 , 239 , 245 , 191 , 660 , 213 , 230 , 389 , 160 , 231 , 632 , 153 , 267 , 1050 , 200 , 210 , 266 , 269 , 624 , 289 , 194 , 259 , 193 , 276 , 0 , 405 , 185 , 190 , 292 , 271 , 240 , 185 , 308 , 239 , 205 , 202 , 217 , 230 , 205 , 241 , 159 , 202 , 198 , 225 , 196 , 197 , 173 , 177 , 151 , 804 , 187 , 424 , 172 , 182 , 216 , 224 , 401 , 359 , 1150 , 587 , 232 , 234 , 234 , 240 , 234 , 221 , 320 , 714 , 518 , 236 , 198 , 336 , 
HtmlParserTest::handlesKnownEmptyBlocks , 463 , 551 , 367 , 399 , 384 , 371 , 330 , 369 , 455 , 392 , 385 , 440 , 504 , 453 , 364 , 406 , 406 , 409 , 513 , 420 , 438 , 1020 , 437 , 435 , 439 , 443 , 531 , 315 , 408 , 319 , 398 , 375 , 405 , 0 , 436 , 387 , 336 , 347 , 414 , 422 , 370 , 369 , 421 , 450 , 435 , 429 , 432 , 448 , 442 , 439 , 440 , 444 , 440 , 437 , 427 , 434 , 414 , 763 , 421 , 425 , 417 , 408 , 366 , 375 , 402 , 405 , 1001 , 512 , 449 , 426 , 464 , 446 , 463 , 447 , 427 , 603 , 485 , 410 , 409 , 419 , 
HtmlParserTest::handlesSolidusAtAttributeEnd , 173 , 174 , 285 , 230 , 220 , 425 , 307 , 206 , 68 , 159 , 227 , 153 , 690 , 81 , 195 , 391 , 147 , 138 , 657 , 91 , 305 , 1128 , 208 , 186 , 290 , 331 , 672 , 289 , 125 , 269 , 161 , 244 , 185 , 436 , 0 , 130 , 262 , 300 , 281 , 203 , 314 , 215 , 218 , 120 , 185 , 218 , 118 , 266 , 162 , 178 , 156 , 224 , 146 , 159 , 63 , 52 , 152 , 847 , 152 , 444 , 159 , 107 , 151 , 227 , 412 , 364 , 1200 , 611 , 105 , 139 , 87 , 144 , 102 , 97 , 323 , 753 , 542 , 210 , 208 , 345 , 
HtmlParserTest::handlesMultiClosingBody , 203 , 247 , 239 , 201 , 242 , 376 , 286 , 201 , 151 , 152 , 192 , 190 , 640 , 147 , 179 , 364 , 146 , 148 , 597 , 116 , 306 , 1097 , 210 , 205 , 291 , 319 , 622 , 247 , 143 , 230 , 126 , 245 , 190 , 387 , 130 , 0 , 238 , 267 , 266 , 199 , 269 , 189 , 205 , 177 , 196 , 233 , 143 , 269 , 191 , 204 , 180 , 234 , 178 , 184 , 121 , 123 , 171 , 826 , 179 , 429 , 172 , 130 , 150 , 169 , 375 , 344 , 1144 , 571 , 178 , 178 , 171 , 181 , 169 , 179 , 319 , 706 , 494 , 193 , 209 , 341 , 
HtmlParserTest::handlesUnclosedDefinitionLists , 312 , 381 , 253 , 247 , 231 , 339 , 247 , 186 , 279 , 234 , 240 , 285 , 531 , 273 , 240 , 323 , 269 , 238 , 512 , 256 , 331 , 1055 , 295 , 280 , 309 , 345 , 537 , 268 , 258 , 209 , 254 , 268 , 292 , 336 , 262 , 238 , 0 , 240 , 323 , 293 , 287 , 246 , 291 , 287 , 279 , 285 , 274 , 318 , 283 , 288 , 284 , 304 , 280 , 283 , 265 , 262 , 260 , 788 , 278 , 411 , 272 , 267 , 229 , 266 , 308 , 301 , 1043 , 485 , 288 , 276 , 296 , 281 , 288 , 281 , 335 , 628 , 459 , 263 , 274 , 345 , 
HtmlParserTest::handlesBlocksInDefinitions , 369 , 439 , 297 , 308 , 280 , 366 , 304 , 266 , 335 , 303 , 288 , 288 , 588 , 337 , 267 , 392 , 265 , 306 , 571 , 278 , 300 , 998 , 291 , 287 , 310 , 315 , 553 , 293 , 305 , 247 , 272 , 311 , 271 , 347 , 300 , 267 , 240 , 0 , 305 , 288 , 322 , 272 , 294 , 315 , 308 , 304 , 319 , 316 , 295 , 296 , 294 , 304 , 292 , 296 , 288 , 299 , 261 , 771 , 284 , 399 , 270 , 291 , 252 , 271 , 357 , 339 , 1052 , 514 , 326 , 330 , 342 , 344 , 335 , 320 , 357 , 654 , 475 , 318 , 267 , 348 , 
HtmlParserTest::handlesFrames , 333 , 399 , 271 , 269 , 300 , 375 , 331 , 299 , 311 , 318 , 308 , 283 , 638 , 300 , 277 , 380 , 193 , 301 , 607 , 253 , 297 , 999 , 271 , 283 , 286 , 272 , 599 , 298 , 272 , 291 , 260 , 311 , 240 , 414 , 281 , 266 , 323 , 305 , 0 , 145 , 306 , 278 , 205 , 261 , 243 , 251 , 283 , 284 , 292 , 280 , 286 , 220 , 288 , 288 , 268 , 276 , 238 , 761 , 260 , 426 , 229 , 247 , 277 , 256 , 396 , 366 , 1079 , 560 , 316 , 294 , 318 , 317 , 325 , 304 , 338 , 688 , 502 , 281 , 239 , 338 , 
HtmlParserTest::ignoresContentAfterFrameset , 265 , 328 , 246 , 212 , 279 , 383 , 301 , 246 , 228 , 239 , 251 , 212 , 641 , 224 , 236 , 384 , 134 , 235 , 616 , 180 , 259 , 1038 , 204 , 220 , 257 , 252 , 639 , 282 , 197 , 272 , 195 , 286 , 185 , 422 , 203 , 199 , 293 , 288 , 145 , 0 , 307 , 239 , 174 , 193 , 215 , 217 , 205 , 249 , 222 , 213 , 213 , 193 , 214 , 216 , 191 , 199 , 162 , 799 , 197 , 429 , 163 , 177 , 228 , 219 , 376 , 351 , 1138 , 566 , 241 , 243 , 250 , 259 , 256 , 250 , 316 , 709 , 510 , 228 , 178 , 343 , 
HtmlParserTest::handlesJavadocFont , 359 , 424 , 243 , 249 , 318 , 379 , 293 , 292 , 330 , 283 , 273 , 339 , 595 , 322 , 258 , 373 , 300 , 288 , 548 , 306 , 365 , 1068 , 330 , 341 , 361 , 360 , 568 , 249 , 294 , 257 , 289 , 327 , 308 , 370 , 314 , 269 , 287 , 322 , 306 , 307 , 0 , 255 , 304 , 339 , 334 , 341 , 308 , 352 , 341 , 340 , 336 , 354 , 337 , 336 , 310 , 314 , 312 , 785 , 312 , 442 , 311 , 297 , 228 , 267 , 356 , 344 , 1061 , 518 , 326 , 327 , 338 , 329 , 337 , 323 , 344 , 645 , 462 , 288 , 316 , 351 , 
HtmlParserTest::handlesBaseWithoutHref , 271 , 331 , 221 , 182 , 252 , 356 , 286 , 246 , 234 , 184 , 215 , 252 , 609 , 229 , 169 , 368 , 217 , 191 , 591 , 216 , 320 , 1075 , 254 , 261 , 300 , 338 , 543 , 246 , 222 , 216 , 194 , 200 , 239 , 369 , 215 , 189 , 246 , 272 , 278 , 239 , 255 , 0 , 244 , 252 , 250 , 262 , 219 , 299 , 258 , 266 , 257 , 275 , 252 , 253 , 219 , 222 , 231 , 798 , 233 , 426 , 232 , 214 , 133 , 207 , 352 , 329 , 1105 , 533 , 239 , 244 , 248 , 253 , 248 , 232 , 327 , 652 , 456 , 214 , 242 , 348 , 
HtmlParserTest::normalisesDocument , 285 , 335 , 264 , 260 , 260 , 373 , 313 , 252 , 242 , 259 , 263 , 233 , 642 , 239 , 232 , 388 , 140 , 244 , 613 , 189 , 284 , 1036 , 218 , 235 , 239 , 254 , 633 , 278 , 221 , 273 , 214 , 270 , 205 , 421 , 218 , 205 , 291 , 294 , 205 , 174 , 304 , 244 , 0 , 187 , 177 , 195 , 226 , 243 , 237 , 219 , 226 , 212 , 227 , 228 , 207 , 214 , 187 , 773 , 207 , 413 , 168 , 197 , 226 , 238 , 393 , 347 , 1154 , 582 , 256 , 256 , 258 , 262 , 263 , 264 , 311 , 704 , 508 , 235 , 200 , 333 , 
HtmlParserTest::normalisesEmptyDocument , 176 , 160 , 308 , 270 , 255 , 433 , 318 , 207 , 123 , 166 , 234 , 121 , 702 , 134 , 222 , 421 , 124 , 146 , 675 , 100 , 267 , 1114 , 165 , 132 , 236 , 289 , 686 , 295 , 177 , 287 , 175 , 255 , 202 , 450 , 120 , 177 , 287 , 315 , 261 , 193 , 339 , 252 , 187 , 0 , 101 , 148 , 170 , 226 , 126 , 141 , 113 , 162 , 107 , 116 , 124 , 113 , 157 , 863 , 192 , 472 , 121 , 133 , 196 , 252 , 422 , 382 , 1209 , 618 , 98 , 129 , 88 , 126 , 107 , 120 , 355 , 767 , 564 , 235 , 189 , 379 , 
HtmlParserTest::normalisesHeadlessBody , 212 , 246 , 297 , 259 , 253 , 406 , 308 , 209 , 185 , 174 , 219 , 136 , 667 , 186 , 234 , 387 , 151 , 160 , 639 , 164 , 249 , 1050 , 168 , 140 , 202 , 251 , 648 , 292 , 209 , 279 , 182 , 270 , 217 , 435 , 185 , 196 , 279 , 308 , 243 , 215 , 334 , 250 , 177 , 101 , 0 , 106 , 209 , 212 , 146 , 153 , 131 , 149 , 129 , 135 , 181 , 174 , 183 , 815 , 221 , 443 , 172 , 187 , 220 , 260 , 395 , 350 , 1163 , 581 , 153 , 155 , 157 , 151 , 158 , 156 , 365 , 733 , 540 , 233 , 202 , 373 , 
HtmlParserTest::normalisedBodyAfterContent , 249 , 296 , 302 , 268 , 261 , 407 , 313 , 225 , 234 , 215 , 229 , 162 , 654 , 235 , 252 , 385 , 172 , 204 , 627 , 204 , 239 , 1035 , 180 , 160 , 200 , 242 , 641 , 311 , 237 , 292 , 207 , 279 , 230 , 429 , 218 , 233 , 285 , 304 , 251 , 217 , 341 , 262 , 195 , 148 , 106 , 0 , 243 , 218 , 175 , 173 , 162 , 160 , 161 , 154 , 220 , 221 , 206 , 804 , 230 , 441 , 191 , 217 , 248 , 272 , 396 , 347 , 1152 , 585 , 190 , 193 , 205 , 197 , 203 , 193 , 376 , 719 , 537 , 250 , 203 , 370 , 
HtmlParserTest::findsCharsetInMalformedMeta , 183 , 219 , 272 , 222 , 251 , 414 , 299 , 215 , 116 , 160 , 226 , 191 , 681 , 127 , 200 , 385 , 167 , 159 , 635 , 137 , 325 , 1122 , 232 , 215 , 309 , 338 , 654 , 288 , 119 , 272 , 159 , 263 , 205 , 432 , 118 , 143 , 274 , 319 , 283 , 205 , 308 , 219 , 226 , 170 , 209 , 243 , 0 , 288 , 194 , 209 , 191 , 243 , 186 , 190 , 130 , 124 , 186 , 857 , 191 , 461 , 178 , 125 , 179 , 223 , 398 , 368 , 1177 , 592 , 159 , 163 , 149 , 187 , 157 , 168 , 327 , 737 , 527 , 206 , 225 , 356 , 
HtmlParserTest::testHgroup , 288 , 341 , 327 , 298 , 297 , 433 , 342 , 276 , 289 , 258 , 261 , 194 , 673 , 286 , 292 , 414 , 224 , 247 , 642 , 216 , 230 , 999 , 192 , 204 , 234 , 249 , 649 , 325 , 270 , 303 , 260 , 297 , 241 , 448 , 266 , 269 , 318 , 316 , 284 , 249 , 352 , 299 , 243 , 226 , 212 , 218 , 288 , 0 , 200 , 152 , 179 , 191 , 176 , 182 , 252 , 256 , 223 , 836 , 245 , 451 , 219 , 254 , 282 , 295 , 409 , 345 , 1154 , 592 , 245 , 235 , 255 , 251 , 254 , 252 , 373 , 727 , 542 , 286 , 236 , 382 , 
HtmlParserTest::testRelaxedTags , 196 , 235 , 315 , 275 , 260 , 420 , 310 , 206 , 181 , 170 , 217 , 99 , 682 , 182 , 234 , 406 , 176 , 157 , 653 , 132 , 243 , 1072 , 147 , 140 , 218 , 258 , 661 , 304 , 196 , 281 , 196 , 269 , 159 , 442 , 162 , 191 , 283 , 295 , 292 , 222 , 341 , 258 , 237 , 126 , 146 , 175 , 194 , 200 , 0 , 118 , 103 , 176 , 95 , 106 , 157 , 151 , 172 , 857 , 196 , 464 , 172 , 170 , 216 , 263 , 412 , 356 , 1180 , 603 , 137 , 138 , 143 , 150 , 138 , 141 , 364 , 738 , 545 , 242 , 219 , 383 , 
HtmlParserTest::testHeaderContents , 214 , 256 , 309 , 265 , 260 , 419 , 310 , 214 , 200 , 180 , 213 , 116 , 679 , 199 , 239 , 409 , 168 , 165 , 647 , 130 , 233 , 1048 , 144 , 144 , 218 , 255 , 660 , 309 , 202 , 286 , 201 , 272 , 202 , 439 , 178 , 204 , 288 , 296 , 280 , 213 , 340 , 266 , 219 , 141 , 153 , 173 , 209 , 152 , 118 , 0 , 77 , 159 , 72 , 79 , 167 , 169 , 173 , 853 , 196 , 451 , 174 , 184 , 222 , 263 , 408 , 345 , 1179 , 601 , 152 , 158 , 163 , 170 , 156 , 162 , 359 , 736 , 538 , 243 , 213 , 374 , 
HtmlParserTest::testSpanContents , 190 , 225 , 307 , 270 , 258 , 423 , 312 , 209 , 173 , 166 , 210 , 94 , 684 , 176 , 229 , 407 , 165 , 150 , 647 , 113 , 246 , 1064 , 144 , 130 , 221 , 266 , 666 , 297 , 189 , 283 , 190 , 262 , 198 , 440 , 156 , 180 , 284 , 294 , 286 , 213 , 336 , 257 , 226 , 113 , 131 , 162 , 191 , 179 , 103 , 77 , 0 , 163 , 17 , 24 , 149 , 147 , 172 , 857 , 195 , 457 , 167 , 170 , 212 , 249 , 404 , 347 , 1171 , 595 , 126 , 135 , 131 , 150 , 129 , 135 , 362 , 735 , 534 , 237 , 213 , 368 , 
HtmlParserTest::testNoImagesInNoScriptInHead , 253 , 303 , 297 , 264 , 283 , 413 , 317 , 234 , 244 , 211 , 233 , 146 , 664 , 235 , 262 , 400 , 169 , 207 , 647 , 200 , 225 , 1031 , 153 , 161 , 232 , 251 , 649 , 318 , 236 , 298 , 220 , 291 , 225 , 444 , 224 , 234 , 304 , 304 , 220 , 193 , 354 , 275 , 212 , 162 , 149 , 160 , 243 , 191 , 176 , 159 , 163 , 0 , 165 , 162 , 217 , 221 , 201 , 814 , 226 , 448 , 183 , 210 , 254 , 272 , 403 , 361 , 1143 , 588 , 199 , 180 , 212 , 209 , 213 , 202 , 369 , 727 , 536 , 264 , 203 , 373 , 
HtmlParserTest::testAFlowContents , 180 , 214 , 307 , 270 , 255 , 423 , 308 , 209 , 164 , 164 , 213 , 95 , 688 , 165 , 223 , 406 , 164 , 146 , 654 , 106 , 241 , 1068 , 142 , 126 , 218 , 263 , 669 , 295 , 184 , 280 , 185 , 262 , 196 , 440 , 146 , 178 , 280 , 292 , 288 , 214 , 337 , 252 , 227 , 107 , 129 , 161 , 186 , 176 , 95 , 72 , 17 , 165 , 0 , 20 , 143 , 140 , 171 , 860 , 191 , 456 , 167 , 165 , 206 , 253 , 403 , 350 , 1177 , 598 , 114 , 130 , 122 , 144 , 117 , 125 , 364 , 740 , 539 , 239 , 213 , 374 , 
HtmlParserTest::testFontFlowContents , 188 , 229 , 308 , 271 , 259 , 421 , 311 , 210 , 174 , 165 , 210 , 101 , 683 , 171 , 227 , 406 , 169 , 154 , 648 , 119 , 244 , 1067 , 146 , 133 , 220 , 264 , 662 , 298 , 192 , 280 , 192 , 262 , 197 , 437 , 159 , 184 , 283 , 296 , 288 , 216 , 336 , 253 , 228 , 116 , 135 , 154 , 190 , 182 , 106 , 79 , 24 , 162 , 20 , 0 , 155 , 153 , 174 , 857 , 193 , 455 , 168 , 174 , 212 , 255 , 405 , 347 , 1174 , 599 , 123 , 138 , 133 , 153 , 131 , 139 , 364 , 734 , 535 , 238 , 214 , 370 , 
HtmlParserTest::handlesMisnestedTagsBI , 181 , 190 , 280 , 232 , 219 , 411 , 308 , 204 , 90 , 156 , 219 , 149 , 693 , 94 , 193 , 396 , 130 , 138 , 662 , 82 , 284 , 1114 , 191 , 182 , 274 , 307 , 660 , 281 , 125 , 261 , 148 , 250 , 173 , 427 , 63 , 121 , 265 , 288 , 268 , 191 , 310 , 219 , 207 , 124 , 181 , 220 , 130 , 252 , 157 , 167 , 149 , 217 , 143 , 155 , 0 , 29 , 131 , 833 , 138 , 427 , 147 , 100 , 165 , 218 , 407 , 354 , 1194 , 612 , 122 , 138 , 101 , 153 , 114 , 118 , 327 , 756 , 547 , 210 , 193 , 336 , 
HtmlParserTest::handlesMisnestedTagsBP , 177 , 174 , 285 , 237 , 221 , 414 , 306 , 201 , 75 , 155 , 222 , 146 , 696 , 81 , 194 , 400 , 133 , 137 , 665 , 82 , 290 , 1119 , 195 , 178 , 276 , 316 , 667 , 284 , 123 , 265 , 151 , 247 , 177 , 434 , 52 , 123 , 262 , 299 , 276 , 199 , 314 , 222 , 214 , 113 , 174 , 221 , 124 , 256 , 151 , 169 , 147 , 221 , 140 , 153 , 29 , 0 , 136 , 838 , 147 , 436 , 149 , 94 , 166 , 223 , 415 , 358 , 1205 , 616 , 108 , 133 , 82 , 141 , 99 , 107 , 329 , 758 , 547 , 209 , 196 , 340 , 
HtmlParserTest::handlesUnexpectedMarkupInTables , 233 , 282 , 281 , 254 , 231 , 396 , 300 , 222 , 182 , 206 , 229 , 170 , 662 , 177 , 211 , 400 , 125 , 198 , 642 , 122 , 204 , 1040 , 151 , 153 , 199 , 227 , 646 , 283 , 186 , 260 , 176 , 250 , 151 , 414 , 152 , 171 , 260 , 261 , 238 , 162 , 312 , 231 , 187 , 157 , 183 , 206 , 186 , 223 , 172 , 173 , 172 , 201 , 171 , 174 , 131 , 136 , 0 , 798 , 161 , 375 , 137 , 141 , 187 , 211 , 389 , 354 , 1150 , 579 , 200 , 201 , 195 , 213 , 208 , 198 , 324 , 726 , 523 , 232 , 121 , 344 , 
HtmlParserTest::handlesUnclosedFormattingElements , 895 , 978 , 769 , 791 , 763 , 745 , 782 , 797 , 875 , 853 , 828 , 845 , 771 , 866 , 815 , 779 , 797 , 850 , 776 , 846 , 804 , 982 , 812 , 840 , 805 , 797 , 779 , 793 , 839 , 782 , 814 , 795 , 804 , 763 , 847 , 826 , 788 , 771 , 761 , 799 , 785 , 798 , 773 , 863 , 815 , 804 , 857 , 836 , 857 , 853 , 857 , 814 , 860 , 857 , 833 , 838 , 798 , 0 , 757 , 586 , 804 , 830 , 814 , 806 , 788 , 779 , 1075 , 803 , 881 , 862 , 884 , 868 , 877 , 852 , 770 , 806 , 788 , 820 , 789 , 679 , 
HtmlParserTest::reconstructFormattingElements , 245 , 288 , 280 , 248 , 218 , 393 , 307 , 220 , 184 , 213 , 225 , 197 , 659 , 176 , 211 , 394 , 167 , 209 , 634 , 149 , 276 , 1064 , 220 , 211 , 266 , 295 , 642 , 295 , 190 , 267 , 200 , 244 , 187 , 421 , 152 , 179 , 278 , 284 , 260 , 197 , 312 , 233 , 207 , 192 , 221 , 230 , 191 , 245 , 196 , 196 , 195 , 226 , 191 , 193 , 138 , 147 , 161 , 757 , 0 , 367 , 161 , 158 , 187 , 219 , 405 , 332 , 1159 , 595 , 200 , 212 , 203 , 223 , 207 , 195 , 323 , 722 , 517 , 229 , 209 , 328 , 
HtmlParserTest::reconstructFormattingElementsInTable , 499 , 569 , 411 , 432 , 384 , 385 , 398 , 404 , 466 , 451 , 440 , 450 , 583 , 466 , 425 , 441 , 420 , 454 , 596 , 427 , 416 , 979 , 433 , 430 , 407 , 411 , 577 , 431 , 448 , 393 , 435 , 413 , 424 , 425 , 444 , 429 , 411 , 399 , 426 , 429 , 442 , 426 , 413 , 472 , 443 , 441 , 461 , 451 , 464 , 451 , 457 , 448 , 456 , 455 , 427 , 436 , 375 , 586 , 367 , 0 , 418 , 419 , 431 , 430 , 462 , 419 , 1079 , 591 , 468 , 473 , 474 , 478 , 478 , 455 , 453 , 654 , 510 , 427 , 397 , 361 , 
HtmlParserTest::commentBeforeHtml , 224 , 263 , 270 , 251 , 231 , 383 , 298 , 201 , 175 , 203 , 227 , 166 , 652 , 178 , 198 , 393 , 119 , 195 , 637 , 124 , 260 , 1063 , 189 , 176 , 243 , 279 , 641 , 278 , 184 , 259 , 173 , 217 , 172 , 417 , 159 , 172 , 272 , 270 , 229 , 163 , 311 , 232 , 168 , 121 , 172 , 191 , 178 , 219 , 172 , 174 , 167 , 183 , 167 , 168 , 147 , 149 , 137 , 804 , 161 , 418 , 0 , 148 , 183 , 225 , 400 , 357 , 1172 , 592 , 193 , 190 , 191 , 201 , 195 , 197 , 321 , 722 , 522 , 218 , 155 , 332 , 
HtmlParserTest::emptyTdTag , 187 , 210 , 259 , 223 , 234 , 392 , 305 , 200 , 124 , 156 , 217 , 160 , 668 , 131 , 193 , 385 , 135 , 149 , 638 , 108 , 282 , 1100 , 189 , 191 , 265 , 281 , 641 , 267 , 115 , 252 , 153 , 240 , 182 , 408 , 107 , 130 , 267 , 291 , 247 , 177 , 297 , 214 , 197 , 133 , 187 , 217 , 125 , 254 , 170 , 184 , 170 , 210 , 165 , 174 , 100 , 94 , 141 , 830 , 158 , 419 , 148 , 0 , 171 , 182 , 398 , 361 , 1176 , 587 , 150 , 142 , 133 , 180 , 154 , 147 , 326 , 734 , 529 , 203 , 171 , 345 , 
HtmlParserTest::handlesSolidusInA , 225 , 268 , 227 , 179 , 229 , 363 , 260 , 196 , 179 , 150 , 193 , 211 , 619 , 178 , 132 , 359 , 175 , 144 , 596 , 168 , 317 , 1098 , 234 , 227 , 296 , 330 , 581 , 225 , 176 , 198 , 166 , 232 , 216 , 366 , 151 , 150 , 229 , 252 , 277 , 228 , 228 , 133 , 226 , 196 , 220 , 248 , 179 , 282 , 216 , 222 , 212 , 254 , 206 , 212 , 165 , 166 , 187 , 814 , 187 , 431 , 183 , 171 , 0 , 186 , 362 , 328 , 1130 , 551 , 184 , 190 , 189 , 203 , 186 , 178 , 334 , 686 , 484 , 192 , 221 , 343 , 
HtmlParserTest::handlesSpanInTbody , 277 , 337 , 243 , 228 , 277 , 355 , 308 , 252 , 244 , 239 , 240 , 262 , 610 , 242 , 225 , 365 , 199 , 229 , 569 , 212 , 297 , 1053 , 239 , 271 , 303 , 292 , 590 , 247 , 211 , 245 , 205 , 279 , 224 , 375 , 227 , 169 , 266 , 271 , 256 , 219 , 267 , 207 , 238 , 252 , 260 , 272 , 223 , 295 , 263 , 263 , 249 , 272 , 253 , 255 , 218 , 223 , 211 , 806 , 219 , 430 , 225 , 182 , 186 , 0 , 371 , 336 , 1105 , 547 , 260 , 251 , 262 , 259 , 265 , 257 , 331 , 684 , 494 , 229 , 231 , 345 , 
HtmlParserTest::handlesUnclosedTitleAtEof , 424 , 523 , 341 , 354 , 356 , 423 , 345 , 331 , 424 , 361 , 334 , 404 , 559 , 418 , 351 , 362 , 391 , 369 , 553 , 411 , 385 , 1027 , 385 , 393 , 378 , 388 , 556 , 347 , 392 , 303 , 382 , 387 , 401 , 402 , 412 , 375 , 308 , 357 , 396 , 376 , 356 , 352 , 393 , 422 , 395 , 396 , 398 , 409 , 412 , 408 , 404 , 403 , 403 , 405 , 407 , 415 , 389 , 788 , 405 , 462 , 400 , 398 , 362 , 371 , 0 , 315 , 843 , 253 , 416 , 398 , 432 , 408 , 428 , 415 , 403 , 604 , 457 , 375 , 381 , 395 , 
HtmlParserTest::handlesUnclosedTitle , 395 , 479 , 332 , 316 , 326 , 406 , 333 , 323 , 383 , 319 , 306 , 352 , 569 , 377 , 334 , 340 , 356 , 323 , 544 , 361 , 336 , 982 , 341 , 338 , 331 , 346 , 561 , 342 , 342 , 310 , 345 , 353 , 359 , 405 , 364 , 344 , 301 , 339 , 366 , 351 , 344 , 329 , 347 , 382 , 350 , 347 , 368 , 345 , 356 , 345 , 347 , 361 , 350 , 347 , 354 , 358 , 354 , 779 , 332 , 419 , 357 , 361 , 328 , 336 , 315 , 0 , 1008 , 470 , 368 , 358 , 373 , 366 , 378 , 362 , 384 , 636 , 489 , 333 , 358 , 379 , 
HtmlParserTest::handlesUnclosedScriptAtEof , 1193 , 1329 , 1069 , 1112 , 1100 , 1053 , 1059 , 1105 , 1219 , 1131 , 1088 , 1171 , 904 , 1210 , 1123 , 999 , 1142 , 1149 , 893 , 1189 , 1128 , 1140 , 1156 , 1162 , 1134 , 1118 , 912 , 1086 , 1164 , 1041 , 1142 , 1102 , 1150 , 1001 , 1200 , 1144 , 1043 , 1052 , 1079 , 1138 , 1061 , 1105 , 1154 , 1209 , 1163 , 1152 , 1177 , 1154 , 1180 , 1179 , 1171 , 1143 , 1177 , 1174 , 1194 , 1205 , 1150 , 1075 , 1159 , 1079 , 1172 , 1176 , 1130 , 1105 , 843 , 1008 , 0 , 694 , 1208 , 1148 , 1227 , 1189 , 1224 , 1201 , 1124 , 949 , 1002 , 1129 , 1146 , 1063 , 
HtmlParserTest::handlesUnclosedRawtextAtEof , 613 , 727 , 521 , 540 , 542 , 538 , 506 , 530 , 629 , 548 , 515 , 601 , 577 , 620 , 548 , 483 , 577 , 560 , 571 , 607 , 562 , 1019 , 574 , 586 , 566 , 559 , 591 , 528 , 585 , 484 , 575 , 547 , 587 , 512 , 611 , 571 , 485 , 514 , 560 , 566 , 518 , 533 , 582 , 618 , 581 , 585 , 592 , 592 , 603 , 601 , 595 , 588 , 598 , 599 , 612 , 616 , 579 , 803 , 595 , 591 , 592 , 587 , 551 , 547 , 253 , 470 , 694 , 0 , 616 , 584 , 633 , 601 , 629 , 616 , 572 , 626 , 530 , 567 , 565 , 562 , 
HtmlParserTest::noImplicitFormForTextAreas , 161 , 158 , 306 , 259 , 258 , 430 , 318 , 205 , 111 , 133 , 216 , 133 , 700 , 122 , 210 , 421 , 194 , 117 , 674 , 133 , 285 , 1127 , 183 , 148 , 252 , 300 , 681 , 295 , 169 , 280 , 190 , 271 , 232 , 449 , 105 , 178 , 288 , 326 , 316 , 241 , 326 , 239 , 256 , 98 , 153 , 190 , 159 , 245 , 137 , 152 , 126 , 199 , 114 , 123 , 122 , 108 , 200 , 881 , 200 , 468 , 193 , 150 , 184 , 260 , 416 , 368 , 1208 , 616 , 0 , 115 , 62 , 119 , 69 , 85 , 368 , 758 , 552 , 221 , 241 , 382 , 
HtmlParserTest::handlesEscapedScript , 181 , 206 , 306 , 269 , 271 , 426 , 313 , 203 , 148 , 142 , 203 , 135 , 689 , 149 , 205 , 397 , 168 , 134 , 657 , 151 , 276 , 1102 , 177 , 165 , 259 , 298 , 655 , 298 , 154 , 272 , 190 , 271 , 234 , 426 , 139 , 178 , 276 , 330 , 294 , 243 , 327 , 244 , 256 , 129 , 155 , 193 , 163 , 235 , 138 , 158 , 135 , 180 , 130 , 138 , 138 , 133 , 201 , 862 , 212 , 473 , 190 , 142 , 190 , 251 , 398 , 358 , 1148 , 584 , 115 , 0 , 108 , 129 , 103 , 121 , 361 , 740 , 544 , 234 , 237 , 356 , 
HtmlParserTest::handles0CharacterAsText , 167 , 130 , 313 , 264 , 257 , 442 , 331 , 214 , 89 , 155 , 229 , 131 , 726 , 102 , 214 , 430 , 186 , 137 , 694 , 116 , 299 , 1141 , 194 , 160 , 274 , 323 , 695 , 303 , 156 , 295 , 180 , 279 , 234 , 464 , 87 , 171 , 296 , 342 , 318 , 250 , 338 , 248 , 258 , 88 , 157 , 205 , 149 , 255 , 143 , 163 , 131 , 212 , 122 , 133 , 101 , 82 , 195 , 884 , 203 , 474 , 191 , 133 , 189 , 262 , 432 , 373 , 1227 , 633 , 62 , 108 , 0 , 104 , 60 , 87 , 367 , 778 , 570 , 224 , 241 , 379 , 
HtmlParserTest::handlesNullInData , 190 , 204 , 307 , 265 , 256 , 436 , 316 , 208 , 164 , 163 , 217 , 148 , 698 , 173 , 222 , 409 , 197 , 142 , 668 , 165 , 285 , 1112 , 200 , 168 , 262 , 314 , 672 , 290 , 189 , 277 , 176 , 271 , 240 , 446 , 144 , 181 , 281 , 344 , 317 , 259 , 329 , 253 , 262 , 126 , 151 , 197 , 187 , 251 , 150 , 170 , 150 , 209 , 144 , 153 , 153 , 141 , 213 , 868 , 223 , 478 , 201 , 180 , 203 , 259 , 408 , 366 , 1189 , 601 , 119 , 129 , 104 , 0 , 88 , 119 , 371 , 747 , 548 , 239 , 251 , 384 , 
HtmlParserTest::handlesNullInComments , 168 , 157 , 313 , 264 , 259 , 440 , 325 , 212 , 114 , 149 , 225 , 135 , 718 , 120 , 217 , 431 , 192 , 133 , 688 , 135 , 294 , 1137 , 192 , 162 , 272 , 323 , 696 , 301 , 164 , 290 , 186 , 279 , 234 , 463 , 102 , 169 , 288 , 335 , 325 , 256 , 337 , 248 , 263 , 107 , 158 , 203 , 157 , 254 , 138 , 156 , 129 , 213 , 117 , 131 , 114 , 99 , 208 , 877 , 207 , 478 , 195 , 154 , 186 , 265 , 428 , 378 , 1224 , 629 , 69 , 103 , 60 , 88 , 0 , 80 , 367 , 777 , 570 , 232 , 252 , 376 , 
HtmlParserTest::handlesNewlinesAndWhitespaceInTag , 176 , 187 , 303 , 256 , 246 , 424 , 313 , 203 , 125 , 148 , 223 , 120 , 693 , 132 , 204 , 412 , 193 , 138 , 671 , 141 , 287 , 1112 , 192 , 158 , 267 , 314 , 671 , 287 , 169 , 273 , 182 , 277 , 221 , 447 , 97 , 179 , 281 , 320 , 304 , 250 , 323 , 232 , 264 , 120 , 156 , 193 , 168 , 252 , 141 , 162 , 135 , 202 , 125 , 139 , 118 , 107 , 198 , 852 , 195 , 455 , 197 , 147 , 178 , 257 , 415 , 362 , 1201 , 616 , 85 , 121 , 87 , 119 , 80 , 0 , 354 , 751 , 550 , 231 , 249 , 374 , 
HtmlParserTest::handlesWhitespaceInoDocType , 379 , 455 , 343 , 325 , 345 , 425 , 343 , 341 , 347 , 353 , 347 , 354 , 636 , 342 , 327 , 413 , 307 , 357 , 592 , 326 , 380 , 1056 , 358 , 360 , 375 , 389 , 621 , 353 , 322 , 334 , 339 , 370 , 320 , 427 , 323 , 319 , 335 , 357 , 338 , 316 , 344 , 327 , 311 , 355 , 365 , 376 , 327 , 373 , 364 , 359 , 362 , 369 , 364 , 364 , 327 , 329 , 324 , 770 , 323 , 453 , 321 , 326 , 334 , 331 , 403 , 384 , 1124 , 572 , 368 , 361 , 367 , 371 , 367 , 354 , 0 , 678 , 496 , 336 , 330 , 319 , 
HtmlParserTest::tracksErrorsWhenRequested , 751 , 874 , 627 , 676 , 666 , 608 , 604 , 658 , 769 , 684 , 658 , 743 , 596 , 756 , 665 , 606 , 719 , 703 , 615 , 735 , 721 , 1006 , 734 , 727 , 714 , 714 , 581 , 624 , 727 , 607 , 713 , 665 , 714 , 603 , 753 , 706 , 628 , 654 , 688 , 709 , 645 , 652 , 704 , 767 , 733 , 719 , 737 , 727 , 738 , 736 , 735 , 727 , 740 , 734 , 756 , 758 , 726 , 806 , 722 , 654 , 722 , 734 , 686 , 684 , 604 , 636 , 949 , 626 , 758 , 740 , 778 , 747 , 777 , 751 , 678 , 0 , 247 , 589 , 708 , 659 , 
HtmlParserTest::tracksLimitedErrorsWhenRequested , 554 , 660 , 437 , 477 , 476 , 462 , 435 , 477 , 555 , 490 , 475 , 547 , 550 , 541 , 467 , 475 , 518 , 507 , 577 , 531 , 537 , 1012 , 543 , 536 , 535 , 525 , 516 , 435 , 520 , 415 , 509 , 471 , 518 , 485 , 542 , 494 , 459 , 475 , 502 , 510 , 462 , 456 , 508 , 564 , 540 , 537 , 527 , 542 , 545 , 538 , 534 , 536 , 539 , 535 , 547 , 547 , 523 , 788 , 517 , 510 , 522 , 529 , 484 , 494 , 457 , 489 , 1002 , 530 , 552 , 544 , 570 , 548 , 570 , 550 , 496 , 247 , 0 , 396 , 510 , 489 , 
HtmlParserTest::noErrorsByDefault , 234 , 297 , 251 , 218 , 253 , 378 , 283 , 211 , 207 , 216 , 230 , 243 , 634 , 201 , 190 , 382 , 214 , 199 , 598 , 206 , 323 , 1087 , 260 , 252 , 287 , 331 , 602 , 259 , 203 , 253 , 191 , 268 , 236 , 410 , 210 , 193 , 263 , 318 , 281 , 228 , 288 , 214 , 235 , 235 , 233 , 250 , 206 , 286 , 242 , 243 , 237 , 264 , 239 , 238 , 210 , 209 , 232 , 820 , 229 , 427 , 218 , 203 , 192 , 229 , 375 , 333 , 1129 , 567 , 221 , 234 , 224 , 239 , 232 , 231 , 336 , 589 , 396 , 0 , 239 , 341 , 
HtmlParserTest::handlesCommentsInTable , 272 , 326 , 272 , 266 , 252 , 372 , 294 , 243 , 232 , 235 , 247 , 216 , 639 , 223 , 220 , 386 , 143 , 222 , 637 , 182 , 223 , 1017 , 185 , 189 , 216 , 234 , 637 , 277 , 224 , 257 , 189 , 246 , 198 , 409 , 208 , 209 , 274 , 267 , 239 , 178 , 316 , 242 , 200 , 189 , 202 , 203 , 225 , 236 , 219 , 213 , 213 , 203 , 213 , 214 , 193 , 196 , 121 , 789 , 209 , 397 , 155 , 171 , 221 , 231 , 381 , 358 , 1146 , 565 , 241 , 237 , 241 , 251 , 252 , 249 , 330 , 708 , 510 , 239 , 0 , 310 , 
HtmlParserTest::handlesQuotesInCommentsInScripts , 396 , 476 , 332 , 338 , 318 , 393 , 334 , 330 , 369 , 369 , 355 , 376 , 601 , 363 , 334 , 404 , 327 , 368 , 571 , 350 , 387 , 1014 , 380 , 378 , 380 , 369 , 606 , 346 , 340 , 335 , 332 , 355 , 336 , 419 , 345 , 341 , 345 , 348 , 338 , 343 , 351 , 348 , 333 , 379 , 373 , 370 , 356 , 382 , 383 , 374 , 368 , 373 , 374 , 370 , 336 , 340 , 344 , 679 , 328 , 361 , 332 , 345 , 343 , 345 , 395 , 379 , 1063 , 562 , 382 , 356 , 379 , 384 , 376 , 374 , 319 , 659 , 489 , 341 , 310 , 0 , 
The time of execution of above matrix is :1780.5161476135254
