Class::Test , 54::NegateConditionalsMutator::14 , 78::EmptyObjectReturnValsMutator::7 , 67::EmptyObjectReturnValsMutator::7 , 95::NegateConditionalsMutator::5 , 100::NegateConditionalsMutator::25 , 105::EmptyObjectReturnValsMutator::59 , 120::EmptyObjectReturnValsMutator::5 , 129::PrimitiveReturnsMutator::5 , 139::NegateConditionalsMutator::5 , 139::NegateConditionalsMutator::12 , 139::BooleanTrueReturnValsMutator::22 , 150::NegateConditionalsMutator::5 , 150::NegateConditionalsMutator::10 , 150::BooleanTrueReturnValsMutator::18 , 161::ConditionalsBoundaryMutator::16 , 161::NegateConditionalsMutator::6 , 161::NegateConditionalsMutator::16 , 161::BooleanTrueReturnValsMutator::24 , 170::NullReturnValsMutator::6 , 185::ConditionalsBoundaryMutator::40 , 180::NegateConditionalsMutator::5 , 185::NegateConditionalsMutator::40 , 181::EmptyObjectReturnValsMutator::9 , 189::EmptyObjectReturnValsMutator::60 , 198::PrimitiveReturnsMutator::6 , 208::EmptyObjectReturnValsMutator::6 , 217::EmptyObjectReturnValsMutator::11 , 222::EmptyObjectReturnValsMutator::6 , 226::NullReturnValsMutator::5 
CSVRecordTest::testGetInt , 1 , 1 , 0 , 0 , 0 , 0 , 0 , 0 , 0 , 0 , 0 , 0 , 0 , 0 , 0 , 0 , 0 , 0 , 0 , 0 , 0 , 0 , 0 , 0 , 0 , 0 , 0 , 0 , 0 , 
CSVRecordTest::testGetString , 1 , 0 , 0 , 1 , 1 , 1 , 0 , 0 , 0 , 0 , 0 , 0 , 0 , 0 , 0 , 0 , 0 , 0 , 0 , 0 , 0 , 0 , 0 , 0 , 0 , 0 , 0 , 0 , 0 , 
CSVRecordTest::testGetStringInconsistentRecord , 0 , 0 , 0 , 1 , 0 , 0 , 0 , 0 , 0 , 0 , 0 , 0 , 0 , 0 , 0 , 0 , 0 , 0 , 0 , 0 , 0 , 0 , 0 , 0 , 0 , 0 , 0 , 0 , 0 , 
CSVRecordTest::testGetStringNoHeader , 0 , 0 , 0 , 1 , 0 , 0 , 0 , 0 , 0 , 0 , 0 , 0 , 0 , 0 , 0 , 0 , 0 , 0 , 0 , 0 , 0 , 0 , 0 , 0 , 0 , 0 , 0 , 0 , 0 , 
CSVRecordTest::testGetUnmappedEnum , 0 , 0 , 0 , 1 , 1 , 0 , 0 , 0 , 0 , 0 , 0 , 0 , 0 , 0 , 0 , 0 , 0 , 0 , 0 , 0 , 0 , 0 , 0 , 0 , 0 , 0 , 0 , 0 , 0 , 
CSVRecordTest::testGetUnmappedName , 0 , 0 , 0 , 1 , 1 , 0 , 0 , 0 , 0 , 0 , 0 , 0 , 0 , 0 , 0 , 0 , 0 , 0 , 0 , 0 , 0 , 0 , 0 , 0 , 0 , 0 , 0 , 0 , 0 , 
CSVRecordTest::testGetUnmappedNegativeInt , 0 , 0 , 0 , 0 , 0 , 0 , 0 , 0 , 0 , 0 , 0 , 0 , 0 , 0 , 0 , 0 , 0 , 0 , 0 , 0 , 0 , 0 , 0 , 0 , 0 , 0 , 0 , 0 , 0 , 
CSVRecordTest::testGetUnmappedPositiveInt , 0 , 0 , 0 , 0 , 0 , 0 , 0 , 0 , 0 , 0 , 0 , 0 , 0 , 0 , 0 , 0 , 0 , 0 , 0 , 0 , 0 , 0 , 0 , 0 , 0 , 0 , 0 , 0 , 0 , 
CSVRecordTest::testIsConsistent , 1 , 0 , 0 , 0 , 0 , 0 , 0 , 0 , 1 , 1 , 1 , 0 , 0 , 0 , 0 , 0 , 0 , 0 , 0 , 0 , 0 , 0 , 0 , 0 , 0 , 0 , 0 , 0 , 0 , 
CSVRecordTest::testIsMapped , 0 , 0 , 0 , 0 , 0 , 0 , 0 , 0 , 0 , 0 , 0 , 1 , 1 , 1 , 0 , 0 , 0 , 0 , 0 , 0 , 0 , 0 , 0 , 0 , 0 , 0 , 0 , 0 , 0 , 
CSVRecordTest::testIsSet , 1 , 0 , 0 , 0 , 0 , 0 , 0 , 0 , 0 , 0 , 0 , 1 , 1 , 1 , 0 , 1 , 1 , 1 , 0 , 0 , 0 , 0 , 0 , 0 , 0 , 0 , 0 , 0 , 0 , 
CSVRecordTest::testIterator , 0 , 0 , 0 , 0 , 0 , 0 , 0 , 0 , 0 , 0 , 0 , 0 , 0 , 0 , 0 , 0 , 0 , 0 , 1 , 0 , 0 , 0 , 0 , 0 , 0 , 0 , 0 , 0 , 0 , 
CSVRecordTest::testPutInMap , 1 , 0 , 0 , 0 , 0 , 0 , 0 , 0 , 0 , 0 , 0 , 0 , 0 , 0 , 0 , 0 , 0 , 0 , 0 , 0 , 1 , 1 , 0 , 1 , 0 , 0 , 0 , 0 , 0 , 
CSVRecordTest::testRemoveAndAddColumns , 1 , 0 , 0 , 0 , 0 , 0 , 0 , 0 , 0 , 0 , 0 , 0 , 0 , 0 , 0 , 0 , 0 , 0 , 0 , 0 , 1 , 1 , 0 , 1 , 0 , 0 , 1 , 0 , 0 , 
CSVRecordTest::testToMap , 1 , 0 , 0 , 0 , 0 , 0 , 0 , 0 , 0 , 0 , 0 , 0 , 0 , 0 , 0 , 0 , 0 , 0 , 0 , 0 , 1 , 1 , 0 , 1 , 0 , 0 , 1 , 0 , 0 , 
CSVRecordTest::testToMapWithNoHeader , 0 , 0 , 0 , 0 , 0 , 0 , 0 , 0 , 0 , 0 , 0 , 0 , 0 , 0 , 0 , 0 , 0 , 0 , 0 , 0 , 1 , 0 , 0 , 0 , 0 , 0 , 0 , 0 , 0 , 
CSVRecordTest::testToMapWithShortRecord , 0 , 0 , 0 , 0 , 0 , 0 , 0 , 0 , 0 , 0 , 0 , 0 , 0 , 0 , 0 , 0 , 0 , 0 , 0 , 1 , 0 , 1 , 0 , 0 , 0 , 0 , 0 , 0 , 0 , 
