Class::Test,EntityArrays:373, 
EntityArrays_ESTest::test00, 1,
EntityArrays_ESTest::test01, 1,
EntityArrays_ESTest::test02, 1,
EntityArrays_ESTest::test03, 1,
EntityArrays_ESTest::test04, 1,
EntityArrays_ESTest::test05, 1,
EntityArrays_ESTest::test06, 1,
EntityArrays_ESTest::test07, 1,
EntityArrays_ESTest::test08, 1,
EntityArrays_ESTest::test09, 1,
EntityArrays_ESTest::test10, 1,
RegressionTest3::test1501, 1,
RegressionTest3::test1502, 1,
RegressionTest3::test1503, 1,
RegressionTest3::test1504, 1,
RegressionTest3::test1505, 1,
RegressionTest3::test1506, 1,
RegressionTest3::test1507, 1,
RegressionTest3::test1508, 1,
RegressionTest3::test1509, 1,
RegressionTest3::test1510, 1,
RegressionTest3::test1511, 1,
RegressionTest3::test1512, 1,
RegressionTest3::test1513, 1,
RegressionTest3::test1514, 1,
RegressionTest3::test1515, 1,
RegressionTest3::test1516, 1,
RegressionTest3::test1517, 1,
RegressionTest3::test1518, 1,
RegressionTest3::test1519, 1,
RegressionTest3::test1520, 1,
RegressionTest3::test1521, 1,
RegressionTest3::test1522, 1,
RegressionTest3::test1523, 1,
RegressionTest3::test1524, 1,
RegressionTest3::test1525, 1,
RegressionTest3::test1526, 1,
RegressionTest3::test1527, 1,
RegressionTest3::test1528, 1,
RegressionTest3::test1529, 1,
RegressionTest3::test1530, 1,
RegressionTest3::test1531, 1,
RegressionTest3::test1532, 1,
RegressionTest3::test1533, 1,
RegressionTest3::test1534, 1,
RegressionTest3::test1535, 1,
RegressionTest3::test1536, 1,
RegressionTest3::test1537, 1,
RegressionTest3::test1538, 1,
RegressionTest3::test1539, 1,
RegressionTest3::test1540, 1,
RegressionTest3::test1541, 1,
RegressionTest3::test1542, 1,
RegressionTest3::test1543, 1,
RegressionTest3::test1544, 1,
RegressionTest3::test1545, 1,
RegressionTest3::test1546, 1,
RegressionTest3::test1547, 1,
RegressionTest3::test1548, 1,
RegressionTest3::test1549, 1,
RegressionTest3::test1550, 1,
RegressionTest3::test1551, 1,
RegressionTest3::test1552, 1,
RegressionTest3::test1553, 1,
RegressionTest3::test1554, 1,
RegressionTest3::test1555, 1,
RegressionTest3::test1556, 1,
RegressionTest3::test1557, 1,
RegressionTest3::test1558, 1,
RegressionTest3::test1559, 1,
RegressionTest3::test1560, 1,
RegressionTest3::test1561, 1,
RegressionTest3::test1562, 1,
RegressionTest3::test1563, 1,
RegressionTest3::test1564, 1,
RegressionTest3::test1565, 1,
RegressionTest3::test1566, 1,
RegressionTest3::test1567, 1,
RegressionTest3::test1568, 1,
RegressionTest3::test1569, 1,
RegressionTest3::test1570, 1,
RegressionTest3::test1571, 1,
RegressionTest3::test1572, 1,
RegressionTest3::test1573, 1,
RegressionTest3::test1574, 1,
RegressionTest3::test1575, 1,
RegressionTest3::test1576, 1,
RegressionTest3::test1577, 1,
RegressionTest3::test1578, 1,
RegressionTest3::test1579, 1,
RegressionTest3::test1580, 1,
RegressionTest3::test1581, 1,
RegressionTest3::test1582, 1,
RegressionTest3::test1583, 1,
RegressionTest3::test1584, 1,
RegressionTest3::test1585, 1,
RegressionTest3::test1586, 1,
RegressionTest3::test1587, 1,
RegressionTest3::test1588, 1,
RegressionTest3::test1589, 1,
RegressionTest3::test1590, 1,
RegressionTest3::test1591, 1,
RegressionTest3::test1592, 1,
RegressionTest3::test1593, 1,
RegressionTest3::test1594, 1,
RegressionTest3::test1595, 1,
RegressionTest3::test1596, 1,
RegressionTest3::test1597, 1,
RegressionTest3::test1598, 1,
RegressionTest3::test1599, 1,
RegressionTest3::test1600, 1,
RegressionTest3::test1601, 1,
RegressionTest3::test1602, 1,
RegressionTest3::test1603, 1,
RegressionTest3::test1604, 1,
RegressionTest3::test1605, 1,
RegressionTest3::test1606, 1,
RegressionTest3::test1607, 1,
RegressionTest3::test1608, 1,
RegressionTest3::test1609, 1,
RegressionTest3::test1610, 1,
RegressionTest3::test1611, 1,
RegressionTest3::test1612, 1,
RegressionTest3::test1613, 1,
RegressionTest3::test1614, 1,
RegressionTest3::test1615, 1,
RegressionTest3::test1616, 1,
RegressionTest3::test1617, 1,
RegressionTest3::test1618, 1,
RegressionTest3::test1619, 1,
RegressionTest3::test1620, 1,
RegressionTest3::test1621, 1,
RegressionTest3::test1622, 1,
RegressionTest3::test1623, 1,
RegressionTest3::test1624, 1,
RegressionTest3::test1625, 1,
RegressionTest3::test1626, 1,
RegressionTest3::test1627, 1,
RegressionTest3::test1628, 1,
RegressionTest3::test1629, 1,
RegressionTest3::test1630, 1,
RegressionTest3::test1631, 1,
RegressionTest3::test1632, 1,
RegressionTest3::test1633, 1,
RegressionTest3::test1634, 1,
RegressionTest3::test1635, 1,
RegressionTest3::test1636, 1,
RegressionTest3::test1637, 1,
RegressionTest3::test1638, 1,
RegressionTest3::test1639, 1,
RegressionTest3::test1640, 1,
RegressionTest3::test1641, 1,
RegressionTest3::test1642, 1,
RegressionTest3::test1643, 1,
RegressionTest3::test1644, 1,
RegressionTest3::test1645, 1,
RegressionTest3::test1646, 1,
RegressionTest3::test1647, 1,
RegressionTest3::test1648, 1,
RegressionTest3::test1649, 1,
RegressionTest3::test1650, 1,
RegressionTest3::test1651, 1,
RegressionTest3::test1652, 1,
RegressionTest3::test1653, 1,
RegressionTest3::test1654, 1,
RegressionTest3::test1655, 1,
RegressionTest3::test1656, 1,
RegressionTest3::test1657, 1,
RegressionTest3::test1658, 1,
RegressionTest3::test1659, 1,
RegressionTest3::test1660, 1,
RegressionTest3::test1661, 1,
RegressionTest3::test1662, 1,
RegressionTest3::test1663, 1,
RegressionTest3::test1664, 1,
RegressionTest3::test1665, 1,
RegressionTest3::test1666, 1,
RegressionTest3::test1667, 1,
RegressionTest3::test1668, 1,
RegressionTest3::test1669, 1,
RegressionTest3::test1670, 1,
RegressionTest3::test1671, 1,
RegressionTest3::test1672, 1,
RegressionTest3::test1673, 1,
RegressionTest3::test1674, 1,
RegressionTest3::test1675, 1,
RegressionTest3::test1676, 1,
RegressionTest3::test1677, 1,
RegressionTest3::test1678, 1,
RegressionTest3::test1679, 1,
RegressionTest3::test1680, 1,
RegressionTest3::test1681, 1,
RegressionTest3::test1682, 1,
RegressionTest3::test1683, 1,
RegressionTest3::test1684, 1,
RegressionTest3::test1685, 1,
RegressionTest3::test1686, 1,
RegressionTest3::test1687, 1,
RegressionTest3::test1688, 1,
RegressionTest3::test1689, 1,
RegressionTest3::test1690, 1,
RegressionTest3::test1691, 1,
RegressionTest3::test1692, 1,
RegressionTest3::test1693, 1,
RegressionTest3::test1694, 1,
RegressionTest3::test1695, 1,
RegressionTest3::test1696, 1,
RegressionTest3::test1697, 1,
RegressionTest3::test1698, 1,
RegressionTest3::test1699, 1,
RegressionTest3::test1700, 1,
RegressionTest3::test1701, 1,
RegressionTest3::test1702, 1,
RegressionTest3::test1703, 1,
RegressionTest3::test1704, 1,
RegressionTest3::test1705, 1,
RegressionTest3::test1706, 1,
RegressionTest3::test1707, 1,
RegressionTest3::test1708, 1,
RegressionTest3::test1709, 1,
RegressionTest3::test1710, 1,
RegressionTest3::test1711, 1,
RegressionTest3::test1712, 1,
RegressionTest3::test1713, 1,
RegressionTest3::test1714, 1,
RegressionTest3::test1715, 1,
RegressionTest3::test1716, 1,
RegressionTest3::test1717, 1,
RegressionTest3::test1718, 1,
RegressionTest3::test1719, 1,
RegressionTest3::test1720, 1,
RegressionTest3::test1721, 1,
RegressionTest3::test1722, 1,
RegressionTest3::test1723, 1,
RegressionTest3::test1724, 1,
RegressionTest3::test1725, 1,
RegressionTest3::test1726, 1,
RegressionTest3::test1727, 1,
RegressionTest3::test1728, 1,
RegressionTest3::test1729, 1,
RegressionTest3::test1730, 1,
RegressionTest3::test1731, 1,
RegressionTest3::test1732, 1,
RegressionTest3::test1733, 1,
RegressionTest3::test1734, 1,
RegressionTest3::test1735, 1,
RegressionTest3::test1736, 1,
RegressionTest3::test1737, 1,
RegressionTest3::test1738, 1,
RegressionTest3::test1739, 1,
RegressionTest3::test1740, 1,
RegressionTest3::test1741, 1,
RegressionTest3::test1742, 1,
RegressionTest3::test1743, 1,
RegressionTest3::test1744, 1,
RegressionTest3::test1745, 1,
RegressionTest3::test1746, 1,
RegressionTest3::test1747, 1,
RegressionTest3::test1748, 1,
RegressionTest3::test1749, 1,
RegressionTest3::test1750, 1,
RegressionTest3::test1751, 1,
RegressionTest3::test1752, 1,
RegressionTest3::test1753, 1,
RegressionTest3::test1754, 1,
RegressionTest3::test1755, 1,
RegressionTest3::test1756, 1,
RegressionTest3::test1757, 1,
RegressionTest3::test1758, 1,
RegressionTest3::test1759, 1,
RegressionTest3::test1760, 1,
RegressionTest3::test1761, 1,
RegressionTest3::test1762, 1,
RegressionTest3::test1763, 1,
RegressionTest3::test1764, 1,
RegressionTest3::test1765, 1,
RegressionTest3::test1766, 1,
RegressionTest3::test1767, 1,
RegressionTest3::test1768, 1,
RegressionTest3::test1769, 1,
RegressionTest3::test1770, 1,
RegressionTest3::test1771, 1,
RegressionTest3::test1772, 1,
RegressionTest3::test1773, 1,
RegressionTest3::test1774, 1,
RegressionTest3::test1775, 1,
RegressionTest3::test1776, 1,
RegressionTest3::test1777, 1,
RegressionTest3::test1778, 1,
RegressionTest3::test1779, 1,
RegressionTest3::test1780, 1,
RegressionTest3::test1781, 1,
RegressionTest3::test1782, 1,
RegressionTest3::test1783, 1,
RegressionTest3::test1784, 1,
RegressionTest3::test1785, 1,
RegressionTest3::test1786, 1,
RegressionTest3::test1787, 1,
RegressionTest3::test1788, 1,
RegressionTest3::test1789, 1,
RegressionTest3::test1790, 1,
RegressionTest3::test1791, 1,
RegressionTest3::test1792, 1,
RegressionTest3::test1793, 1,
RegressionTest3::test1794, 1,
RegressionTest3::test1795, 1,
RegressionTest3::test1796, 1,
RegressionTest3::test1797, 1,
RegressionTest3::test1798, 1,
RegressionTest3::test1799, 1,
RegressionTest3::test1800, 1,
RegressionTest3::test1801, 1,
RegressionTest3::test1802, 1,
RegressionTest3::test1803, 1,
RegressionTest3::test1804, 1,
RegressionTest3::test1805, 1,
RegressionTest3::test1806, 1,
RegressionTest3::test1807, 1,
RegressionTest3::test1808, 1,
RegressionTest3::test1809, 1,
RegressionTest3::test1810, 1,
RegressionTest3::test1811, 1,
RegressionTest3::test1812, 1,
RegressionTest3::test1813, 1,
RegressionTest3::test1814, 1,
RegressionTest3::test1815, 1,
RegressionTest3::test1816, 1,
RegressionTest3::test1817, 1,
RegressionTest3::test1818, 1,
RegressionTest3::test1819, 1,
RegressionTest3::test1820, 1,
RegressionTest3::test1821, 1,
RegressionTest3::test1822, 1,
RegressionTest3::test1823, 1,
RegressionTest3::test1824, 1,
RegressionTest3::test1825, 1,
RegressionTest3::test1826, 1,
RegressionTest3::test1827, 1,
RegressionTest3::test1828, 1,
RegressionTest3::test1829, 1,
RegressionTest3::test1830, 1,
RegressionTest3::test1831, 1,
RegressionTest3::test1832, 1,
RegressionTest3::test1833, 1,
RegressionTest3::test1834, 1,
RegressionTest3::test1835, 1,
RegressionTest3::test1836, 1,
RegressionTest3::test1837, 1,
RegressionTest3::test1838, 1,
RegressionTest3::test1839, 1,
RegressionTest3::test1840, 1,
RegressionTest3::test1841, 1,
RegressionTest3::test1842, 1,
RegressionTest3::test1843, 1,
RegressionTest3::test1844, 1,
RegressionTest3::test1845, 1,
RegressionTest3::test1846, 1,
RegressionTest3::test1847, 1,
RegressionTest3::test1848, 1,
RegressionTest3::test1849, 1,
RegressionTest3::test1850, 1,
RegressionTest3::test1851, 1,
RegressionTest3::test1852, 1,
RegressionTest3::test1853, 1,
RegressionTest3::test1854, 1,
RegressionTest3::test1855, 1,
RegressionTest3::test1856, 1,
RegressionTest3::test1857, 1,
RegressionTest3::test1858, 1,
RegressionTest3::test1859, 1,
RegressionTest3::test1860, 1,
RegressionTest3::test1861, 1,
RegressionTest3::test1862, 1,
RegressionTest3::test1863, 1,
RegressionTest3::test1864, 1,
RegressionTest3::test1865, 1,
RegressionTest3::test1866, 1,
RegressionTest3::test1867, 1,
RegressionTest3::test1868, 1,
RegressionTest3::test1869, 1,
RegressionTest3::test1870, 1,
RegressionTest3::test1871, 1,
RegressionTest3::test1872, 1,
RegressionTest3::test1873, 1,
RegressionTest3::test1874, 1,
RegressionTest3::test1875, 1,
RegressionTest3::test1876, 1,
RegressionTest3::test1877, 1,
RegressionTest3::test1878, 1,
RegressionTest3::test1879, 1,
RegressionTest3::test1880, 1,
RegressionTest3::test1881, 1,
RegressionTest3::test1882, 1,
RegressionTest3::test1883, 1,
RegressionTest3::test1884, 1,
RegressionTest3::test1885, 1,
RegressionTest3::test1886, 1,
RegressionTest3::test1887, 1,
RegressionTest3::test1888, 1,
RegressionTest3::test1889, 1,
RegressionTest3::test1890, 1,
RegressionTest3::test1891, 1,
RegressionTest3::test1892, 1,
RegressionTest3::test1893, 1,
RegressionTest3::test1894, 1,
RegressionTest3::test1895, 1,
RegressionTest3::test1896, 1,
RegressionTest3::test1897, 1,
RegressionTest3::test1898, 1,
RegressionTest3::test1899, 1,
RegressionTest3::test1900, 1,
RegressionTest3::test1901, 1,
RegressionTest3::test1902, 1,
RegressionTest3::test1903, 1,
RegressionTest3::test1904, 1,
RegressionTest3::test1905, 1,
RegressionTest3::test1906, 1,
RegressionTest3::test1907, 1,
RegressionTest3::test1908, 1,
RegressionTest3::test1909, 1,
RegressionTest3::test1910, 1,
RegressionTest3::test1911, 1,
RegressionTest3::test1912, 1,
RegressionTest3::test1913, 1,
RegressionTest3::test1914, 1,
RegressionTest3::test1915, 1,
RegressionTest3::test1916, 1,
RegressionTest3::test1917, 1,
RegressionTest3::test1918, 1,
RegressionTest3::test1919, 1,
RegressionTest3::test1920, 1,
RegressionTest3::test1921, 1,
RegressionTest3::test1922, 1,
RegressionTest3::test1923, 1,
RegressionTest3::test1924, 1,
RegressionTest3::test1925, 1,
RegressionTest3::test1926, 1,
RegressionTest3::test1927, 1,
RegressionTest3::test1928, 1,
RegressionTest3::test1929, 1,
RegressionTest3::test1930, 1,
RegressionTest3::test1931, 1,
RegressionTest3::test1932, 1,
RegressionTest3::test1933, 1,
RegressionTest3::test1934, 1,
RegressionTest3::test1935, 1,
RegressionTest3::test1936, 1,
RegressionTest3::test1937, 1,
RegressionTest3::test1938, 1,
RegressionTest3::test1939, 1,
RegressionTest3::test1940, 1,
RegressionTest3::test1941, 1,
RegressionTest3::test1942, 1,
RegressionTest3::test1943, 1,
RegressionTest3::test1944, 1,
RegressionTest3::test1945, 1,
RegressionTest3::test1946, 1,
RegressionTest3::test1947, 1,
RegressionTest3::test1948, 1,
RegressionTest3::test1949, 1,
RegressionTest3::test1950, 1,
RegressionTest3::test1951, 1,
RegressionTest3::test1952, 1,
RegressionTest3::test1953, 1,
RegressionTest3::test1954, 1,
RegressionTest3::test1955, 1,
RegressionTest3::test1956, 1,
RegressionTest3::test1957, 1,
RegressionTest3::test1958, 1,
RegressionTest3::test1959, 1,
RegressionTest3::test1960, 1,
RegressionTest3::test1961, 1,
RegressionTest3::test1962, 1,
RegressionTest3::test1963, 1,
RegressionTest3::test1964, 1,
RegressionTest3::test1965, 1,
RegressionTest3::test1966, 1,
RegressionTest3::test1967, 1,
RegressionTest3::test1968, 1,
RegressionTest3::test1969, 1,
RegressionTest3::test1970, 1,
RegressionTest3::test1971, 1,
RegressionTest3::test1972, 1,
RegressionTest3::test1973, 1,
RegressionTest3::test1974, 1,
RegressionTest3::test1975, 1,
RegressionTest3::test1976, 1,
RegressionTest3::test1977, 1,
RegressionTest3::test1978, 1,
RegressionTest3::test1979, 1,
RegressionTest3::test1980, 1,
RegressionTest3::test1981, 1,
RegressionTest3::test1982, 1,
RegressionTest3::test1983, 1,
RegressionTest3::test1984, 1,
RegressionTest3::test1985, 1,
RegressionTest3::test1986, 1,
RegressionTest3::test1987, 1,
RegressionTest3::test1988, 1,
RegressionTest3::test1989, 1,
RegressionTest3::test1990, 1,
RegressionTest3::test1991, 1,
RegressionTest3::test1992, 1,
RegressionTest3::test1993, 1,
RegressionTest3::test1994, 1,
RegressionTest3::test1995, 1,
RegressionTest3::test1996, 1,
RegressionTest3::test1997, 1,
RegressionTest3::test1998, 1,
RegressionTest3::test1999, 1,
RegressionTest3::test2000, 1,
RegressionTest1::test0501, 1,
RegressionTest1::test0502, 1,
RegressionTest1::test0503, 1,
RegressionTest1::test0504, 1,
RegressionTest1::test0505, 1,
RegressionTest1::test0506, 1,
RegressionTest1::test0507, 1,
RegressionTest1::test0508, 1,
RegressionTest1::test0509, 1,
RegressionTest1::test0510, 1,
RegressionTest1::test0511, 1,
RegressionTest1::test0512, 1,
RegressionTest1::test0513, 1,
RegressionTest1::test0514, 1,
RegressionTest1::test0515, 1,
RegressionTest1::test0516, 1,
RegressionTest1::test0517, 1,
RegressionTest1::test0518, 1,
RegressionTest1::test0519, 1,
RegressionTest1::test0520, 1,
RegressionTest1::test0521, 1,
RegressionTest1::test0522, 1,
RegressionTest1::test0523, 1,
RegressionTest1::test0524, 1,
RegressionTest1::test0525, 1,
RegressionTest1::test0526, 1,
RegressionTest1::test0527, 1,
RegressionTest1::test0528, 1,
RegressionTest1::test0529, 1,
RegressionTest1::test0530, 1,
RegressionTest1::test0531, 1,
RegressionTest1::test0532, 1,
RegressionTest1::test0533, 1,
RegressionTest1::test0534, 1,
RegressionTest1::test0535, 1,
RegressionTest1::test0536, 1,
RegressionTest1::test0537, 1,
RegressionTest1::test0538, 1,
RegressionTest1::test0539, 1,
RegressionTest1::test0540, 1,
RegressionTest1::test0541, 1,
RegressionTest1::test0542, 1,
RegressionTest1::test0543, 1,
RegressionTest1::test0544, 1,
RegressionTest1::test0545, 1,
RegressionTest1::test0546, 1,
RegressionTest1::test0547, 1,
RegressionTest1::test0548, 1,
RegressionTest1::test0549, 1,
RegressionTest1::test0550, 1,
RegressionTest1::test0551, 1,
RegressionTest1::test0552, 1,
RegressionTest1::test0553, 1,
RegressionTest1::test0554, 1,
RegressionTest1::test0555, 1,
RegressionTest1::test0556, 1,
RegressionTest1::test0557, 1,
RegressionTest1::test0558, 1,
RegressionTest1::test0559, 1,
RegressionTest1::test0560, 1,
RegressionTest1::test0561, 1,
RegressionTest1::test0562, 1,
RegressionTest1::test0563, 1,
RegressionTest1::test0564, 1,
RegressionTest1::test0565, 1,
RegressionTest1::test0566, 1,
RegressionTest1::test0567, 1,
RegressionTest1::test0568, 1,
RegressionTest1::test0569, 1,
RegressionTest1::test0570, 1,
RegressionTest1::test0571, 1,
RegressionTest1::test0572, 1,
RegressionTest1::test0573, 1,
RegressionTest1::test0574, 1,
RegressionTest1::test0575, 1,
RegressionTest1::test0576, 1,
RegressionTest1::test0577, 1,
RegressionTest1::test0578, 1,
RegressionTest1::test0579, 1,
RegressionTest1::test0580, 1,
RegressionTest1::test0581, 1,
RegressionTest1::test0582, 1,
RegressionTest1::test0583, 1,
RegressionTest1::test0584, 1,
RegressionTest1::test0585, 1,
RegressionTest1::test0586, 1,
RegressionTest1::test0587, 1,
RegressionTest1::test0588, 1,
RegressionTest1::test0589, 1,
RegressionTest1::test0590, 1,
RegressionTest1::test0591, 1,
RegressionTest1::test0592, 1,
RegressionTest1::test0593, 1,
RegressionTest1::test0594, 1,
RegressionTest1::test0595, 1,
RegressionTest1::test0596, 1,
RegressionTest1::test0597, 1,
RegressionTest1::test0598, 1,
RegressionTest1::test0599, 1,
RegressionTest1::test0600, 1,
RegressionTest1::test0601, 1,
RegressionTest1::test0602, 1,
RegressionTest1::test0603, 1,
RegressionTest1::test0604, 1,
RegressionTest1::test0605, 1,
RegressionTest1::test0606, 1,
RegressionTest1::test0607, 1,
RegressionTest1::test0608, 1,
RegressionTest1::test0609, 1,
RegressionTest1::test0610, 1,
RegressionTest1::test0611, 1,
RegressionTest1::test0612, 1,
RegressionTest1::test0613, 1,
RegressionTest1::test0614, 1,
RegressionTest1::test0615, 1,
RegressionTest1::test0616, 1,
RegressionTest1::test0617, 1,
RegressionTest1::test0618, 1,
RegressionTest1::test0619, 1,
RegressionTest1::test0620, 1,
RegressionTest1::test0621, 1,
RegressionTest1::test0622, 1,
RegressionTest1::test0623, 1,
RegressionTest1::test0624, 1,
RegressionTest1::test0625, 1,
RegressionTest1::test0626, 1,
RegressionTest1::test0627, 1,
RegressionTest1::test0628, 1,
RegressionTest1::test0629, 1,
RegressionTest1::test0630, 1,
RegressionTest1::test0631, 1,
RegressionTest1::test0632, 1,
RegressionTest1::test0633, 1,
RegressionTest1::test0634, 1,
RegressionTest1::test0635, 1,
RegressionTest1::test0636, 1,
RegressionTest1::test0637, 1,
RegressionTest1::test0638, 1,
RegressionTest1::test0639, 1,
RegressionTest1::test0640, 1,
RegressionTest1::test0641, 1,
RegressionTest1::test0642, 1,
RegressionTest1::test0643, 1,
RegressionTest1::test0644, 1,
RegressionTest1::test0645, 1,
RegressionTest1::test0646, 1,
RegressionTest1::test0647, 1,
RegressionTest1::test0648, 1,
RegressionTest1::test0649, 1,
RegressionTest1::test0650, 1,
RegressionTest1::test0651, 1,
RegressionTest1::test0652, 1,
RegressionTest1::test0653, 1,
RegressionTest1::test0654, 1,
RegressionTest1::test0655, 1,
RegressionTest1::test0656, 1,
RegressionTest1::test0657, 1,
RegressionTest1::test0658, 1,
RegressionTest1::test0659, 1,
RegressionTest1::test0660, 1,
RegressionTest1::test0661, 1,
RegressionTest1::test0662, 1,
RegressionTest1::test0663, 1,
RegressionTest1::test0664, 1,
RegressionTest1::test0665, 1,
RegressionTest1::test0666, 1,
RegressionTest1::test0667, 1,
RegressionTest1::test0668, 1,
RegressionTest1::test0669, 1,
RegressionTest1::test0670, 1,
RegressionTest1::test0671, 1,
RegressionTest1::test0672, 1,
RegressionTest1::test0673, 1,
RegressionTest1::test0674, 1,
RegressionTest1::test0675, 1,
RegressionTest1::test0676, 1,
RegressionTest1::test0677, 1,
RegressionTest1::test0678, 1,
RegressionTest1::test0679, 1,
RegressionTest1::test0680, 1,
RegressionTest1::test0681, 1,
RegressionTest1::test0682, 1,
RegressionTest1::test0683, 1,
RegressionTest1::test0684, 1,
RegressionTest1::test0685, 1,
RegressionTest1::test0686, 1,
RegressionTest1::test0687, 1,
RegressionTest1::test0688, 1,
RegressionTest1::test0689, 1,
RegressionTest1::test0690, 1,
RegressionTest1::test0691, 1,
RegressionTest1::test0692, 1,
RegressionTest1::test0693, 1,
RegressionTest1::test0694, 1,
RegressionTest1::test0695, 1,
RegressionTest1::test0696, 1,
RegressionTest1::test0697, 1,
RegressionTest1::test0698, 1,
RegressionTest1::test0699, 1,
RegressionTest1::test0700, 1,
RegressionTest1::test0701, 1,
RegressionTest1::test0702, 1,
RegressionTest1::test0703, 1,
RegressionTest1::test0704, 1,
RegressionTest1::test0705, 1,
RegressionTest1::test0706, 1,
RegressionTest1::test0707, 1,
RegressionTest1::test0708, 1,
RegressionTest1::test0709, 1,
RegressionTest1::test0710, 1,
RegressionTest1::test0711, 1,
RegressionTest1::test0712, 1,
RegressionTest1::test0713, 1,
RegressionTest1::test0714, 1,
RegressionTest1::test0715, 1,
RegressionTest1::test0716, 1,
RegressionTest1::test0717, 1,
RegressionTest1::test0718, 1,
RegressionTest1::test0719, 1,
RegressionTest1::test0720, 1,
RegressionTest1::test0721, 1,
RegressionTest1::test0722, 1,
RegressionTest1::test0723, 1,
RegressionTest1::test0724, 1,
RegressionTest1::test0725, 1,
RegressionTest1::test0726, 1,
RegressionTest1::test0727, 1,
RegressionTest1::test0728, 1,
RegressionTest1::test0729, 1,
RegressionTest1::test0730, 1,
RegressionTest1::test0731, 1,
RegressionTest1::test0732, 1,
RegressionTest1::test0733, 1,
RegressionTest1::test0734, 1,
RegressionTest1::test0735, 1,
RegressionTest1::test0736, 1,
RegressionTest1::test0737, 1,
RegressionTest1::test0738, 1,
RegressionTest1::test0739, 1,
RegressionTest1::test0740, 1,
RegressionTest1::test0741, 1,
RegressionTest1::test0742, 1,
RegressionTest1::test0743, 1,
RegressionTest1::test0744, 1,
RegressionTest1::test0745, 1,
RegressionTest1::test0746, 1,
RegressionTest1::test0747, 1,
RegressionTest1::test0748, 1,
RegressionTest1::test0749, 1,
RegressionTest1::test0750, 1,
RegressionTest1::test0751, 1,
RegressionTest1::test0752, 1,
RegressionTest1::test0753, 1,
RegressionTest1::test0754, 1,
RegressionTest1::test0755, 1,
RegressionTest1::test0756, 1,
RegressionTest1::test0757, 1,
RegressionTest1::test0758, 1,
RegressionTest1::test0759, 1,
RegressionTest1::test0760, 1,
RegressionTest1::test0761, 1,
RegressionTest1::test0762, 1,
RegressionTest1::test0763, 1,
RegressionTest1::test0764, 1,
RegressionTest1::test0765, 1,
RegressionTest1::test0766, 1,
RegressionTest1::test0767, 1,
RegressionTest1::test0768, 1,
RegressionTest1::test0769, 1,
RegressionTest1::test0770, 1,
RegressionTest1::test0771, 1,
RegressionTest1::test0772, 1,
RegressionTest1::test0773, 1,
RegressionTest1::test0774, 1,
RegressionTest1::test0775, 1,
RegressionTest1::test0776, 1,
RegressionTest1::test0777, 1,
RegressionTest1::test0778, 1,
RegressionTest1::test0779, 1,
RegressionTest1::test0780, 1,
RegressionTest1::test0781, 1,
RegressionTest1::test0782, 1,
RegressionTest1::test0783, 1,
RegressionTest1::test0784, 1,
RegressionTest1::test0785, 1,
RegressionTest1::test0786, 1,
RegressionTest1::test0787, 1,
RegressionTest1::test0788, 1,
RegressionTest1::test0789, 1,
RegressionTest1::test0790, 1,
RegressionTest1::test0791, 1,
RegressionTest1::test0792, 1,
RegressionTest1::test0793, 1,
RegressionTest1::test0794, 1,
RegressionTest1::test0795, 1,
RegressionTest1::test0796, 1,
RegressionTest1::test0797, 1,
RegressionTest1::test0798, 1,
RegressionTest1::test0799, 1,
RegressionTest1::test0800, 1,
RegressionTest1::test0801, 1,
RegressionTest1::test0802, 1,
RegressionTest1::test0803, 1,
RegressionTest1::test0804, 1,
RegressionTest1::test0805, 1,
RegressionTest1::test0806, 1,
RegressionTest1::test0807, 1,
RegressionTest1::test0808, 1,
RegressionTest1::test0809, 1,
RegressionTest1::test0810, 1,
RegressionTest1::test0811, 1,
RegressionTest1::test0812, 1,
RegressionTest1::test0813, 1,
RegressionTest1::test0814, 1,
RegressionTest1::test0815, 1,
RegressionTest1::test0816, 1,
RegressionTest1::test0817, 1,
RegressionTest1::test0818, 1,
RegressionTest1::test0819, 1,
RegressionTest1::test0820, 1,
RegressionTest1::test0821, 1,
RegressionTest1::test0822, 1,
RegressionTest1::test0823, 1,
RegressionTest1::test0824, 1,
RegressionTest1::test0825, 1,
RegressionTest1::test0826, 1,
RegressionTest1::test0827, 1,
RegressionTest1::test0828, 1,
RegressionTest1::test0829, 1,
RegressionTest1::test0830, 1,
RegressionTest1::test0831, 1,
RegressionTest1::test0832, 1,
RegressionTest1::test0833, 1,
RegressionTest1::test0834, 1,
RegressionTest1::test0835, 1,
RegressionTest1::test0836, 1,
RegressionTest1::test0837, 1,
RegressionTest1::test0838, 1,
RegressionTest1::test0839, 1,
RegressionTest1::test0840, 1,
RegressionTest1::test0841, 1,
RegressionTest1::test0842, 1,
RegressionTest1::test0843, 1,
RegressionTest1::test0844, 1,
RegressionTest1::test0845, 1,
RegressionTest1::test0846, 1,
RegressionTest1::test0847, 1,
RegressionTest1::test0848, 1,
RegressionTest1::test0849, 1,
RegressionTest1::test0850, 1,
RegressionTest1::test0851, 1,
RegressionTest1::test0852, 1,
RegressionTest1::test0853, 1,
RegressionTest1::test0854, 1,
RegressionTest1::test0855, 1,
RegressionTest1::test0856, 1,
RegressionTest1::test0857, 1,
RegressionTest1::test0858, 1,
RegressionTest1::test0859, 1,
RegressionTest1::test0860, 1,
RegressionTest1::test0861, 1,
RegressionTest1::test0862, 1,
RegressionTest1::test0863, 1,
RegressionTest1::test0864, 1,
RegressionTest1::test0865, 1,
RegressionTest1::test0866, 1,
RegressionTest1::test0867, 1,
RegressionTest1::test0868, 1,
RegressionTest1::test0869, 1,
RegressionTest1::test0870, 1,
RegressionTest1::test0871, 1,
RegressionTest1::test0872, 1,
RegressionTest1::test0873, 1,
RegressionTest1::test0874, 1,
RegressionTest1::test0875, 1,
RegressionTest1::test0876, 1,
RegressionTest1::test0877, 1,
RegressionTest1::test0878, 1,
RegressionTest1::test0879, 1,
RegressionTest1::test0880, 1,
RegressionTest1::test0881, 1,
RegressionTest1::test0882, 1,
RegressionTest1::test0883, 1,
RegressionTest1::test0884, 1,
RegressionTest1::test0885, 1,
RegressionTest1::test0886, 1,
RegressionTest1::test0887, 1,
RegressionTest1::test0888, 1,
RegressionTest1::test0889, 1,
RegressionTest1::test0890, 1,
RegressionTest1::test0891, 1,
RegressionTest1::test0892, 1,
RegressionTest1::test0893, 1,
RegressionTest1::test0894, 1,
RegressionTest1::test0895, 1,
RegressionTest1::test0896, 1,
RegressionTest1::test0897, 1,
RegressionTest1::test0898, 1,
RegressionTest1::test0899, 1,
RegressionTest1::test0900, 1,
RegressionTest1::test0901, 1,
RegressionTest1::test0902, 1,
RegressionTest1::test0903, 1,
RegressionTest1::test0904, 1,
RegressionTest1::test0905, 1,
RegressionTest1::test0906, 1,
RegressionTest1::test0907, 1,
RegressionTest1::test0908, 1,
RegressionTest1::test0909, 1,
RegressionTest1::test0910, 1,
RegressionTest1::test0911, 1,
RegressionTest1::test0912, 1,
RegressionTest1::test0913, 1,
RegressionTest1::test0914, 1,
RegressionTest1::test0915, 1,
RegressionTest1::test0916, 1,
RegressionTest1::test0917, 1,
RegressionTest1::test0918, 1,
RegressionTest1::test0919, 1,
RegressionTest1::test0920, 1,
RegressionTest1::test0921, 1,
RegressionTest1::test0922, 1,
RegressionTest1::test0923, 1,
RegressionTest1::test0924, 1,
RegressionTest1::test0925, 1,
RegressionTest1::test0926, 1,
RegressionTest1::test0927, 1,
RegressionTest1::test0928, 1,
RegressionTest1::test0929, 1,
RegressionTest1::test0930, 1,
RegressionTest1::test0931, 1,
RegressionTest1::test0932, 1,
RegressionTest1::test0933, 1,
RegressionTest1::test0934, 1,
RegressionTest1::test0935, 1,
RegressionTest1::test0936, 1,
RegressionTest1::test0937, 1,
RegressionTest1::test0938, 1,
RegressionTest1::test0939, 1,
RegressionTest1::test0940, 1,
RegressionTest1::test0941, 1,
RegressionTest1::test0942, 1,
RegressionTest1::test0943, 1,
RegressionTest1::test0944, 1,
RegressionTest1::test0945, 1,
RegressionTest1::test0946, 1,
RegressionTest1::test0947, 1,
RegressionTest1::test0948, 1,
RegressionTest1::test0949, 1,
RegressionTest1::test0950, 1,
RegressionTest1::test0951, 1,
RegressionTest1::test0952, 1,
RegressionTest1::test0953, 1,
RegressionTest1::test0954, 1,
RegressionTest1::test0955, 1,
RegressionTest1::test0956, 1,
RegressionTest1::test0957, 1,
RegressionTest1::test0958, 1,
RegressionTest1::test0959, 1,
RegressionTest1::test0960, 1,
RegressionTest1::test0961, 1,
RegressionTest1::test0962, 1,
RegressionTest1::test0963, 1,
RegressionTest1::test0964, 1,
RegressionTest1::test0965, 1,
RegressionTest1::test0966, 1,
RegressionTest1::test0967, 1,
RegressionTest1::test0968, 1,
RegressionTest1::test0969, 1,
RegressionTest1::test0970, 1,
RegressionTest1::test0971, 1,
RegressionTest1::test0972, 1,
RegressionTest1::test0973, 1,
RegressionTest1::test0974, 1,
RegressionTest1::test0975, 1,
RegressionTest1::test0976, 1,
RegressionTest1::test0977, 1,
RegressionTest1::test0978, 1,
RegressionTest1::test0979, 1,
RegressionTest1::test0980, 1,
RegressionTest1::test0981, 1,
RegressionTest1::test0982, 1,
RegressionTest1::test0983, 1,
RegressionTest1::test0984, 1,
RegressionTest1::test0985, 1,
RegressionTest1::test0986, 1,
RegressionTest1::test0987, 1,
RegressionTest1::test0988, 1,
RegressionTest1::test0989, 1,
RegressionTest1::test0990, 1,
RegressionTest1::test0991, 1,
RegressionTest1::test0992, 1,
RegressionTest1::test0993, 1,
RegressionTest1::test0994, 1,
RegressionTest1::test0995, 1,
RegressionTest1::test0996, 1,
RegressionTest1::test0997, 1,
RegressionTest1::test0998, 1,
RegressionTest1::test0999, 1,
RegressionTest1::test1000, 1,
EntityArraysTest::testConstructorExists, 1,
EntityArraysTest::testHTML40_EXTENDED_ESCAPE, 1,
EntityArraysTest::testISO8859_1_ESCAPE, 1,
RegressionTest2::test1001, 1,
RegressionTest2::test1002, 1,
RegressionTest2::test1003, 1,
RegressionTest2::test1004, 1,
RegressionTest2::test1005, 1,
RegressionTest2::test1006, 1,
RegressionTest2::test1007, 1,
RegressionTest2::test1008, 1,
RegressionTest2::test1009, 1,
RegressionTest2::test1010, 1,
RegressionTest2::test1011, 1,
RegressionTest2::test1012, 1,
RegressionTest2::test1013, 1,
RegressionTest2::test1014, 1,
RegressionTest2::test1015, 1,
RegressionTest2::test1016, 1,
RegressionTest2::test1017, 1,
RegressionTest2::test1018, 1,
RegressionTest2::test1019, 1,
RegressionTest2::test1020, 1,
RegressionTest2::test1021, 1,
RegressionTest2::test1022, 1,
RegressionTest2::test1023, 1,
RegressionTest2::test1024, 1,
RegressionTest2::test1025, 1,
RegressionTest2::test1026, 1,
RegressionTest2::test1027, 1,
RegressionTest2::test1028, 1,
RegressionTest2::test1029, 1,
RegressionTest2::test1030, 1,
RegressionTest2::test1031, 1,
RegressionTest2::test1032, 1,
RegressionTest2::test1033, 1,
RegressionTest2::test1034, 1,
RegressionTest2::test1035, 1,
RegressionTest2::test1036, 1,
RegressionTest2::test1037, 1,
RegressionTest2::test1038, 1,
RegressionTest2::test1039, 1,
RegressionTest2::test1040, 1,
RegressionTest2::test1041, 1,
RegressionTest2::test1042, 1,
RegressionTest2::test1043, 1,
RegressionTest2::test1044, 1,
RegressionTest2::test1045, 1,
RegressionTest2::test1046, 1,
RegressionTest2::test1047, 1,
RegressionTest2::test1048, 1,
RegressionTest2::test1049, 1,
RegressionTest2::test1050, 1,
RegressionTest2::test1051, 1,
RegressionTest2::test1052, 1,
RegressionTest2::test1053, 1,
RegressionTest2::test1054, 1,
RegressionTest2::test1055, 1,
RegressionTest2::test1056, 1,
RegressionTest2::test1057, 1,
RegressionTest2::test1058, 1,
RegressionTest2::test1059, 1,
RegressionTest2::test1060, 1,
RegressionTest2::test1061, 1,
RegressionTest2::test1062, 1,
RegressionTest2::test1063, 1,
RegressionTest2::test1064, 1,
RegressionTest2::test1065, 1,
RegressionTest2::test1066, 1,
RegressionTest2::test1067, 1,
RegressionTest2::test1068, 1,
RegressionTest2::test1069, 1,
RegressionTest2::test1070, 1,
RegressionTest2::test1071, 1,
RegressionTest2::test1072, 1,
RegressionTest2::test1073, 1,
RegressionTest2::test1074, 1,
RegressionTest2::test1075, 1,
RegressionTest2::test1076, 1,
RegressionTest2::test1077, 1,
RegressionTest2::test1078, 1,
RegressionTest2::test1079, 1,
RegressionTest2::test1080, 1,
RegressionTest2::test1081, 1,
RegressionTest2::test1082, 1,
RegressionTest2::test1083, 1,
RegressionTest2::test1084, 1,
RegressionTest2::test1085, 1,
RegressionTest2::test1086, 1,
RegressionTest2::test1087, 1,
RegressionTest2::test1088, 1,
RegressionTest2::test1089, 1,
RegressionTest2::test1090, 1,
RegressionTest2::test1091, 1,
RegressionTest2::test1092, 1,
RegressionTest2::test1093, 1,
RegressionTest2::test1094, 1,
RegressionTest2::test1095, 1,
RegressionTest2::test1096, 1,
RegressionTest2::test1097, 1,
RegressionTest2::test1098, 1,
RegressionTest2::test1099, 1,
RegressionTest2::test1100, 1,
RegressionTest2::test1101, 1,
RegressionTest2::test1102, 1,
RegressionTest2::test1103, 1,
RegressionTest2::test1104, 1,
RegressionTest2::test1105, 1,
RegressionTest2::test1106, 1,
RegressionTest2::test1107, 1,
RegressionTest2::test1108, 1,
RegressionTest2::test1109, 1,
RegressionTest2::test1110, 1,
RegressionTest2::test1111, 1,
RegressionTest2::test1112, 1,
RegressionTest2::test1113, 1,
RegressionTest2::test1114, 1,
RegressionTest2::test1115, 1,
RegressionTest2::test1116, 1,
RegressionTest2::test1117, 1,
RegressionTest2::test1118, 1,
RegressionTest2::test1119, 1,
RegressionTest2::test1120, 1,
RegressionTest2::test1121, 1,
RegressionTest2::test1122, 1,
RegressionTest2::test1123, 1,
RegressionTest2::test1124, 1,
RegressionTest2::test1125, 1,
RegressionTest2::test1126, 1,
RegressionTest2::test1127, 1,
RegressionTest2::test1128, 1,
RegressionTest2::test1129, 1,
RegressionTest2::test1130, 1,
RegressionTest2::test1131, 1,
RegressionTest2::test1132, 1,
RegressionTest2::test1133, 1,
RegressionTest2::test1134, 1,
RegressionTest2::test1135, 1,
RegressionTest2::test1136, 1,
RegressionTest2::test1137, 1,
RegressionTest2::test1138, 1,
RegressionTest2::test1139, 1,
RegressionTest2::test1140, 1,
RegressionTest2::test1141, 1,
RegressionTest2::test1142, 1,
RegressionTest2::test1143, 1,
RegressionTest2::test1144, 1,
RegressionTest2::test1145, 1,
RegressionTest2::test1146, 1,
RegressionTest2::test1147, 1,
RegressionTest2::test1148, 1,
RegressionTest2::test1149, 1,
RegressionTest2::test1150, 1,
RegressionTest2::test1151, 1,
RegressionTest2::test1152, 1,
RegressionTest2::test1153, 1,
RegressionTest2::test1154, 1,
RegressionTest2::test1155, 1,
RegressionTest2::test1156, 1,
RegressionTest2::test1157, 1,
RegressionTest2::test1158, 1,
RegressionTest2::test1159, 1,
RegressionTest2::test1160, 1,
RegressionTest2::test1161, 1,
RegressionTest2::test1162, 1,
RegressionTest2::test1163, 1,
RegressionTest2::test1164, 1,
RegressionTest2::test1165, 1,
RegressionTest2::test1166, 1,
RegressionTest2::test1167, 1,
RegressionTest2::test1168, 1,
RegressionTest2::test1169, 1,
RegressionTest2::test1170, 1,
RegressionTest2::test1171, 1,
RegressionTest2::test1172, 1,
RegressionTest2::test1173, 1,
RegressionTest2::test1174, 1,
RegressionTest2::test1175, 1,
RegressionTest2::test1176, 1,
RegressionTest2::test1177, 1,
RegressionTest2::test1178, 1,
RegressionTest2::test1179, 1,
RegressionTest2::test1180, 1,
RegressionTest2::test1181, 1,
RegressionTest2::test1182, 1,
RegressionTest2::test1183, 1,
RegressionTest2::test1184, 1,
RegressionTest2::test1185, 1,
RegressionTest2::test1186, 1,
RegressionTest2::test1187, 1,
RegressionTest2::test1188, 1,
RegressionTest2::test1189, 1,
RegressionTest2::test1190, 1,
RegressionTest2::test1191, 1,
RegressionTest2::test1192, 1,
RegressionTest2::test1193, 1,
RegressionTest2::test1194, 1,
RegressionTest2::test1195, 1,
RegressionTest2::test1196, 1,
RegressionTest2::test1197, 1,
RegressionTest2::test1198, 1,
RegressionTest2::test1199, 1,
RegressionTest2::test1200, 1,
RegressionTest2::test1201, 1,
RegressionTest2::test1202, 1,
RegressionTest2::test1203, 1,
RegressionTest2::test1204, 1,
RegressionTest2::test1205, 1,
RegressionTest2::test1206, 1,
RegressionTest2::test1207, 1,
RegressionTest2::test1208, 1,
RegressionTest2::test1209, 1,
RegressionTest2::test1210, 1,
RegressionTest2::test1211, 1,
RegressionTest2::test1212, 1,
RegressionTest2::test1213, 1,
RegressionTest2::test1214, 1,
RegressionTest2::test1215, 1,
RegressionTest2::test1216, 1,
RegressionTest2::test1217, 1,
RegressionTest2::test1218, 1,
RegressionTest2::test1219, 1,
RegressionTest2::test1220, 1,
RegressionTest2::test1221, 1,
RegressionTest2::test1222, 1,
RegressionTest2::test1223, 1,
RegressionTest2::test1224, 1,
RegressionTest2::test1225, 1,
RegressionTest2::test1226, 1,
RegressionTest2::test1227, 1,
RegressionTest2::test1228, 1,
RegressionTest2::test1229, 1,
RegressionTest2::test1230, 1,
RegressionTest2::test1231, 1,
RegressionTest2::test1232, 1,
RegressionTest2::test1233, 1,
RegressionTest2::test1234, 1,
RegressionTest2::test1235, 1,
RegressionTest2::test1236, 1,
RegressionTest2::test1237, 1,
RegressionTest2::test1238, 1,
RegressionTest2::test1239, 1,
RegressionTest2::test1240, 1,
RegressionTest2::test1241, 1,
RegressionTest2::test1242, 1,
RegressionTest2::test1243, 1,
RegressionTest2::test1244, 1,
RegressionTest2::test1245, 1,
RegressionTest2::test1246, 1,
RegressionTest2::test1247, 1,
RegressionTest2::test1248, 1,
RegressionTest2::test1249, 1,
RegressionTest2::test1250, 1,
RegressionTest2::test1251, 1,
RegressionTest2::test1252, 1,
RegressionTest2::test1253, 1,
RegressionTest2::test1254, 1,
RegressionTest2::test1255, 1,
RegressionTest2::test1256, 1,
RegressionTest2::test1257, 1,
RegressionTest2::test1258, 1,
RegressionTest2::test1259, 1,
RegressionTest2::test1260, 1,
RegressionTest2::test1261, 1,
RegressionTest2::test1262, 1,
RegressionTest2::test1263, 1,
RegressionTest2::test1264, 1,
RegressionTest2::test1265, 1,
RegressionTest2::test1266, 1,
RegressionTest2::test1267, 1,
RegressionTest2::test1268, 1,
RegressionTest2::test1269, 1,
RegressionTest2::test1270, 1,
RegressionTest2::test1271, 1,
RegressionTest2::test1272, 1,
RegressionTest2::test1273, 1,
RegressionTest2::test1274, 1,
RegressionTest2::test1275, 1,
RegressionTest2::test1276, 1,
RegressionTest2::test1277, 1,
RegressionTest2::test1278, 1,
RegressionTest2::test1279, 1,
RegressionTest2::test1280, 1,
RegressionTest2::test1281, 1,
RegressionTest2::test1282, 1,
RegressionTest2::test1283, 1,
RegressionTest2::test1284, 1,
RegressionTest2::test1285, 1,
RegressionTest2::test1286, 1,
RegressionTest2::test1287, 1,
RegressionTest2::test1288, 1,
RegressionTest2::test1289, 1,
RegressionTest2::test1290, 1,
RegressionTest2::test1291, 1,
RegressionTest2::test1292, 1,
RegressionTest2::test1293, 1,
RegressionTest2::test1294, 1,
RegressionTest2::test1295, 1,
RegressionTest2::test1296, 1,
RegressionTest2::test1297, 1,
RegressionTest2::test1298, 1,
RegressionTest2::test1299, 1,
RegressionTest2::test1300, 1,
RegressionTest2::test1301, 1,
RegressionTest2::test1302, 1,
RegressionTest2::test1303, 1,
RegressionTest2::test1304, 1,
RegressionTest2::test1305, 1,
RegressionTest2::test1306, 1,
RegressionTest2::test1307, 1,
RegressionTest2::test1308, 1,
RegressionTest2::test1309, 1,
RegressionTest2::test1310, 1,
RegressionTest2::test1311, 1,
RegressionTest2::test1312, 1,
RegressionTest2::test1313, 1,
RegressionTest2::test1314, 1,
RegressionTest2::test1315, 1,
RegressionTest2::test1316, 1,
RegressionTest2::test1317, 1,
RegressionTest2::test1318, 1,
RegressionTest2::test1319, 1,
RegressionTest2::test1320, 1,
RegressionTest2::test1321, 1,
RegressionTest2::test1322, 1,
RegressionTest2::test1323, 1,
RegressionTest2::test1324, 1,
RegressionTest2::test1325, 1,
RegressionTest2::test1326, 1,
RegressionTest2::test1327, 1,
RegressionTest2::test1328, 1,
RegressionTest2::test1329, 1,
RegressionTest2::test1330, 1,
RegressionTest2::test1331, 1,
RegressionTest2::test1332, 1,
RegressionTest2::test1333, 1,
RegressionTest2::test1334, 1,
RegressionTest2::test1335, 1,
RegressionTest2::test1336, 1,
RegressionTest2::test1337, 1,
RegressionTest2::test1338, 1,
RegressionTest2::test1339, 1,
RegressionTest2::test1340, 1,
RegressionTest2::test1341, 1,
RegressionTest2::test1342, 1,
RegressionTest2::test1343, 1,
RegressionTest2::test1344, 1,
RegressionTest2::test1345, 1,
RegressionTest2::test1346, 1,
RegressionTest2::test1347, 1,
RegressionTest2::test1348, 1,
RegressionTest2::test1349, 1,
RegressionTest2::test1350, 1,
RegressionTest2::test1351, 1,
RegressionTest2::test1352, 1,
RegressionTest2::test1353, 1,
RegressionTest2::test1354, 1,
RegressionTest2::test1355, 1,
RegressionTest2::test1356, 1,
RegressionTest2::test1357, 1,
RegressionTest2::test1358, 1,
RegressionTest2::test1359, 1,
RegressionTest2::test1360, 1,
RegressionTest2::test1361, 1,
RegressionTest2::test1362, 1,
RegressionTest2::test1363, 1,
RegressionTest2::test1364, 1,
RegressionTest2::test1365, 1,
RegressionTest2::test1366, 1,
RegressionTest2::test1367, 1,
RegressionTest2::test1368, 1,
RegressionTest2::test1369, 1,
RegressionTest2::test1370, 1,
RegressionTest2::test1371, 1,
RegressionTest2::test1372, 1,
RegressionTest2::test1373, 1,
RegressionTest2::test1374, 1,
RegressionTest2::test1375, 1,
RegressionTest2::test1376, 1,
RegressionTest2::test1377, 1,
RegressionTest2::test1378, 1,
RegressionTest2::test1379, 1,
RegressionTest2::test1380, 1,
RegressionTest2::test1381, 1,
RegressionTest2::test1382, 1,
RegressionTest2::test1383, 1,
RegressionTest2::test1384, 1,
RegressionTest2::test1385, 1,
RegressionTest2::test1386, 1,
RegressionTest2::test1387, 1,
RegressionTest2::test1388, 1,
RegressionTest2::test1389, 1,
RegressionTest2::test1390, 1,
RegressionTest2::test1391, 1,
RegressionTest2::test1392, 1,
RegressionTest2::test1393, 1,
RegressionTest2::test1394, 1,
RegressionTest2::test1395, 1,
RegressionTest2::test1396, 1,
RegressionTest2::test1397, 1,
RegressionTest2::test1398, 1,
RegressionTest2::test1399, 1,
RegressionTest2::test1400, 1,
RegressionTest2::test1401, 1,
RegressionTest2::test1402, 1,
RegressionTest2::test1403, 1,
RegressionTest2::test1404, 1,
RegressionTest2::test1405, 1,
RegressionTest2::test1406, 1,
RegressionTest2::test1407, 1,
RegressionTest2::test1408, 1,
RegressionTest2::test1409, 1,
RegressionTest2::test1410, 1,
RegressionTest2::test1411, 1,
RegressionTest2::test1412, 1,
RegressionTest2::test1413, 1,
RegressionTest2::test1414, 1,
RegressionTest2::test1415, 1,
RegressionTest2::test1416, 1,
RegressionTest2::test1417, 1,
RegressionTest2::test1418, 1,
RegressionTest2::test1419, 1,
RegressionTest2::test1420, 1,
RegressionTest2::test1421, 1,
RegressionTest2::test1422, 1,
RegressionTest2::test1423, 1,
RegressionTest2::test1424, 1,
RegressionTest2::test1425, 1,
RegressionTest2::test1426, 1,
RegressionTest2::test1427, 1,
RegressionTest2::test1428, 1,
RegressionTest2::test1429, 1,
RegressionTest2::test1430, 1,
RegressionTest2::test1431, 1,
RegressionTest2::test1432, 1,
RegressionTest2::test1433, 1,
RegressionTest2::test1434, 1,
RegressionTest2::test1435, 1,
RegressionTest2::test1436, 1,
RegressionTest2::test1437, 1,
RegressionTest2::test1438, 1,
RegressionTest2::test1439, 1,
RegressionTest2::test1440, 1,
RegressionTest2::test1441, 1,
RegressionTest2::test1442, 1,
RegressionTest2::test1443, 1,
RegressionTest2::test1444, 1,
RegressionTest2::test1445, 1,
RegressionTest2::test1446, 1,
RegressionTest2::test1447, 1,
RegressionTest2::test1448, 1,
RegressionTest2::test1449, 1,
RegressionTest2::test1450, 1,
RegressionTest2::test1451, 1,
RegressionTest2::test1452, 1,
RegressionTest2::test1453, 1,
RegressionTest2::test1454, 1,
RegressionTest2::test1455, 1,
RegressionTest2::test1456, 1,
RegressionTest2::test1457, 1,
RegressionTest2::test1458, 1,
RegressionTest2::test1459, 1,
RegressionTest2::test1460, 1,
RegressionTest2::test1461, 1,
RegressionTest2::test1462, 1,
RegressionTest2::test1463, 1,
RegressionTest2::test1464, 1,
RegressionTest2::test1465, 1,
RegressionTest2::test1466, 1,
RegressionTest2::test1467, 1,
RegressionTest2::test1468, 1,
RegressionTest2::test1469, 1,
RegressionTest2::test1470, 1,
RegressionTest2::test1471, 1,
RegressionTest2::test1472, 1,
RegressionTest2::test1473, 1,
RegressionTest2::test1474, 1,
RegressionTest2::test1475, 1,
RegressionTest2::test1476, 1,
RegressionTest2::test1477, 1,
RegressionTest2::test1478, 1,
RegressionTest2::test1479, 1,
RegressionTest2::test1480, 1,
RegressionTest2::test1481, 1,
RegressionTest2::test1482, 1,
RegressionTest2::test1483, 1,
RegressionTest2::test1484, 1,
RegressionTest2::test1485, 1,
RegressionTest2::test1486, 1,
RegressionTest2::test1487, 1,
RegressionTest2::test1488, 1,
RegressionTest2::test1489, 1,
RegressionTest2::test1490, 1,
RegressionTest2::test1491, 1,
RegressionTest2::test1492, 1,
RegressionTest2::test1493, 1,
RegressionTest2::test1494, 1,
RegressionTest2::test1495, 1,
RegressionTest2::test1496, 1,
RegressionTest2::test1497, 1,
RegressionTest2::test1498, 1,
RegressionTest2::test1499, 1,
RegressionTest2::test1500, 1,
RegressionTest0::test0001, 1,
RegressionTest0::test0002, 1,
RegressionTest0::test0003, 1,
RegressionTest0::test0004, 1,
RegressionTest0::test0005, 1,
RegressionTest0::test0006, 1,
RegressionTest0::test0007, 1,
RegressionTest0::test0008, 1,
RegressionTest0::test0009, 1,
RegressionTest0::test0010, 1,
RegressionTest0::test0011, 1,
RegressionTest0::test0012, 1,
RegressionTest0::test0013, 1,
RegressionTest0::test0014, 1,
RegressionTest0::test0015, 1,
RegressionTest0::test0016, 1,
RegressionTest0::test0017, 1,
RegressionTest0::test0018, 1,
RegressionTest0::test0019, 1,
RegressionTest0::test0020, 1,
RegressionTest0::test0021, 1,
RegressionTest0::test0022, 1,
RegressionTest0::test0023, 1,
RegressionTest0::test0024, 1,
RegressionTest0::test0025, 1,
RegressionTest0::test0026, 1,
RegressionTest0::test0027, 1,
RegressionTest0::test0028, 1,
RegressionTest0::test0029, 1,
RegressionTest0::test0030, 1,
RegressionTest0::test0031, 1,
RegressionTest0::test0032, 1,
RegressionTest0::test0033, 1,
RegressionTest0::test0034, 1,
RegressionTest0::test0035, 1,
RegressionTest0::test0036, 1,
RegressionTest0::test0037, 1,
RegressionTest0::test0038, 1,
RegressionTest0::test0039, 1,
RegressionTest0::test0040, 1,
RegressionTest0::test0041, 1,
RegressionTest0::test0042, 1,
RegressionTest0::test0043, 1,
RegressionTest0::test0044, 1,
RegressionTest0::test0045, 1,
RegressionTest0::test0046, 1,
RegressionTest0::test0047, 1,
RegressionTest0::test0048, 1,
RegressionTest0::test0049, 1,
RegressionTest0::test0050, 1,
RegressionTest0::test0051, 1,
RegressionTest0::test0052, 1,
RegressionTest0::test0053, 1,
RegressionTest0::test0054, 1,
RegressionTest0::test0055, 1,
RegressionTest0::test0056, 1,
RegressionTest0::test0057, 1,
RegressionTest0::test0058, 1,
RegressionTest0::test0059, 1,
RegressionTest0::test0060, 1,
RegressionTest0::test0061, 1,
RegressionTest0::test0062, 1,
RegressionTest0::test0063, 1,
RegressionTest0::test0064, 1,
RegressionTest0::test0065, 1,
RegressionTest0::test0066, 1,
RegressionTest0::test0067, 1,
RegressionTest0::test0068, 1,
RegressionTest0::test0069, 1,
RegressionTest0::test0070, 1,
RegressionTest0::test0071, 1,
RegressionTest0::test0072, 1,
RegressionTest0::test0073, 1,
RegressionTest0::test0074, 1,
RegressionTest0::test0075, 1,
RegressionTest0::test0076, 1,
RegressionTest0::test0077, 1,
RegressionTest0::test0078, 1,
RegressionTest0::test0079, 1,
RegressionTest0::test0080, 1,
RegressionTest0::test0081, 1,
RegressionTest0::test0082, 1,
RegressionTest0::test0083, 1,
RegressionTest0::test0084, 1,
RegressionTest0::test0085, 1,
RegressionTest0::test0086, 1,
RegressionTest0::test0087, 1,
RegressionTest0::test0088, 1,
RegressionTest0::test0089, 1,
RegressionTest0::test0090, 1,
RegressionTest0::test0091, 1,
RegressionTest0::test0092, 1,
RegressionTest0::test0093, 1,
RegressionTest0::test0094, 1,
RegressionTest0::test0095, 1,
RegressionTest0::test0096, 1,
RegressionTest0::test0097, 1,
RegressionTest0::test0098, 1,
RegressionTest0::test0099, 1,
RegressionTest0::test0100, 1,
RegressionTest0::test0101, 1,
RegressionTest0::test0102, 1,
RegressionTest0::test0103, 1,
RegressionTest0::test0104, 1,
RegressionTest0::test0105, 1,
RegressionTest0::test0106, 1,
RegressionTest0::test0107, 1,
RegressionTest0::test0108, 1,
RegressionTest0::test0109, 1,
RegressionTest0::test0110, 1,
RegressionTest0::test0111, 1,
RegressionTest0::test0112, 1,
RegressionTest0::test0113, 1,
RegressionTest0::test0114, 1,
RegressionTest0::test0115, 1,
RegressionTest0::test0116, 1,
RegressionTest0::test0117, 1,
RegressionTest0::test0118, 1,
RegressionTest0::test0119, 1,
RegressionTest0::test0120, 1,
RegressionTest0::test0121, 1,
RegressionTest0::test0122, 1,
RegressionTest0::test0123, 1,
RegressionTest0::test0124, 1,
RegressionTest0::test0125, 1,
RegressionTest0::test0126, 1,
RegressionTest0::test0127, 1,
RegressionTest0::test0128, 1,
RegressionTest0::test0129, 1,
RegressionTest0::test0130, 1,
RegressionTest0::test0131, 1,
RegressionTest0::test0132, 1,
RegressionTest0::test0133, 1,
RegressionTest0::test0134, 1,
RegressionTest0::test0135, 1,
RegressionTest0::test0136, 1,
RegressionTest0::test0137, 1,
RegressionTest0::test0138, 1,
RegressionTest0::test0139, 1,
RegressionTest0::test0140, 1,
RegressionTest0::test0141, 1,
RegressionTest0::test0142, 1,
RegressionTest0::test0143, 1,
RegressionTest0::test0144, 1,
RegressionTest0::test0145, 1,
RegressionTest0::test0146, 1,
RegressionTest0::test0147, 1,
RegressionTest0::test0148, 1,
RegressionTest0::test0149, 1,
RegressionTest0::test0150, 1,
RegressionTest0::test0151, 1,
RegressionTest0::test0152, 1,
RegressionTest0::test0153, 1,
RegressionTest0::test0154, 1,
RegressionTest0::test0155, 1,
RegressionTest0::test0156, 1,
RegressionTest0::test0157, 1,
RegressionTest0::test0158, 1,
RegressionTest0::test0159, 1,
RegressionTest0::test0160, 1,
RegressionTest0::test0161, 1,
RegressionTest0::test0162, 1,
RegressionTest0::test0163, 1,
RegressionTest0::test0164, 1,
RegressionTest0::test0165, 1,
RegressionTest0::test0166, 1,
RegressionTest0::test0167, 1,
RegressionTest0::test0168, 1,
RegressionTest0::test0169, 1,
RegressionTest0::test0170, 1,
RegressionTest0::test0171, 1,
RegressionTest0::test0172, 1,
RegressionTest0::test0173, 1,
RegressionTest0::test0174, 1,
RegressionTest0::test0175, 1,
RegressionTest0::test0176, 1,
RegressionTest0::test0177, 1,
RegressionTest0::test0178, 1,
RegressionTest0::test0179, 1,
RegressionTest0::test0180, 1,
RegressionTest0::test0181, 1,
RegressionTest0::test0182, 1,
RegressionTest0::test0183, 1,
RegressionTest0::test0184, 1,
RegressionTest0::test0185, 1,
RegressionTest0::test0186, 1,
RegressionTest0::test0187, 1,
RegressionTest0::test0188, 1,
RegressionTest0::test0189, 1,
RegressionTest0::test0190, 1,
RegressionTest0::test0191, 1,
RegressionTest0::test0192, 1,
RegressionTest0::test0193, 1,
RegressionTest0::test0194, 1,
RegressionTest0::test0195, 1,
RegressionTest0::test0196, 1,
RegressionTest0::test0197, 1,
RegressionTest0::test0198, 1,
RegressionTest0::test0199, 1,
RegressionTest0::test0200, 1,
RegressionTest0::test0201, 1,
RegressionTest0::test0202, 1,
RegressionTest0::test0203, 1,
RegressionTest0::test0204, 1,
RegressionTest0::test0205, 1,
RegressionTest0::test0206, 1,
RegressionTest0::test0207, 1,
RegressionTest0::test0208, 1,
RegressionTest0::test0209, 1,
RegressionTest0::test0210, 1,
RegressionTest0::test0211, 1,
RegressionTest0::test0212, 1,
RegressionTest0::test0213, 1,
RegressionTest0::test0214, 1,
RegressionTest0::test0215, 1,
RegressionTest0::test0216, 1,
RegressionTest0::test0217, 1,
RegressionTest0::test0218, 1,
RegressionTest0::test0219, 1,
RegressionTest0::test0220, 1,
RegressionTest0::test0221, 1,
RegressionTest0::test0222, 1,
RegressionTest0::test0223, 1,
RegressionTest0::test0224, 1,
RegressionTest0::test0225, 1,
RegressionTest0::test0226, 1,
RegressionTest0::test0227, 1,
RegressionTest0::test0228, 1,
RegressionTest0::test0229, 1,
RegressionTest0::test0230, 1,
RegressionTest0::test0231, 1,
RegressionTest0::test0232, 1,
RegressionTest0::test0233, 1,
RegressionTest0::test0234, 1,
RegressionTest0::test0235, 1,
RegressionTest0::test0236, 1,
RegressionTest0::test0237, 1,
RegressionTest0::test0238, 1,
RegressionTest0::test0239, 1,
RegressionTest0::test0240, 1,
RegressionTest0::test0241, 1,
RegressionTest0::test0242, 1,
RegressionTest0::test0243, 1,
RegressionTest0::test0244, 1,
RegressionTest0::test0245, 1,
RegressionTest0::test0246, 1,
RegressionTest0::test0247, 1,
RegressionTest0::test0248, 1,
RegressionTest0::test0249, 1,
RegressionTest0::test0250, 1,
RegressionTest0::test0251, 1,
RegressionTest0::test0252, 1,
RegressionTest0::test0253, 1,
RegressionTest0::test0254, 1,
RegressionTest0::test0255, 1,
RegressionTest0::test0256, 1,
RegressionTest0::test0257, 1,
RegressionTest0::test0258, 1,
RegressionTest0::test0259, 1,
RegressionTest0::test0260, 1,
RegressionTest0::test0261, 1,
RegressionTest0::test0262, 1,
RegressionTest0::test0263, 1,
RegressionTest0::test0264, 1,
RegressionTest0::test0265, 1,
RegressionTest0::test0266, 1,
RegressionTest0::test0267, 1,
RegressionTest0::test0268, 1,
RegressionTest0::test0269, 1,
RegressionTest0::test0270, 1,
RegressionTest0::test0271, 1,
RegressionTest0::test0272, 1,
RegressionTest0::test0273, 1,
RegressionTest0::test0274, 1,
RegressionTest0::test0275, 1,
RegressionTest0::test0276, 1,
RegressionTest0::test0277, 1,
RegressionTest0::test0278, 1,
RegressionTest0::test0279, 1,
RegressionTest0::test0280, 1,
RegressionTest0::test0281, 1,
RegressionTest0::test0282, 1,
RegressionTest0::test0283, 1,
RegressionTest0::test0284, 1,
RegressionTest0::test0285, 1,
RegressionTest0::test0286, 1,
RegressionTest0::test0287, 1,
RegressionTest0::test0288, 1,
RegressionTest0::test0289, 1,
RegressionTest0::test0290, 1,
RegressionTest0::test0291, 1,
RegressionTest0::test0292, 1,
RegressionTest0::test0293, 1,
RegressionTest0::test0294, 1,
RegressionTest0::test0295, 1,
RegressionTest0::test0296, 1,
RegressionTest0::test0297, 1,
RegressionTest0::test0298, 1,
RegressionTest0::test0299, 1,
RegressionTest0::test0300, 1,
RegressionTest0::test0301, 1,
RegressionTest0::test0302, 1,
RegressionTest0::test0303, 1,
RegressionTest0::test0304, 1,
RegressionTest0::test0305, 1,
RegressionTest0::test0306, 1,
RegressionTest0::test0307, 1,
RegressionTest0::test0308, 1,
RegressionTest0::test0309, 1,
RegressionTest0::test0310, 1,
RegressionTest0::test0311, 1,
RegressionTest0::test0312, 1,
RegressionTest0::test0313, 1,
RegressionTest0::test0314, 1,
RegressionTest0::test0315, 1,
RegressionTest0::test0316, 1,
RegressionTest0::test0317, 1,
RegressionTest0::test0318, 1,
RegressionTest0::test0319, 1,
RegressionTest0::test0320, 1,
RegressionTest0::test0321, 1,
RegressionTest0::test0322, 1,
RegressionTest0::test0323, 1,
RegressionTest0::test0324, 1,
RegressionTest0::test0325, 1,
RegressionTest0::test0326, 1,
RegressionTest0::test0327, 1,
RegressionTest0::test0328, 1,
RegressionTest0::test0329, 1,
RegressionTest0::test0330, 1,
RegressionTest0::test0331, 1,
RegressionTest0::test0332, 1,
RegressionTest0::test0333, 1,
RegressionTest0::test0334, 1,
RegressionTest0::test0335, 1,
RegressionTest0::test0336, 1,
RegressionTest0::test0337, 1,
RegressionTest0::test0338, 1,
RegressionTest0::test0339, 1,
RegressionTest0::test0340, 1,
RegressionTest0::test0341, 1,
RegressionTest0::test0342, 1,
RegressionTest0::test0343, 1,
RegressionTest0::test0344, 1,
RegressionTest0::test0345, 1,
RegressionTest0::test0346, 1,
RegressionTest0::test0347, 1,
RegressionTest0::test0348, 1,
RegressionTest0::test0349, 1,
RegressionTest0::test0350, 1,
RegressionTest0::test0351, 1,
RegressionTest0::test0352, 1,
RegressionTest0::test0353, 1,
RegressionTest0::test0354, 1,
RegressionTest0::test0355, 1,
RegressionTest0::test0356, 1,
RegressionTest0::test0357, 1,
RegressionTest0::test0358, 1,
RegressionTest0::test0359, 1,
RegressionTest0::test0360, 1,
RegressionTest0::test0361, 1,
RegressionTest0::test0362, 1,
RegressionTest0::test0363, 1,
RegressionTest0::test0364, 1,
RegressionTest0::test0365, 1,
RegressionTest0::test0366, 1,
RegressionTest0::test0367, 1,
RegressionTest0::test0368, 1,
RegressionTest0::test0369, 1,
RegressionTest0::test0370, 1,
RegressionTest0::test0371, 1,
RegressionTest0::test0372, 1,
RegressionTest0::test0373, 1,
RegressionTest0::test0374, 1,
RegressionTest0::test0375, 1,
RegressionTest0::test0376, 1,
RegressionTest0::test0377, 1,
RegressionTest0::test0378, 1,
RegressionTest0::test0379, 1,
RegressionTest0::test0380, 1,
RegressionTest0::test0381, 1,
RegressionTest0::test0382, 1,
RegressionTest0::test0383, 1,
RegressionTest0::test0384, 1,
RegressionTest0::test0385, 1,
RegressionTest0::test0386, 1,
RegressionTest0::test0387, 1,
RegressionTest0::test0388, 1,
RegressionTest0::test0389, 1,
RegressionTest0::test0390, 1,
RegressionTest0::test0391, 1,
RegressionTest0::test0392, 1,
RegressionTest0::test0393, 1,
RegressionTest0::test0394, 1,
RegressionTest0::test0395, 1,
RegressionTest0::test0396, 1,
RegressionTest0::test0397, 1,
RegressionTest0::test0398, 1,
RegressionTest0::test0399, 1,
RegressionTest0::test0400, 1,
RegressionTest0::test0401, 1,
RegressionTest0::test0402, 1,
RegressionTest0::test0403, 1,
RegressionTest0::test0404, 1,
RegressionTest0::test0405, 1,
RegressionTest0::test0406, 1,
RegressionTest0::test0407, 1,
RegressionTest0::test0408, 1,
RegressionTest0::test0409, 1,
RegressionTest0::test0410, 1,
RegressionTest0::test0411, 1,
RegressionTest0::test0412, 1,
RegressionTest0::test0413, 1,
RegressionTest0::test0414, 1,
RegressionTest0::test0415, 1,
RegressionTest0::test0416, 1,
RegressionTest0::test0417, 1,
RegressionTest0::test0418, 1,
RegressionTest0::test0419, 1,
RegressionTest0::test0420, 1,
RegressionTest0::test0421, 1,
RegressionTest0::test0422, 1,
RegressionTest0::test0423, 1,
RegressionTest0::test0424, 1,
RegressionTest0::test0425, 1,
RegressionTest0::test0426, 1,
RegressionTest0::test0427, 1,
RegressionTest0::test0428, 1,
RegressionTest0::test0429, 1,
RegressionTest0::test0430, 1,
RegressionTest0::test0431, 1,
RegressionTest0::test0432, 1,
RegressionTest0::test0433, 1,
RegressionTest0::test0434, 1,
RegressionTest0::test0435, 1,
RegressionTest0::test0436, 1,
RegressionTest0::test0437, 1,
RegressionTest0::test0438, 1,
RegressionTest0::test0439, 1,
RegressionTest0::test0440, 1,
RegressionTest0::test0441, 1,
RegressionTest0::test0442, 1,
RegressionTest0::test0443, 1,
RegressionTest0::test0444, 1,
RegressionTest0::test0445, 1,
RegressionTest0::test0446, 1,
RegressionTest0::test0447, 1,
RegressionTest0::test0448, 1,
RegressionTest0::test0449, 1,
RegressionTest0::test0450, 1,
RegressionTest0::test0451, 1,
RegressionTest0::test0452, 1,
RegressionTest0::test0453, 1,
RegressionTest0::test0454, 1,
RegressionTest0::test0455, 1,
RegressionTest0::test0456, 1,
RegressionTest0::test0457, 1,
RegressionTest0::test0458, 1,
RegressionTest0::test0459, 1,
RegressionTest0::test0460, 1,
RegressionTest0::test0461, 1,
RegressionTest0::test0462, 1,
RegressionTest0::test0463, 1,
RegressionTest0::test0464, 1,
RegressionTest0::test0465, 1,
RegressionTest0::test0466, 1,
RegressionTest0::test0467, 1,
RegressionTest0::test0468, 1,
RegressionTest0::test0469, 1,
RegressionTest0::test0470, 1,
RegressionTest0::test0471, 1,
RegressionTest0::test0472, 1,
RegressionTest0::test0473, 1,
RegressionTest0::test0474, 1,
RegressionTest0::test0475, 1,
RegressionTest0::test0476, 1,
RegressionTest0::test0477, 1,
RegressionTest0::test0478, 1,
RegressionTest0::test0479, 1,
RegressionTest0::test0480, 1,
RegressionTest0::test0481, 1,
RegressionTest0::test0482, 1,
RegressionTest0::test0483, 1,
RegressionTest0::test0484, 1,
RegressionTest0::test0485, 1,
RegressionTest0::test0486, 1,
RegressionTest0::test0487, 1,
RegressionTest0::test0488, 1,
RegressionTest0::test0489, 1,
RegressionTest0::test0490, 1,
RegressionTest0::test0491, 1,
RegressionTest0::test0492, 1,
RegressionTest0::test0493, 1,
RegressionTest0::test0494, 1,
RegressionTest0::test0495, 1,
RegressionTest0::test0496, 1,
RegressionTest0::test0497, 1,
RegressionTest0::test0498, 1,
RegressionTest0::test0499, 1,
RegressionTest0::test0500, 1,
