: , RegressionTest0::test01 , RegressionTest0::test02 , RegressionTest0::test03 , RegressionTest0::test04 , RegressionTest0::test05 , RegressionTest0::test06 , RegressionTest0::test07 , RegressionTest0::test08 , RegressionTest0::test09 , RegressionTest0::test10 , RegressionTest0::test11 , RegressionTest0::test12 , RegressionTest0::test13 , RegressionTest0::test14 , RegressionTest0::test15 , RegressionTest0::test16 , RegressionTest0::test17 , RegressionTest0::test18 , RegressionTest0::test19 , RegressionTest0::test20 , RegressionTest0::test21 , RegressionTest0::test22 , RegressionTest0::test23 , RegressionTest0::test24 , RegressionTest0::test25 , RegressionTest0::test26 , RegressionTest0::test27 , RegressionTest0::test28 , RegressionTest0::test29 , RegressionTest0::test30 , RegressionTest0::test31 , OpenMapRealMatrix_ESTest::test0 , OpenMapRealMatrix_ESTest::test1 , OpenMapRealMatrix_ESTest::test2 , OpenMapRealMatrix_ESTest::test3 , OpenMapRealMatrix_ESTest::test4 , OpenMapRealMatrix_ESTest::test5 , OpenMapRealMatrix_ESTest::test6 , OpenMapRealMatrix_ESTest::test7 , OpenMapRealMatrix_ESTest::test8 , OpenMapRealMatrix_ESTest::test9 , OpenMapRealMatrixTest::testMath679 , 
RegressionTest0::test01 , 0 , 103 , 103 , 103 , 103 , 114 , 240 , 130 , 130 , 186 , 301 , 5527 , 7045 , 1875 , 1683 , 236 , 6355 , 230 , 626 , 1836 , 761 , 785 , 778 , 421 , 235 , 5720 , 425 , 189 , 130 , 425 , 6519 , 353 , 357 , 311 , 252 , 352 , 407 , 314 , 304 , 297 , 305 , 397 , 
RegressionTest0::test02 , 103 , 0 , 4 , 2 , 4 , 30 , 211 , 163 , 163 , 142 , 284 , 5510 , 7040 , 1872 , 1658 , 202 , 6339 , 236 , 623 , 1817 , 786 , 763 , 759 , 402 , 220 , 5709 , 424 , 149 , 162 , 424 , 6510 , 378 , 389 , 326 , 282 , 369 , 392 , 336 , 326 , 321 , 331 , 422 , 
RegressionTest0::test03 , 103 , 4 , 0 , 4 , 1 , 30 , 209 , 164 , 163 , 143 , 284 , 5509 , 7039 , 1872 , 1658 , 201 , 6338 , 236 , 624 , 1815 , 786 , 764 , 759 , 402 , 221 , 5708 , 424 , 150 , 163 , 423 , 6509 , 379 , 389 , 327 , 283 , 370 , 392 , 335 , 327 , 322 , 333 , 423 , 
RegressionTest0::test04 , 103 , 2 , 4 , 0 , 4 , 30 , 211 , 163 , 163 , 142 , 283 , 5510 , 7040 , 1872 , 1658 , 203 , 6339 , 235 , 623 , 1818 , 785 , 763 , 758 , 400 , 220 , 5709 , 423 , 149 , 162 , 423 , 6510 , 376 , 389 , 326 , 282 , 368 , 391 , 336 , 326 , 320 , 332 , 422 , 
RegressionTest0::test05 , 103 , 4 , 1 , 4 , 0 , 30 , 209 , 164 , 164 , 142 , 284 , 5509 , 7039 , 1871 , 1658 , 202 , 6337 , 235 , 624 , 1815 , 786 , 764 , 759 , 402 , 221 , 5708 , 424 , 150 , 163 , 424 , 6508 , 379 , 389 , 327 , 283 , 370 , 392 , 335 , 327 , 322 , 333 , 423 , 
RegressionTest0::test06 , 114 , 30 , 30 , 30 , 30 , 0 , 204 , 152 , 152 , 127 , 284 , 5516 , 7047 , 1876 , 1661 , 199 , 6347 , 233 , 619 , 1832 , 792 , 761 , 760 , 403 , 205 , 5715 , 412 , 140 , 155 , 414 , 6516 , 378 , 379 , 323 , 272 , 366 , 404 , 334 , 317 , 312 , 321 , 415 , 
RegressionTest0::test07 , 240 , 211 , 209 , 211 , 209 , 204 , 0 , 130 , 130 , 106 , 155 , 5362 , 6903 , 1768 , 1520 , 57 , 6192 , 301 , 525 , 1712 , 690 , 634 , 626 , 267 , 236 , 5582 , 355 , 103 , 135 , 355 , 6380 , 430 , 517 , 444 , 396 , 437 , 432 , 441 , 451 , 447 , 452 , 568 , 
RegressionTest0::test08 , 130 , 163 , 164 , 163 , 164 , 152 , 130 , 0 , 2 , 112 , 234 , 5454 , 6971 , 1822 , 1595 , 125 , 6282 , 232 , 562 , 1773 , 695 , 718 , 708 , 352 , 188 , 5653 , 367 , 104 , 5 , 367 , 6451 , 386 , 421 , 360 , 315 , 383 , 401 , 374 , 362 , 358 , 367 , 469 , 
RegressionTest0::test09 , 130 , 163 , 163 , 163 , 164 , 152 , 130 , 2 , 0 , 112 , 234 , 5455 , 6971 , 1822 , 1595 , 124 , 6282 , 232 , 562 , 1774 , 696 , 718 , 710 , 352 , 189 , 5654 , 368 , 105 , 7 , 366 , 6451 , 386 , 421 , 360 , 315 , 383 , 401 , 375 , 362 , 358 , 367 , 469 , 
RegressionTest0::test10 , 186 , 142 , 143 , 142 , 142 , 127 , 106 , 112 , 112 , 0 , 190 , 5430 , 6972 , 1816 , 1576 , 113 , 6260 , 263 , 570 , 1766 , 733 , 684 , 669 , 309 , 221 , 5646 , 381 , 52 , 115 , 381 , 6445 , 391 , 442 , 378 , 338 , 384 , 410 , 391 , 378 , 375 , 386 , 493 , 
RegressionTest0::test11 , 301 , 284 , 284 , 283 , 284 , 284 , 155 , 234 , 234 , 190 , 0 , 5284 , 6825 , 1705 , 1444 , 159 , 6112 , 330 , 453 , 1659 , 611 , 552 , 544 , 166 , 247 , 5511 , 302 , 182 , 237 , 301 , 6303 , 470 , 594 , 504 , 462 , 453 , 471 , 517 , 513 , 517 , 517 , 649 , 
RegressionTest0::test12 , 5527 , 5510 , 5509 , 5510 , 5509 , 5516 , 5362 , 5454 , 5455 , 5430 , 5284 , 0 , 3376 , 3964 , 4076 , 5371 , 2988 , 5445 , 5033 , 4108 , 4869 , 4862 , 4865 , 5183 , 5434 , 2379 , 5219 , 5410 , 5454 , 5218 , 3069 , 5450 , 5817 , 5610 , 5642 , 5444 , 5400 , 5637 , 5625 , 5624 , 5640 , 5896 , 
RegressionTest0::test13 , 7045 , 7040 , 7039 , 7040 , 7039 , 7047 , 6903 , 6971 , 6971 , 6972 , 6825 , 3376 , 0 , 5467 , 5583 , 6911 , 3148 , 6971 , 6545 , 5666 , 6376 , 6405 , 6407 , 6717 , 6960 , 3208 , 6738 , 6954 , 6970 , 6737 , 2999 , 6974 , 7347 , 7140 , 7170 , 6976 , 6920 , 7164 , 7156 , 7155 , 7168 , 7424 , 
RegressionTest0::test14 , 1875 , 1872 , 1872 , 1872 , 1871 , 1876 , 1768 , 1822 , 1822 , 1816 , 1705 , 3964 , 5467 , 0 , 1068 , 1772 , 4743 , 1764 , 1400 , 837 , 1281 , 1300 , 1299 , 1617 , 1783 , 4092 , 1565 , 1800 , 1820 , 1567 , 4812 , 1835 , 2145 , 1967 , 2003 , 1838 , 1797 , 1991 , 1981 , 1975 , 1996 , 2215 , 
RegressionTest0::test15 , 1683 , 1658 , 1658 , 1658 , 1658 , 1661 , 1520 , 1595 , 1595 , 1576 , 1444 , 4076 , 5583 , 1068 , 0 , 1522 , 4860 , 1612 , 1252 , 1131 , 1123 , 1121 , 1113 , 1341 , 1578 , 4298 , 1411 , 1558 , 1592 , 1412 , 5099 , 1664 , 1965 , 1790 , 1796 , 1662 , 1630 , 1813 , 1808 , 1803 , 1820 , 2036 , 
RegressionTest0::test16 , 236 , 202 , 201 , 203 , 202 , 199 , 57 , 125 , 124 , 113 , 159 , 5371 , 6911 , 1772 , 1522 , 0 , 6196 , 303 , 526 , 1721 , 692 , 635 , 630 , 267 , 226 , 5588 , 357 , 89 , 126 , 356 , 6384 , 421 , 512 , 441 , 396 , 431 , 428 , 445 , 449 , 443 , 450 , 563 , 
RegressionTest0::test17 , 6355 , 6339 , 6338 , 6339 , 6337 , 6347 , 6192 , 6282 , 6282 , 6260 , 6112 , 2988 , 3148 , 4743 , 4860 , 6196 , 0 , 6274 , 5836 , 4867 , 5667 , 5658 , 5662 , 6002 , 6262 , 2306 , 6027 , 6240 , 6280 , 6028 , 2475 , 6273 , 6651 , 6441 , 6470 , 6270 , 6223 , 6468 , 6457 , 6457 , 6470 , 6728 , 
RegressionTest0::test18 , 230 , 236 , 236 , 235 , 235 , 233 , 301 , 232 , 232 , 263 , 330 , 5445 , 6971 , 1764 , 1612 , 303 , 6274 , 0 , 562 , 1773 , 765 , 771 , 767 , 414 , 141 , 5634 , 372 , 268 , 232 , 373 , 6435 , 323 , 422 , 327 , 365 , 327 , 367 , 340 , 337 , 318 , 344 , 465 , 
RegressionTest0::test19 , 626 , 623 , 624 , 623 , 624 , 619 , 525 , 562 , 562 , 570 , 453 , 5033 , 6545 , 1400 , 1252 , 526 , 5836 , 562 , 0 , 1383 , 310 , 337 , 331 , 429 , 475 , 5205 , 270 , 553 , 559 , 270 , 6006 , 652 , 873 , 724 , 767 , 654 , 649 , 746 , 736 , 737 , 746 , 933 , 
RegressionTest0::test20 , 1836 , 1817 , 1815 , 1818 , 1815 , 1832 , 1712 , 1773 , 1774 , 1766 , 1659 , 4108 , 5666 , 837 , 1131 , 1721 , 4867 , 1773 , 1383 , 0 , 1283 , 1290 , 1299 , 1587 , 1743 , 4285 , 1511 , 1758 , 1772 , 1511 , 5048 , 1783 , 2092 , 1908 , 1958 , 1786 , 1752 , 1933 , 1924 , 1925 , 1943 , 2167 , 
RegressionTest0::test21 , 761 , 786 , 786 , 785 , 786 , 792 , 690 , 695 , 696 , 733 , 611 , 4869 , 6376 , 1281 , 1123 , 692 , 5667 , 765 , 310 , 1283 , 0 , 143 , 129 , 512 , 678 , 5066 , 478 , 715 , 695 , 479 , 5864 , 844 , 1068 , 918 , 915 , 838 , 833 , 943 , 932 , 931 , 939 , 1129 , 
RegressionTest0::test22 , 785 , 763 , 764 , 763 , 764 , 761 , 634 , 718 , 718 , 684 , 552 , 4862 , 6405 , 1300 , 1121 , 635 , 5658 , 771 , 337 , 1290 , 143 , 0 , 87 , 482 , 686 , 5083 , 483 , 664 , 714 , 484 , 5868 , 848 , 1071 , 923 , 917 , 845 , 836 , 943 , 936 , 925 , 940 , 1132 , 
RegressionTest0::test23 , 778 , 759 , 759 , 758 , 759 , 760 , 626 , 708 , 710 , 669 , 544 , 4865 , 6407 , 1299 , 1113 , 630 , 5662 , 767 , 331 , 1299 , 129 , 87 , 0 , 477 , 678 , 5092 , 476 , 664 , 705 , 476 , 5879 , 844 , 1065 , 914 , 912 , 842 , 833 , 932 , 931 , 929 , 941 , 1125 , 
RegressionTest0::test24 , 421 , 402 , 402 , 400 , 402 , 403 , 267 , 352 , 352 , 309 , 166 , 5183 , 6717 , 1617 , 1341 , 267 , 6002 , 414 , 429 , 1587 , 512 , 482 , 477 , 0 , 333 , 5406 , 308 , 297 , 351 , 308 , 6198 , 559 , 712 , 606 , 563 , 552 , 541 , 614 , 610 , 609 , 607 , 770 , 
RegressionTest0::test25 , 235 , 220 , 221 , 220 , 221 , 205 , 236 , 188 , 189 , 221 , 247 , 5434 , 6960 , 1783 , 1578 , 226 , 6262 , 141 , 475 , 1743 , 678 , 686 , 678 , 333 , 0 , 5625 , 288 , 214 , 186 , 288 , 6429 , 324 , 425 , 325 , 376 , 332 , 350 , 357 , 340 , 346 , 343 , 477 , 
RegressionTest0::test26 , 5720 , 5709 , 5708 , 5709 , 5708 , 5715 , 5582 , 5653 , 5654 , 5646 , 5511 , 2379 , 3208 , 4092 , 4298 , 5588 , 2306 , 5634 , 5205 , 4285 , 5066 , 5083 , 5092 , 5406 , 5625 , 0 , 5394 , 5625 , 5652 , 5394 , 2872 , 5637 , 6010 , 5801 , 5834 , 5636 , 5589 , 5826 , 5816 , 5818 , 5832 , 6087 , 
RegressionTest0::test27 , 425 , 424 , 424 , 423 , 424 , 412 , 355 , 367 , 368 , 381 , 302 , 5219 , 6738 , 1565 , 1411 , 357 , 6027 , 372 , 270 , 1511 , 478 , 483 , 476 , 308 , 288 , 5394 , 0 , 369 , 364 , 4 , 6195 , 486 , 662 , 529 , 568 , 486 , 489 , 543 , 546 , 542 , 548 , 721 , 
RegressionTest0::test28 , 189 , 149 , 150 , 149 , 150 , 140 , 103 , 104 , 105 , 52 , 182 , 5410 , 6954 , 1800 , 1558 , 89 , 6240 , 268 , 553 , 1758 , 715 , 664 , 664 , 297 , 214 , 5625 , 369 , 0 , 100 , 369 , 6423 , 403 , 458 , 394 , 349 , 398 , 418 , 399 , 395 , 389 , 400 , 514 , 
RegressionTest0::test29 , 130 , 162 , 163 , 162 , 163 , 155 , 135 , 5 , 7 , 115 , 237 , 5454 , 6970 , 1820 , 1592 , 126 , 6280 , 232 , 559 , 1772 , 695 , 714 , 705 , 351 , 186 , 5652 , 364 , 100 , 0 , 364 , 6448 , 387 , 423 , 360 , 317 , 384 , 402 , 377 , 364 , 359 , 368 , 471 , 
RegressionTest0::test30 , 425 , 424 , 423 , 423 , 424 , 414 , 355 , 367 , 366 , 381 , 301 , 5218 , 6737 , 1567 , 1412 , 356 , 6028 , 373 , 270 , 1511 , 479 , 484 , 476 , 308 , 288 , 5394 , 4 , 369 , 364 , 0 , 6195 , 486 , 663 , 529 , 568 , 487 , 489 , 543 , 545 , 541 , 548 , 722 , 
RegressionTest0::test31 , 6519 , 6510 , 6509 , 6510 , 6508 , 6516 , 6380 , 6451 , 6451 , 6445 , 6303 , 3069 , 2999 , 4812 , 5099 , 6384 , 2475 , 6435 , 6006 , 5048 , 5864 , 5868 , 5879 , 6198 , 6429 , 2872 , 6195 , 6423 , 6448 , 6195 , 0 , 6440 , 6812 , 6602 , 6636 , 6438 , 6379 , 6631 , 6619 , 6618 , 6631 , 6889 , 
OpenMapRealMatrix_ESTest::test0 , 353 , 378 , 379 , 376 , 379 , 378 , 430 , 386 , 386 , 391 , 470 , 5450 , 6974 , 1835 , 1664 , 421 , 6273 , 323 , 652 , 1783 , 844 , 848 , 844 , 559 , 324 , 5637 , 486 , 403 , 387 , 486 , 6440 , 0 , 396 , 217 , 381 , 119 , 214 , 242 , 239 , 234 , 257 , 480 , 
OpenMapRealMatrix_ESTest::test1 , 357 , 389 , 389 , 389 , 389 , 379 , 517 , 421 , 421 , 442 , 594 , 5817 , 7347 , 2145 , 1965 , 512 , 6651 , 422 , 873 , 2092 , 1068 , 1071 , 1065 , 712 , 425 , 6010 , 662 , 458 , 423 , 663 , 6812 , 396 , 0 , 221 , 239 , 413 , 473 , 202 , 212 , 209 , 198 , 99 , 
OpenMapRealMatrix_ESTest::test2 , 311 , 326 , 327 , 326 , 327 , 323 , 444 , 360 , 360 , 378 , 504 , 5610 , 7140 , 1967 , 1790 , 441 , 6441 , 327 , 724 , 1908 , 918 , 923 , 914 , 606 , 325 , 5801 , 529 , 394 , 360 , 529 , 6602 , 217 , 221 , 0 , 238 , 219 , 322 , 140 , 117 , 108 , 117 , 304 , 
OpenMapRealMatrix_ESTest::test3 , 252 , 282 , 283 , 282 , 283 , 272 , 396 , 315 , 315 , 338 , 462 , 5642 , 7170 , 2003 , 1796 , 396 , 6470 , 365 , 767 , 1958 , 915 , 917 , 912 , 563 , 376 , 5834 , 568 , 349 , 317 , 568 , 6636 , 381 , 239 , 238 , 0 , 383 , 446 , 236 , 233 , 225 , 231 , 290 , 
OpenMapRealMatrix_ESTest::test4 , 352 , 369 , 370 , 368 , 370 , 366 , 437 , 383 , 383 , 384 , 453 , 5444 , 6976 , 1838 , 1662 , 431 , 6270 , 327 , 654 , 1786 , 838 , 845 , 842 , 552 , 332 , 5636 , 486 , 398 , 384 , 487 , 6438 , 119 , 413 , 219 , 383 , 0 , 217 , 254 , 243 , 245 , 273 , 485 , 
OpenMapRealMatrix_ESTest::test5 , 407 , 392 , 392 , 391 , 392 , 404 , 432 , 401 , 401 , 410 , 471 , 5400 , 6920 , 1797 , 1630 , 428 , 6223 , 367 , 649 , 1752 , 833 , 836 , 833 , 541 , 350 , 5589 , 489 , 418 , 402 , 489 , 6379 , 214 , 473 , 322 , 446 , 217 , 0 , 305 , 313 , 307 , 344 , 554 , 
OpenMapRealMatrix_ESTest::test6 , 314 , 336 , 335 , 336 , 335 , 334 , 441 , 374 , 375 , 391 , 517 , 5637 , 7164 , 1991 , 1813 , 445 , 6468 , 340 , 746 , 1933 , 943 , 943 , 932 , 614 , 357 , 5826 , 543 , 399 , 377 , 543 , 6631 , 242 , 202 , 140 , 236 , 254 , 305 , 0 , 105 , 98 , 136 , 288 , 
OpenMapRealMatrix_ESTest::test7 , 304 , 326 , 327 , 326 , 327 , 317 , 451 , 362 , 362 , 378 , 513 , 5625 , 7156 , 1981 , 1808 , 449 , 6457 , 337 , 736 , 1924 , 932 , 936 , 931 , 610 , 340 , 5816 , 546 , 395 , 364 , 545 , 6619 , 239 , 212 , 117 , 233 , 243 , 313 , 105 , 0 , 43 , 62 , 292 , 
OpenMapRealMatrix_ESTest::test8 , 297 , 321 , 322 , 320 , 322 , 312 , 447 , 358 , 358 , 375 , 517 , 5624 , 7155 , 1975 , 1803 , 443 , 6457 , 318 , 737 , 1925 , 931 , 925 , 929 , 609 , 346 , 5818 , 542 , 389 , 359 , 541 , 6618 , 234 , 209 , 108 , 225 , 245 , 307 , 98 , 43 , 0 , 64 , 290 , 
OpenMapRealMatrix_ESTest::test9 , 305 , 331 , 333 , 332 , 333 , 321 , 452 , 367 , 367 , 386 , 517 , 5640 , 7168 , 1996 , 1820 , 450 , 6470 , 344 , 746 , 1943 , 939 , 940 , 941 , 607 , 343 , 5832 , 548 , 400 , 368 , 548 , 6631 , 257 , 198 , 117 , 231 , 273 , 344 , 136 , 62 , 64 , 0 , 273 , 
OpenMapRealMatrixTest::testMath679 , 397 , 422 , 423 , 422 , 423 , 415 , 568 , 469 , 469 , 493 , 649 , 5896 , 7424 , 2215 , 2036 , 563 , 6728 , 465 , 933 , 2167 , 1129 , 1132 , 1125 , 770 , 477 , 6087 , 721 , 514 , 471 , 722 , 6889 , 480 , 99 , 304 , 290 , 485 , 554 , 288 , 292 , 290 , 273 , 0 , 
The time of execution of above matrix is :925.1046180725098
