Class::Test , 93::ConditionalsBoundaryMutator::20 , 93::NegateConditionalsMutator::20 , 165::ConditionalsBoundaryMutator::4 , 171::MathMutator::25 , 165::NegateConditionalsMutator::4 , 168::NegateConditionalsMutator::14 , 169::PrimitiveReturnsMutator::18 , 171::PrimitiveReturnsMutator::33 , 239::PrimitiveReturnsMutator::4 , 130::PrimitiveReturnsMutator::5 , 191::MathMutator::8 , 191::PrimitiveReturnsMutator::10 , 142::ConditionalsBoundaryMutator::4 , 145::InvertNegsMutator::24 , 147::InvertNegsMutator::35 , 148::MathMutator::43 , 147::MathMutator::50 , 149::MathMutator::54 , 142::NegateConditionalsMutator::4 , 142::NegateConditionalsMutator::7 , 144::NegateConditionalsMutator::19 , 151::PrimitiveReturnsMutator::60 , 213::PrimitiveReturnsMutator::11 
PoissonDistributionImpl_ESTest::test0 , 0 , 1 , 0 , 1 , 0 , 0 , 0 , 0 , 0 , 0 , 0 , 0 , 0 , 0 , 0 , 0 , 0 , 0 , 0 , 0 , 0 , 0 , 0 , 
PoissonDistributionImpl_ESTest::test1 , 0 , 1 , 0 , 0 , 0 , 0 , 0 , 0 , 0 , 1 , 0 , 0 , 0 , 0 , 0 , 0 , 0 , 0 , 0 , 0 , 0 , 0 , 0 , 
PoissonDistributionImpl_ESTest::test2 , 0 , 1 , 0 , 0 , 0 , 0 , 0 , 0 , 0 , 1 , 0 , 0 , 0 , 0 , 0 , 0 , 0 , 0 , 0 , 0 , 0 , 0 , 0 , 
PoissonDistributionImpl_ESTest::test3 , 0 , 1 , 0 , 0 , 0 , 0 , 0 , 0 , 0 , 0 , 0 , 0 , 0 , 0 , 0 , 1 , 0 , 0 , 0 , 0 , 0 , 0 , 0 , 
PoissonDistributionImpl_ESTest::test4 , 0 , 1 , 0 , 0 , 0 , 0 , 0 , 0 , 0 , 1 , 1 , 1 , 0 , 0 , 0 , 0 , 0 , 0 , 0 , 0 , 0 , 0 , 0 , 
PoissonDistributionImpl_ESTest::test5 , 1 , 1 , 0 , 0 , 0 , 0 , 0 , 0 , 0 , 0 , 0 , 0 , 0 , 0 , 0 , 0 , 0 , 0 , 0 , 0 , 0 , 0 , 0 , 
PoissonDistributionImpl_ESTest::test6 , 0 , 1 , 0 , 0 , 0 , 0 , 0 , 0 , 0 , 1 , 0 , 0 , 0 , 0 , 0 , 0 , 0 , 0 , 1 , 0 , 0 , 0 , 0 , 
PoissonDistributionImpl_ESTest::test7 , 0 , 1 , 0 , 0 , 0 , 0 , 0 , 0 , 0 , 0 , 0 , 0 , 1 , 1 , 0 , 0 , 0 , 0 , 1 , 1 , 1 , 1 , 0 , 
PoissonDistributionImpl_ESTest::test8 , 0 , 1 , 0 , 0 , 0 , 0 , 0 , 0 , 0 , 1 , 0 , 0 , 0 , 0 , 0 , 0 , 0 , 0 , 0 , 0 , 0 , 0 , 0 , 
PoissonDistributionImpl_ESTest::test9 , 0 , 1 , 0 , 0 , 1 , 0 , 1 , 0 , 0 , 1 , 0 , 0 , 0 , 0 , 0 , 0 , 0 , 0 , 0 , 0 , 0 , 0 , 0 , 
PoissonDistributionTest::testCumulativeProbabilities , 0 , 1 , 1 , 1 , 1 , 1 , 0 , 1 , 0 , 0 , 0 , 0 , 0 , 0 , 0 , 0 , 0 , 0 , 0 , 0 , 0 , 0 , 0 , 
PoissonDistributionTest::testCumulativeProbabilitySpecial , 0 , 1 , 0 , 0 , 1 , 0 , 0 , 1 , 0 , 0 , 0 , 0 , 0 , 0 , 0 , 0 , 0 , 0 , 0 , 0 , 0 , 0 , 0 , 
PoissonDistributionTest::testDegenerateInverseCumulativeProbability , 0 , 1 , 1 , 1 , 1 , 0 , 0 , 1 , 1 , 0 , 0 , 0 , 0 , 0 , 0 , 0 , 0 , 0 , 0 , 0 , 0 , 0 , 0 , 
PoissonDistributionTest::testDensities , 0 , 1 , 0 , 0 , 0 , 0 , 0 , 0 , 0 , 0 , 0 , 0 , 1 , 1 , 1 , 1 , 1 , 1 , 1 , 1 , 1 , 1 , 0 , 
PoissonDistributionTest::testFloatingPointArguments , 0 , 1 , 1 , 1 , 1 , 1 , 0 , 1 , 0 , 0 , 0 , 0 , 0 , 0 , 0 , 0 , 0 , 0 , 0 , 0 , 0 , 0 , 0 , 
PoissonDistributionTest::testIllegalArguments , 0 , 1 , 0 , 0 , 0 , 0 , 0 , 0 , 0 , 0 , 0 , 0 , 0 , 0 , 0 , 0 , 0 , 0 , 0 , 0 , 0 , 0 , 0 , 
PoissonDistributionTest::testInverseCumulativeProbabilities , 0 , 1 , 1 , 1 , 1 , 1 , 0 , 1 , 1 , 0 , 0 , 0 , 0 , 0 , 0 , 0 , 0 , 0 , 0 , 0 , 0 , 0 , 0 , 
PoissonDistributionTest::testLargeMeanCumulativeProbability , 0 , 1 , 1 , 1 , 1 , 0 , 0 , 1 , 0 , 0 , 0 , 0 , 0 , 0 , 0 , 0 , 0 , 0 , 0 , 0 , 0 , 0 , 0 , 
PoissonDistributionTest::testLargeMeanInverseCumulativeProbability , 0 , 1 , 0 , 1 , 1 , 0 , 0 , 0 , 1 , 0 , 0 , 0 , 0 , 0 , 0 , 0 , 0 , 0 , 0 , 0 , 0 , 0 , 0 , 
PoissonDistributionTest::testMean , 0 , 1 , 0 , 0 , 0 , 0 , 0 , 0 , 0 , 1 , 0 , 0 , 0 , 0 , 0 , 0 , 0 , 0 , 0 , 0 , 0 , 0 , 0 , 
PoissonDistributionTest::testNormalApproximateProbability , 0 , 1 , 0 , 0 , 0 , 0 , 0 , 0 , 0 , 0 , 1 , 1 , 0 , 0 , 0 , 0 , 0 , 0 , 0 , 0 , 0 , 0 , 0 , 
PoissonDistributionTest::testSampling , 0 , 1 , 0 , 0 , 0 , 0 , 0 , 0 , 0 , 0 , 0 , 0 , 0 , 0 , 0 , 0 , 0 , 0 , 0 , 0 , 0 , 0 , 1 , 
RegressionTest0::test001 , 0 , 1 , 1 , 1 , 1 , 1 , 0 , 1 , 0 , 0 , 0 , 0 , 0 , 0 , 0 , 0 , 0 , 0 , 0 , 0 , 0 , 0 , 0 , 
RegressionTest0::test002 , 0 , 1 , 0 , 0 , 0 , 0 , 0 , 0 , 1 , 0 , 0 , 0 , 0 , 0 , 0 , 0 , 0 , 0 , 0 , 0 , 0 , 0 , 0 , 
RegressionTest0::test003 , 0 , 1 , 1 , 1 , 1 , 1 , 0 , 1 , 0 , 0 , 0 , 0 , 0 , 0 , 1 , 1 , 1 , 1 , 1 , 1 , 1 , 1 , 0 , 
RegressionTest0::test004 , 1 , 1 , 0 , 0 , 0 , 0 , 0 , 0 , 0 , 0 , 0 , 0 , 0 , 0 , 0 , 0 , 0 , 0 , 0 , 0 , 0 , 0 , 0 , 
RegressionTest0::test005 , 0 , 1 , 0 , 0 , 1 , 0 , 0 , 1 , 0 , 0 , 0 , 0 , 0 , 0 , 1 , 1 , 1 , 1 , 1 , 1 , 1 , 1 , 0 , 
RegressionTest0::test006 , 0 , 1 , 1 , 1 , 1 , 1 , 0 , 0 , 0 , 0 , 0 , 0 , 0 , 0 , 0 , 0 , 0 , 0 , 0 , 0 , 0 , 0 , 0 , 
RegressionTest0::test007 , 0 , 1 , 1 , 1 , 1 , 1 , 0 , 1 , 0 , 0 , 0 , 0 , 0 , 0 , 0 , 0 , 0 , 0 , 0 , 0 , 0 , 0 , 0 , 
RegressionTest0::test008 , 0 , 1 , 0 , 1 , 1 , 1 , 1 , 1 , 0 , 0 , 0 , 1 , 0 , 0 , 1 , 1 , 1 , 1 , 1 , 1 , 1 , 1 , 0 , 
RegressionTest0::test009 , 0 , 1 , 0 , 0 , 0 , 0 , 0 , 0 , 0 , 0 , 0 , 0 , 0 , 0 , 1 , 1 , 1 , 1 , 1 , 1 , 1 , 1 , 0 , 
RegressionTest0::test010 , 0 , 1 , 1 , 1 , 1 , 1 , 0 , 1 , 0 , 0 , 0 , 0 , 0 , 0 , 0 , 0 , 0 , 0 , 0 , 0 , 0 , 0 , 0 , 
RegressionTest0::test011 , 0 , 1 , 1 , 1 , 1 , 1 , 0 , 1 , 0 , 0 , 1 , 1 , 0 , 0 , 1 , 1 , 1 , 1 , 1 , 1 , 1 , 1 , 0 , 
RegressionTest0::test012 , 0 , 1 , 0 , 0 , 0 , 0 , 0 , 0 , 0 , 0 , 0 , 0 , 0 , 0 , 1 , 1 , 1 , 1 , 1 , 1 , 1 , 1 , 0 , 
RegressionTest0::test013 , 0 , 1 , 0 , 0 , 0 , 0 , 0 , 0 , 0 , 0 , 0 , 0 , 0 , 0 , 0 , 0 , 0 , 0 , 0 , 0 , 0 , 0 , 0 , 
RegressionTest0::test014 , 0 , 1 , 0 , 1 , 1 , 1 , 1 , 1 , 1 , 1 , 0 , 1 , 0 , 0 , 1 , 1 , 1 , 1 , 1 , 1 , 1 , 1 , 0 , 
RegressionTest0::test015 , 0 , 1 , 0 , 1 , 1 , 1 , 1 , 1 , 0 , 0 , 0 , 1 , 0 , 0 , 1 , 1 , 1 , 1 , 1 , 1 , 1 , 1 , 0 , 
RegressionTest0::test016 , 0 , 1 , 0 , 1 , 1 , 0 , 0 , 1 , 0 , 0 , 0 , 0 , 0 , 0 , 1 , 1 , 1 , 1 , 1 , 1 , 1 , 1 , 0 , 
RegressionTest0::test017 , 0 , 1 , 0 , 0 , 0 , 0 , 0 , 0 , 0 , 0 , 0 , 0 , 0 , 0 , 1 , 1 , 1 , 1 , 1 , 1 , 1 , 1 , 0 , 
RegressionTest0::test018 , 0 , 1 , 1 , 1 , 1 , 1 , 1 , 1 , 0 , 0 , 0 , 1 , 0 , 0 , 1 , 1 , 1 , 1 , 1 , 1 , 1 , 1 , 0 , 
RegressionTest0::test019 , 1 , 1 , 0 , 0 , 0 , 0 , 0 , 0 , 0 , 0 , 0 , 0 , 0 , 0 , 0 , 0 , 0 , 0 , 0 , 0 , 0 , 0 , 0 , 
RegressionTest0::test020 , 0 , 1 , 0 , 0 , 0 , 0 , 0 , 0 , 0 , 0 , 0 , 0 , 0 , 0 , 0 , 0 , 0 , 0 , 0 , 0 , 0 , 0 , 0 , 
RegressionTest0::test021 , 0 , 1 , 0 , 1 , 1 , 1 , 1 , 1 , 0 , 0 , 0 , 1 , 0 , 0 , 1 , 1 , 1 , 1 , 1 , 1 , 1 , 1 , 0 , 
RegressionTest0::test022 , 0 , 1 , 1 , 1 , 1 , 1 , 0 , 1 , 0 , 0 , 1 , 1 , 0 , 0 , 0 , 0 , 0 , 0 , 0 , 0 , 0 , 0 , 0 , 
RegressionTest0::test023 , 0 , 1 , 1 , 1 , 1 , 1 , 0 , 1 , 0 , 0 , 1 , 1 , 0 , 0 , 0 , 0 , 0 , 0 , 0 , 0 , 0 , 0 , 0 , 
RegressionTest0::test024 , 0 , 1 , 1 , 1 , 1 , 1 , 0 , 1 , 0 , 0 , 1 , 1 , 0 , 0 , 0 , 0 , 0 , 0 , 0 , 0 , 0 , 0 , 0 , 
RegressionTest0::test025 , 0 , 1 , 0 , 0 , 0 , 0 , 0 , 0 , 0 , 0 , 0 , 0 , 0 , 0 , 0 , 0 , 0 , 0 , 0 , 0 , 0 , 0 , 0 , 
RegressionTest0::test026 , 0 , 1 , 1 , 1 , 1 , 1 , 0 , 1 , 1 , 0 , 1 , 1 , 0 , 0 , 1 , 1 , 1 , 1 , 1 , 1 , 1 , 1 , 0 , 
RegressionTest0::test027 , 0 , 1 , 0 , 1 , 1 , 1 , 1 , 1 , 1 , 0 , 0 , 1 , 0 , 0 , 1 , 1 , 1 , 1 , 1 , 1 , 1 , 1 , 0 , 
RegressionTest0::test028 , 0 , 1 , 0 , 0 , 1 , 0 , 0 , 1 , 0 , 0 , 0 , 0 , 0 , 0 , 1 , 1 , 1 , 1 , 1 , 1 , 1 , 1 , 0 , 
RegressionTest0::test029 , 0 , 1 , 0 , 0 , 0 , 0 , 0 , 0 , 0 , 0 , 0 , 0 , 0 , 0 , 0 , 0 , 0 , 0 , 0 , 0 , 0 , 0 , 0 , 
RegressionTest0::test030 , 0 , 1 , 0 , 0 , 0 , 0 , 0 , 0 , 1 , 0 , 0 , 1 , 1 , 1 , 1 , 1 , 1 , 1 , 1 , 1 , 1 , 1 , 0 , 
RegressionTest0::test031 , 0 , 1 , 0 , 0 , 0 , 0 , 0 , 0 , 0 , 0 , 0 , 0 , 0 , 0 , 1 , 1 , 1 , 1 , 1 , 1 , 1 , 1 , 0 , 
RegressionTest0::test032 , 0 , 1 , 1 , 1 , 1 , 1 , 0 , 1 , 0 , 0 , 1 , 1 , 0 , 0 , 1 , 1 , 1 , 1 , 1 , 1 , 1 , 1 , 0 , 
RegressionTest0::test033 , 0 , 1 , 0 , 0 , 0 , 0 , 0 , 0 , 0 , 0 , 0 , 0 , 0 , 0 , 0 , 0 , 0 , 0 , 1 , 0 , 0 , 0 , 0 , 
RegressionTest0::test034 , 0 , 1 , 0 , 0 , 0 , 0 , 0 , 0 , 1 , 1 , 0 , 1 , 1 , 1 , 1 , 1 , 1 , 1 , 1 , 1 , 1 , 1 , 0 , 
RegressionTest0::test035 , 0 , 1 , 0 , 1 , 1 , 1 , 1 , 1 , 1 , 0 , 0 , 1 , 0 , 0 , 1 , 1 , 1 , 1 , 1 , 1 , 1 , 1 , 0 , 
RegressionTest0::test036 , 0 , 1 , 1 , 1 , 1 , 0 , 0 , 1 , 0 , 0 , 0 , 0 , 0 , 0 , 1 , 1 , 1 , 1 , 1 , 1 , 1 , 1 , 0 , 
RegressionTest0::test037 , 0 , 1 , 0 , 0 , 0 , 0 , 0 , 0 , 0 , 0 , 0 , 0 , 0 , 0 , 0 , 0 , 0 , 0 , 0 , 0 , 0 , 0 , 0 , 
RegressionTest0::test038 , 0 , 1 , 0 , 1 , 1 , 1 , 1 , 1 , 0 , 0 , 1 , 1 , 0 , 0 , 1 , 1 , 1 , 1 , 1 , 1 , 1 , 1 , 0 , 
RegressionTest0::test039 , 0 , 1 , 0 , 0 , 0 , 0 , 0 , 0 , 0 , 0 , 0 , 0 , 0 , 0 , 1 , 1 , 1 , 1 , 1 , 1 , 1 , 1 , 0 , 
RegressionTest0::test040 , 0 , 1 , 0 , 0 , 0 , 0 , 0 , 0 , 0 , 0 , 0 , 0 , 0 , 0 , 0 , 0 , 0 , 0 , 0 , 0 , 0 , 0 , 0 , 
RegressionTest0::test041 , 0 , 1 , 1 , 1 , 1 , 1 , 0 , 1 , 1 , 0 , 1 , 1 , 0 , 0 , 0 , 0 , 0 , 0 , 0 , 0 , 0 , 0 , 0 , 
RegressionTest0::test042 , 0 , 1 , 0 , 0 , 1 , 0 , 0 , 1 , 0 , 0 , 0 , 0 , 0 , 0 , 1 , 1 , 1 , 1 , 1 , 1 , 1 , 1 , 0 , 
RegressionTest0::test043 , 0 , 1 , 0 , 0 , 1 , 1 , 0 , 0 , 0 , 1 , 0 , 0 , 0 , 0 , 1 , 1 , 0 , 1 , 1 , 1 , 1 , 1 , 0 , 
RegressionTest0::test044 , 0 , 1 , 0 , 0 , 1 , 0 , 0 , 0 , 0 , 1 , 0 , 0 , 0 , 0 , 0 , 0 , 0 , 0 , 0 , 0 , 0 , 0 , 0 , 
RegressionTest0::test045 , 0 , 1 , 1 , 1 , 1 , 1 , 0 , 1 , 0 , 0 , 0 , 0 , 0 , 0 , 1 , 1 , 1 , 1 , 1 , 1 , 1 , 1 , 0 , 
RegressionTest0::test046 , 0 , 1 , 1 , 1 , 1 , 1 , 0 , 0 , 0 , 0 , 0 , 0 , 0 , 0 , 0 , 0 , 0 , 0 , 0 , 0 , 0 , 0 , 0 , 
RegressionTest0::test047 , 0 , 1 , 1 , 1 , 1 , 1 , 1 , 1 , 0 , 0 , 0 , 1 , 0 , 0 , 1 , 1 , 1 , 1 , 1 , 1 , 1 , 1 , 0 , 
RegressionTest0::test048 , 0 , 1 , 0 , 1 , 1 , 1 , 0 , 1 , 1 , 0 , 0 , 1 , 0 , 0 , 1 , 1 , 1 , 1 , 1 , 1 , 1 , 1 , 0 , 
RegressionTest0::test049 , 0 , 1 , 0 , 1 , 1 , 1 , 0 , 1 , 0 , 0 , 0 , 0 , 0 , 0 , 1 , 1 , 1 , 1 , 1 , 1 , 1 , 1 , 0 , 
RegressionTest0::test050 , 0 , 1 , 0 , 0 , 1 , 0 , 0 , 1 , 0 , 1 , 0 , 0 , 0 , 0 , 1 , 1 , 1 , 1 , 1 , 1 , 1 , 1 , 0 , 
RegressionTest0::test051 , 0 , 1 , 0 , 1 , 1 , 1 , 0 , 0 , 0 , 0 , 0 , 0 , 0 , 0 , 0 , 0 , 0 , 0 , 0 , 0 , 0 , 0 , 0 , 
RegressionTest0::test052 , 0 , 1 , 0 , 0 , 0 , 0 , 0 , 0 , 0 , 0 , 0 , 0 , 0 , 0 , 0 , 0 , 0 , 0 , 0 , 0 , 0 , 0 , 0 , 
RegressionTest0::test053 , 0 , 1 , 0 , 0 , 0 , 0 , 0 , 0 , 0 , 1 , 0 , 0 , 0 , 0 , 0 , 0 , 0 , 0 , 0 , 0 , 0 , 0 , 0 , 
RegressionTest0::test054 , 0 , 1 , 0 , 1 , 1 , 1 , 0 , 0 , 0 , 0 , 0 , 0 , 0 , 0 , 0 , 0 , 0 , 0 , 0 , 0 , 0 , 0 , 0 , 
RegressionTest0::test055 , 1 , 1 , 0 , 0 , 0 , 0 , 0 , 0 , 0 , 0 , 0 , 0 , 0 , 0 , 0 , 0 , 0 , 0 , 0 , 0 , 0 , 0 , 0 , 
RegressionTest0::test056 , 0 , 1 , 0 , 0 , 0 , 0 , 0 , 0 , 0 , 0 , 0 , 0 , 0 , 0 , 1 , 1 , 1 , 1 , 1 , 1 , 1 , 1 , 0 , 
RegressionTest0::test057 , 0 , 1 , 0 , 0 , 0 , 0 , 0 , 0 , 0 , 0 , 0 , 0 , 0 , 0 , 0 , 0 , 0 , 0 , 0 , 0 , 0 , 0 , 0 , 
RegressionTest0::test058 , 0 , 1 , 0 , 0 , 0 , 0 , 0 , 0 , 0 , 0 , 1 , 1 , 0 , 0 , 0 , 0 , 0 , 0 , 0 , 0 , 0 , 0 , 0 , 
RegressionTest0::test059 , 0 , 1 , 1 , 1 , 1 , 1 , 0 , 1 , 0 , 0 , 1 , 1 , 0 , 0 , 0 , 0 , 0 , 0 , 0 , 0 , 0 , 0 , 0 , 
RegressionTest0::test060 , 0 , 1 , 1 , 1 , 1 , 1 , 0 , 1 , 0 , 0 , 1 , 1 , 1 , 1 , 1 , 1 , 1 , 1 , 1 , 1 , 1 , 1 , 0 , 
RegressionTest0::test061 , 0 , 1 , 0 , 0 , 0 , 0 , 0 , 0 , 0 , 0 , 0 , 0 , 0 , 0 , 1 , 1 , 1 , 1 , 1 , 1 , 1 , 1 , 0 , 
RegressionTest0::test062 , 0 , 1 , 1 , 1 , 1 , 1 , 0 , 1 , 0 , 1 , 0 , 0 , 0 , 0 , 1 , 1 , 1 , 1 , 1 , 1 , 1 , 1 , 0 , 
RegressionTest0::test063 , 0 , 1 , 1 , 1 , 1 , 0 , 0 , 1 , 1 , 0 , 0 , 1 , 0 , 0 , 1 , 1 , 1 , 1 , 1 , 1 , 1 , 1 , 0 , 
RegressionTest0::test064 , 0 , 1 , 1 , 1 , 1 , 1 , 0 , 1 , 1 , 1 , 0 , 0 , 0 , 0 , 0 , 0 , 0 , 0 , 0 , 0 , 0 , 0 , 0 , 
RegressionTest0::test065 , 0 , 1 , 1 , 1 , 1 , 1 , 0 , 1 , 0 , 0 , 1 , 1 , 0 , 0 , 0 , 0 , 0 , 0 , 0 , 0 , 0 , 0 , 0 , 
RegressionTest0::test066 , 0 , 1 , 0 , 0 , 0 , 0 , 0 , 0 , 0 , 0 , 0 , 0 , 0 , 0 , 0 , 0 , 0 , 0 , 0 , 0 , 0 , 0 , 0 , 
RegressionTest0::test067 , 0 , 1 , 1 , 1 , 1 , 1 , 0 , 0 , 0 , 0 , 1 , 1 , 0 , 0 , 0 , 0 , 0 , 0 , 0 , 0 , 0 , 0 , 0 , 
RegressionTest0::test068 , 0 , 1 , 1 , 1 , 1 , 1 , 0 , 1 , 0 , 0 , 0 , 0 , 0 , 0 , 1 , 1 , 1 , 1 , 1 , 1 , 1 , 1 , 0 , 
RegressionTest0::test069 , 0 , 1 , 0 , 0 , 0 , 0 , 0 , 0 , 0 , 0 , 0 , 0 , 0 , 0 , 1 , 1 , 1 , 1 , 1 , 1 , 1 , 1 , 0 , 
RegressionTest0::test070 , 0 , 1 , 1 , 1 , 1 , 1 , 0 , 1 , 0 , 0 , 1 , 1 , 0 , 0 , 1 , 1 , 1 , 1 , 1 , 1 , 1 , 1 , 0 , 
RegressionTest0::test071 , 0 , 1 , 0 , 0 , 0 , 0 , 0 , 0 , 0 , 0 , 0 , 0 , 0 , 0 , 0 , 0 , 0 , 0 , 0 , 0 , 0 , 0 , 0 , 
RegressionTest0::test072 , 0 , 1 , 0 , 0 , 1 , 0 , 0 , 1 , 0 , 0 , 0 , 0 , 0 , 0 , 1 , 1 , 1 , 1 , 1 , 1 , 1 , 1 , 0 , 
RegressionTest0::test073 , 0 , 1 , 1 , 1 , 1 , 1 , 0 , 1 , 0 , 0 , 1 , 1 , 0 , 0 , 1 , 1 , 1 , 1 , 1 , 1 , 1 , 1 , 0 , 
RegressionTest0::test074 , 0 , 1 , 0 , 1 , 1 , 1 , 0 , 1 , 1 , 1 , 0 , 1 , 0 , 0 , 1 , 1 , 1 , 1 , 1 , 1 , 1 , 1 , 0 , 
RegressionTest0::test075 , 0 , 1 , 1 , 1 , 1 , 1 , 0 , 1 , 0 , 1 , 0 , 0 , 0 , 0 , 1 , 1 , 1 , 1 , 1 , 1 , 1 , 1 , 0 , 
RegressionTest0::test076 , 0 , 1 , 0 , 0 , 0 , 0 , 0 , 0 , 0 , 0 , 0 , 0 , 0 , 0 , 0 , 0 , 0 , 0 , 0 , 0 , 0 , 0 , 0 , 
RegressionTest0::test077 , 0 , 1 , 0 , 1 , 1 , 1 , 1 , 1 , 0 , 0 , 1 , 1 , 0 , 0 , 1 , 1 , 1 , 1 , 1 , 1 , 1 , 1 , 0 , 
RegressionTest0::test078 , 0 , 1 , 0 , 0 , 0 , 0 , 0 , 0 , 1 , 0 , 0 , 0 , 0 , 0 , 0 , 0 , 0 , 0 , 0 , 0 , 0 , 0 , 0 , 
RegressionTest0::test079 , 0 , 1 , 0 , 0 , 1 , 1 , 0 , 0 , 0 , 0 , 1 , 1 , 0 , 0 , 0 , 0 , 0 , 0 , 0 , 0 , 0 , 0 , 0 , 
RegressionTest0::test080 , 0 , 1 , 1 , 1 , 1 , 1 , 0 , 1 , 0 , 0 , 1 , 1 , 0 , 0 , 0 , 0 , 0 , 0 , 0 , 0 , 0 , 0 , 0 , 
RegressionTest0::test081 , 0 , 1 , 1 , 1 , 1 , 1 , 0 , 1 , 0 , 0 , 1 , 1 , 0 , 0 , 0 , 0 , 0 , 0 , 0 , 0 , 0 , 0 , 0 , 
RegressionTest0::test082 , 1 , 1 , 0 , 0 , 0 , 0 , 0 , 0 , 0 , 0 , 0 , 0 , 0 , 0 , 0 , 0 , 0 , 0 , 0 , 0 , 0 , 0 , 0 , 
RegressionTest0::test083 , 0 , 1 , 0 , 0 , 0 , 0 , 0 , 0 , 0 , 0 , 0 , 0 , 0 , 0 , 0 , 0 , 0 , 0 , 0 , 0 , 0 , 0 , 0 , 
RegressionTest0::test084 , 0 , 1 , 1 , 1 , 1 , 1 , 0 , 1 , 0 , 0 , 0 , 0 , 0 , 0 , 1 , 1 , 1 , 1 , 1 , 1 , 1 , 1 , 0 , 
RegressionTest0::test085 , 0 , 1 , 0 , 1 , 1 , 1 , 1 , 1 , 0 , 0 , 0 , 1 , 0 , 0 , 1 , 1 , 1 , 1 , 1 , 1 , 1 , 1 , 0 , 
RegressionTest0::test086 , 0 , 1 , 0 , 0 , 0 , 0 , 0 , 0 , 0 , 0 , 0 , 0 , 0 , 0 , 0 , 0 , 0 , 0 , 0 , 0 , 0 , 0 , 0 , 
RegressionTest0::test087 , 0 , 1 , 0 , 0 , 0 , 0 , 0 , 0 , 1 , 1 , 0 , 0 , 0 , 0 , 0 , 0 , 0 , 0 , 0 , 0 , 0 , 0 , 0 , 
RegressionTest0::test088 , 0 , 1 , 1 , 1 , 1 , 1 , 0 , 1 , 0 , 1 , 1 , 1 , 0 , 0 , 0 , 0 , 0 , 0 , 0 , 0 , 0 , 0 , 0 , 
RegressionTest0::test089 , 0 , 1 , 1 , 1 , 1 , 0 , 0 , 1 , 0 , 0 , 0 , 0 , 0 , 0 , 1 , 1 , 1 , 1 , 1 , 1 , 1 , 1 , 0 , 
RegressionTest0::test090 , 0 , 1 , 1 , 1 , 1 , 1 , 0 , 1 , 0 , 0 , 1 , 1 , 0 , 0 , 1 , 1 , 1 , 1 , 1 , 1 , 1 , 1 , 0 , 
RegressionTest0::test091 , 0 , 1 , 0 , 0 , 1 , 0 , 0 , 1 , 0 , 0 , 0 , 0 , 0 , 0 , 1 , 1 , 1 , 1 , 1 , 1 , 1 , 1 , 1 , 
RegressionTest0::test092 , 0 , 1 , 0 , 0 , 1 , 0 , 0 , 1 , 1 , 0 , 0 , 0 , 1 , 1 , 1 , 1 , 1 , 1 , 1 , 1 , 1 , 1 , 0 , 
RegressionTest0::test093 , 0 , 1 , 1 , 1 , 1 , 0 , 0 , 1 , 0 , 0 , 0 , 0 , 0 , 0 , 1 , 1 , 1 , 1 , 1 , 1 , 1 , 1 , 0 , 
RegressionTest0::test094 , 0 , 1 , 0 , 1 , 1 , 1 , 0 , 1 , 1 , 0 , 0 , 1 , 0 , 0 , 1 , 1 , 1 , 1 , 1 , 1 , 1 , 1 , 0 , 
RegressionTest0::test095 , 0 , 1 , 0 , 0 , 0 , 0 , 0 , 0 , 0 , 0 , 0 , 0 , 0 , 0 , 0 , 0 , 0 , 0 , 0 , 0 , 0 , 0 , 0 , 
RegressionTest0::test096 , 0 , 1 , 0 , 0 , 0 , 0 , 0 , 0 , 0 , 0 , 1 , 1 , 0 , 0 , 1 , 1 , 1 , 1 , 1 , 1 , 1 , 1 , 0 , 
RegressionTest0::test097 , 0 , 1 , 0 , 0 , 0 , 0 , 0 , 0 , 0 , 0 , 0 , 0 , 0 , 0 , 1 , 1 , 1 , 1 , 1 , 1 , 1 , 1 , 0 , 
RegressionTest0::test098 , 0 , 1 , 0 , 0 , 1 , 0 , 0 , 1 , 0 , 1 , 0 , 0 , 0 , 0 , 1 , 1 , 1 , 1 , 1 , 1 , 1 , 1 , 0 , 
RegressionTest0::test099 , 0 , 1 , 0 , 0 , 0 , 0 , 0 , 0 , 0 , 0 , 0 , 0 , 0 , 0 , 1 , 1 , 1 , 1 , 1 , 1 , 1 , 1 , 0 , 
RegressionTest0::test100 , 0 , 1 , 0 , 0 , 0 , 0 , 0 , 0 , 1 , 0 , 1 , 1 , 1 , 1 , 1 , 1 , 1 , 1 , 1 , 1 , 1 , 1 , 0 , 
RegressionTest0::test101 , 0 , 1 , 0 , 0 , 0 , 0 , 0 , 0 , 0 , 0 , 0 , 0 , 0 , 0 , 1 , 1 , 1 , 1 , 1 , 1 , 1 , 1 , 0 , 
RegressionTest0::test102 , 0 , 1 , 0 , 0 , 0 , 0 , 0 , 0 , 0 , 0 , 0 , 0 , 0 , 0 , 0 , 0 , 0 , 0 , 0 , 0 , 0 , 0 , 0 , 
RegressionTest0::test103 , 0 , 1 , 1 , 1 , 1 , 1 , 0 , 1 , 1 , 0 , 1 , 1 , 0 , 0 , 0 , 0 , 0 , 0 , 0 , 0 , 0 , 0 , 0 , 
RegressionTest0::test104 , 0 , 1 , 0 , 0 , 0 , 0 , 0 , 0 , 0 , 0 , 0 , 0 , 0 , 0 , 0 , 0 , 0 , 0 , 0 , 0 , 0 , 0 , 0 , 
RegressionTest0::test105 , 0 , 1 , 1 , 1 , 1 , 0 , 0 , 1 , 0 , 0 , 0 , 0 , 0 , 0 , 1 , 1 , 1 , 1 , 1 , 1 , 1 , 1 , 0 , 
RegressionTest0::test106 , 0 , 1 , 1 , 1 , 1 , 1 , 0 , 0 , 0 , 0 , 0 , 0 , 0 , 0 , 0 , 0 , 0 , 0 , 0 , 0 , 0 , 0 , 0 , 
RegressionTest0::test107 , 0 , 1 , 0 , 0 , 0 , 0 , 0 , 0 , 0 , 0 , 0 , 1 , 0 , 0 , 1 , 1 , 1 , 1 , 1 , 1 , 1 , 1 , 0 , 
RegressionTest0::test108 , 0 , 1 , 1 , 1 , 1 , 1 , 0 , 0 , 0 , 0 , 0 , 0 , 0 , 0 , 0 , 0 , 0 , 0 , 0 , 0 , 0 , 0 , 0 , 
RegressionTest0::test109 , 0 , 1 , 1 , 1 , 1 , 1 , 0 , 1 , 0 , 0 , 1 , 1 , 0 , 0 , 1 , 1 , 1 , 1 , 1 , 1 , 1 , 1 , 0 , 
RegressionTest0::test110 , 1 , 1 , 0 , 0 , 0 , 0 , 0 , 0 , 0 , 0 , 0 , 0 , 0 , 0 , 0 , 0 , 0 , 0 , 0 , 0 , 0 , 0 , 0 , 
RegressionTest0::test111 , 0 , 1 , 1 , 1 , 1 , 1 , 0 , 1 , 1 , 0 , 0 , 1 , 0 , 0 , 1 , 1 , 1 , 1 , 1 , 1 , 1 , 1 , 0 , 
RegressionTest0::test112 , 0 , 1 , 1 , 1 , 1 , 1 , 0 , 1 , 1 , 0 , 0 , 1 , 0 , 0 , 1 , 1 , 1 , 1 , 1 , 1 , 1 , 1 , 0 , 
RegressionTest0::test113 , 0 , 1 , 1 , 1 , 1 , 0 , 0 , 1 , 0 , 0 , 1 , 1 , 0 , 0 , 1 , 1 , 1 , 1 , 1 , 1 , 1 , 1 , 0 , 
RegressionTest0::test114 , 0 , 1 , 0 , 0 , 0 , 0 , 0 , 0 , 1 , 0 , 0 , 1 , 1 , 1 , 1 , 1 , 1 , 1 , 1 , 1 , 1 , 1 , 0 , 
RegressionTest0::test115 , 0 , 1 , 0 , 0 , 0 , 0 , 0 , 0 , 0 , 0 , 0 , 0 , 0 , 0 , 0 , 0 , 0 , 0 , 0 , 0 , 0 , 0 , 0 , 
RegressionTest0::test116 , 0 , 1 , 0 , 0 , 1 , 0 , 0 , 1 , 1 , 0 , 0 , 1 , 1 , 1 , 1 , 1 , 1 , 1 , 1 , 1 , 1 , 1 , 0 , 
RegressionTest0::test117 , 0 , 1 , 0 , 1 , 1 , 1 , 0 , 1 , 1 , 0 , 1 , 1 , 0 , 0 , 1 , 1 , 1 , 1 , 1 , 1 , 1 , 1 , 0 , 
RegressionTest0::test118 , 0 , 1 , 0 , 1 , 1 , 1 , 1 , 1 , 0 , 0 , 0 , 1 , 0 , 0 , 1 , 1 , 1 , 1 , 1 , 1 , 1 , 1 , 0 , 
RegressionTest0::test119 , 0 , 1 , 1 , 1 , 1 , 1 , 0 , 1 , 0 , 0 , 0 , 1 , 0 , 0 , 1 , 1 , 1 , 1 , 1 , 1 , 1 , 1 , 0 , 
RegressionTest0::test120 , 0 , 1 , 1 , 1 , 1 , 1 , 0 , 1 , 1 , 0 , 0 , 0 , 0 , 0 , 0 , 0 , 0 , 0 , 0 , 0 , 0 , 0 , 0 , 
RegressionTest0::test121 , 0 , 1 , 0 , 1 , 1 , 1 , 0 , 1 , 0 , 1 , 0 , 0 , 0 , 0 , 1 , 1 , 1 , 1 , 1 , 1 , 1 , 1 , 0 , 
RegressionTest0::test122 , 0 , 1 , 0 , 0 , 0 , 0 , 0 , 0 , 0 , 0 , 0 , 0 , 0 , 0 , 0 , 0 , 0 , 0 , 0 , 0 , 0 , 0 , 0 , 
RegressionTest0::test123 , 0 , 1 , 1 , 1 , 1 , 1 , 0 , 1 , 0 , 0 , 0 , 0 , 0 , 0 , 1 , 1 , 1 , 1 , 1 , 1 , 1 , 1 , 0 , 
RegressionTest0::test124 , 0 , 1 , 0 , 0 , 0 , 0 , 0 , 0 , 0 , 1 , 0 , 0 , 0 , 0 , 1 , 1 , 0 , 1 , 1 , 1 , 1 , 1 , 0 , 
RegressionTest0::test125 , 0 , 1 , 1 , 1 , 1 , 0 , 0 , 1 , 0 , 0 , 0 , 0 , 0 , 0 , 1 , 1 , 1 , 1 , 1 , 1 , 1 , 1 , 0 , 
RegressionTest0::test126 , 0 , 1 , 1 , 1 , 1 , 1 , 0 , 1 , 1 , 0 , 1 , 1 , 0 , 0 , 0 , 0 , 0 , 0 , 0 , 0 , 0 , 0 , 0 , 
RegressionTest0::test127 , 0 , 1 , 1 , 1 , 1 , 1 , 0 , 1 , 0 , 0 , 1 , 1 , 0 , 0 , 0 , 0 , 0 , 0 , 0 , 0 , 0 , 0 , 0 , 
RegressionTest0::test128 , 0 , 1 , 1 , 1 , 1 , 1 , 0 , 1 , 1 , 0 , 0 , 1 , 0 , 0 , 1 , 1 , 1 , 1 , 1 , 1 , 1 , 1 , 0 , 
RegressionTest0::test129 , 0 , 1 , 1 , 1 , 1 , 1 , 0 , 1 , 0 , 0 , 1 , 1 , 0 , 0 , 0 , 0 , 0 , 0 , 0 , 0 , 0 , 0 , 0 , 
RegressionTest0::test130 , 0 , 1 , 0 , 0 , 0 , 0 , 0 , 0 , 0 , 0 , 0 , 0 , 0 , 0 , 0 , 0 , 0 , 0 , 0 , 0 , 0 , 0 , 0 , 
RegressionTest0::test131 , 0 , 1 , 1 , 1 , 1 , 0 , 0 , 1 , 0 , 0 , 0 , 0 , 0 , 0 , 1 , 1 , 1 , 1 , 1 , 1 , 1 , 1 , 0 , 
RegressionTest0::test132 , 0 , 1 , 1 , 1 , 1 , 1 , 0 , 1 , 0 , 0 , 1 , 1 , 0 , 0 , 0 , 0 , 0 , 0 , 0 , 0 , 0 , 0 , 0 , 
RegressionTest0::test133 , 0 , 1 , 1 , 1 , 1 , 1 , 0 , 1 , 1 , 1 , 0 , 0 , 0 , 0 , 1 , 1 , 1 , 1 , 1 , 1 , 1 , 1 , 0 , 
RegressionTest0::test134 , 0 , 1 , 0 , 0 , 0 , 0 , 0 , 0 , 1 , 0 , 0 , 1 , 1 , 1 , 1 , 1 , 1 , 1 , 1 , 1 , 1 , 1 , 0 , 
RegressionTest0::test135 , 0 , 1 , 1 , 1 , 1 , 0 , 0 , 1 , 1 , 0 , 1 , 1 , 0 , 0 , 1 , 1 , 1 , 1 , 1 , 1 , 1 , 1 , 0 , 
RegressionTest0::test136 , 0 , 1 , 0 , 0 , 0 , 0 , 0 , 0 , 0 , 1 , 0 , 0 , 0 , 0 , 1 , 1 , 0 , 1 , 1 , 1 , 1 , 1 , 0 , 
RegressionTest0::test137 , 0 , 1 , 0 , 0 , 1 , 0 , 0 , 0 , 0 , 0 , 0 , 0 , 0 , 0 , 1 , 1 , 1 , 1 , 1 , 1 , 1 , 1 , 0 , 
RegressionTest0::test138 , 0 , 1 , 1 , 1 , 1 , 1 , 0 , 1 , 1 , 0 , 0 , 1 , 0 , 0 , 1 , 1 , 1 , 1 , 1 , 1 , 1 , 1 , 0 , 
RegressionTest0::test139 , 0 , 1 , 0 , 0 , 0 , 0 , 0 , 0 , 0 , 0 , 0 , 0 , 0 , 0 , 0 , 0 , 0 , 0 , 0 , 0 , 0 , 0 , 0 , 
RegressionTest0::test140 , 0 , 1 , 0 , 1 , 1 , 1 , 1 , 1 , 0 , 0 , 1 , 1 , 0 , 0 , 1 , 1 , 1 , 1 , 1 , 1 , 1 , 1 , 0 , 
RegressionTest0::test141 , 0 , 1 , 0 , 0 , 0 , 0 , 0 , 0 , 0 , 0 , 0 , 0 , 0 , 0 , 1 , 1 , 1 , 1 , 1 , 1 , 1 , 1 , 0 , 
RegressionTest0::test142 , 0 , 1 , 1 , 1 , 1 , 1 , 0 , 1 , 0 , 0 , 0 , 0 , 0 , 0 , 0 , 0 , 0 , 0 , 0 , 0 , 0 , 0 , 0 , 
RegressionTest0::test143 , 0 , 1 , 0 , 0 , 0 , 0 , 0 , 0 , 0 , 0 , 0 , 0 , 0 , 0 , 0 , 0 , 0 , 0 , 0 , 0 , 0 , 0 , 0 , 
RegressionTest0::test144 , 0 , 1 , 0 , 0 , 0 , 0 , 0 , 0 , 0 , 0 , 0 , 0 , 0 , 0 , 1 , 1 , 1 , 1 , 1 , 1 , 1 , 1 , 0 , 
RegressionTest0::test145 , 0 , 1 , 0 , 0 , 1 , 1 , 0 , 0 , 0 , 0 , 0 , 0 , 0 , 0 , 0 , 0 , 0 , 0 , 0 , 0 , 0 , 0 , 0 , 
RegressionTest0::test146 , 0 , 1 , 1 , 1 , 1 , 1 , 0 , 1 , 0 , 0 , 1 , 1 , 0 , 0 , 1 , 1 , 1 , 1 , 1 , 1 , 1 , 1 , 1 , 
RegressionTest0::test147 , 0 , 1 , 1 , 1 , 1 , 1 , 0 , 1 , 0 , 0 , 0 , 0 , 0 , 0 , 1 , 1 , 1 , 1 , 1 , 1 , 1 , 1 , 0 , 
RegressionTest0::test148 , 0 , 1 , 0 , 0 , 1 , 0 , 0 , 1 , 0 , 0 , 0 , 0 , 0 , 0 , 1 , 1 , 1 , 1 , 1 , 1 , 1 , 1 , 0 , 
RegressionTest0::test149 , 0 , 1 , 0 , 1 , 1 , 1 , 0 , 1 , 1 , 0 , 0 , 0 , 0 , 0 , 0 , 0 , 0 , 0 , 0 , 0 , 0 , 0 , 0 , 
RegressionTest0::test150 , 0 , 1 , 0 , 0 , 0 , 0 , 0 , 0 , 0 , 0 , 0 , 0 , 0 , 0 , 0 , 0 , 0 , 0 , 0 , 0 , 0 , 0 , 0 , 
RegressionTest0::test151 , 0 , 1 , 0 , 0 , 0 , 0 , 0 , 0 , 0 , 0 , 0 , 0 , 0 , 0 , 1 , 1 , 1 , 1 , 1 , 1 , 1 , 1 , 0 , 
RegressionTest0::test152 , 0 , 1 , 0 , 0 , 0 , 0 , 0 , 0 , 1 , 0 , 0 , 1 , 0 , 0 , 1 , 1 , 1 , 1 , 1 , 1 , 1 , 1 , 0 , 
RegressionTest0::test153 , 0 , 1 , 0 , 0 , 0 , 0 , 0 , 0 , 0 , 0 , 1 , 1 , 0 , 0 , 0 , 0 , 0 , 0 , 0 , 0 , 0 , 0 , 0 , 
RegressionTest0::test154 , 0 , 1 , 0 , 0 , 0 , 0 , 0 , 0 , 0 , 1 , 0 , 0 , 0 , 0 , 0 , 0 , 0 , 0 , 0 , 0 , 0 , 0 , 0 , 
RegressionTest0::test155 , 0 , 1 , 0 , 0 , 0 , 0 , 0 , 0 , 0 , 0 , 0 , 0 , 0 , 0 , 0 , 0 , 0 , 0 , 0 , 0 , 0 , 0 , 0 , 
RegressionTest0::test156 , 0 , 1 , 0 , 0 , 1 , 0 , 0 , 1 , 0 , 0 , 0 , 0 , 0 , 0 , 1 , 1 , 1 , 1 , 1 , 1 , 1 , 1 , 0 , 
RegressionTest0::test157 , 0 , 1 , 0 , 0 , 0 , 0 , 0 , 0 , 1 , 0 , 0 , 1 , 1 , 1 , 1 , 1 , 1 , 1 , 1 , 1 , 1 , 1 , 0 , 
RegressionTest0::test158 , 0 , 1 , 1 , 1 , 1 , 1 , 0 , 1 , 1 , 1 , 0 , 0 , 0 , 0 , 1 , 1 , 1 , 1 , 1 , 1 , 1 , 1 , 0 , 
RegressionTest0::test159 , 0 , 1 , 0 , 1 , 1 , 1 , 1 , 1 , 1 , 0 , 0 , 1 , 0 , 0 , 1 , 1 , 1 , 1 , 1 , 1 , 1 , 1 , 0 , 
RegressionTest0::test160 , 0 , 1 , 1 , 1 , 1 , 1 , 0 , 1 , 0 , 0 , 1 , 1 , 0 , 0 , 0 , 0 , 0 , 0 , 0 , 0 , 0 , 0 , 0 , 
RegressionTest0::test161 , 0 , 1 , 0 , 1 , 1 , 1 , 0 , 1 , 1 , 0 , 0 , 0 , 0 , 0 , 0 , 0 , 0 , 0 , 0 , 0 , 0 , 0 , 0 , 
RegressionTest0::test162 , 0 , 1 , 0 , 0 , 0 , 0 , 0 , 0 , 0 , 0 , 0 , 0 , 0 , 0 , 0 , 0 , 0 , 0 , 0 , 0 , 0 , 0 , 0 , 
RegressionTest0::test163 , 0 , 1 , 0 , 0 , 0 , 0 , 0 , 0 , 0 , 0 , 0 , 0 , 0 , 0 , 0 , 0 , 0 , 0 , 0 , 0 , 0 , 0 , 0 , 
RegressionTest0::test164 , 0 , 1 , 0 , 0 , 0 , 0 , 0 , 0 , 0 , 0 , 0 , 1 , 0 , 0 , 0 , 0 , 0 , 0 , 0 , 0 , 0 , 0 , 0 , 
RegressionTest0::test165 , 1 , 1 , 0 , 0 , 0 , 0 , 0 , 0 , 0 , 0 , 0 , 0 , 0 , 0 , 0 , 0 , 0 , 0 , 0 , 0 , 0 , 0 , 0 , 
RegressionTest0::test166 , 0 , 1 , 0 , 0 , 0 , 0 , 0 , 0 , 1 , 0 , 0 , 0 , 0 , 0 , 0 , 0 , 0 , 0 , 0 , 0 , 0 , 0 , 0 , 
RegressionTest0::test167 , 0 , 1 , 1 , 1 , 1 , 1 , 0 , 1 , 0 , 0 , 1 , 1 , 0 , 0 , 0 , 0 , 0 , 0 , 0 , 0 , 0 , 0 , 0 , 
RegressionTest0::test168 , 0 , 1 , 1 , 1 , 1 , 1 , 0 , 1 , 0 , 0 , 1 , 1 , 0 , 0 , 0 , 0 , 0 , 0 , 0 , 0 , 0 , 0 , 1 , 
RegressionTest0::test169 , 0 , 1 , 1 , 1 , 1 , 1 , 0 , 1 , 0 , 0 , 1 , 1 , 0 , 0 , 1 , 1 , 1 , 1 , 1 , 1 , 1 , 1 , 0 , 
RegressionTest0::test170 , 0 , 1 , 0 , 1 , 1 , 0 , 0 , 1 , 0 , 0 , 0 , 0 , 0 , 0 , 1 , 1 , 1 , 1 , 1 , 1 , 1 , 1 , 0 , 
RegressionTest0::test171 , 0 , 1 , 1 , 1 , 1 , 1 , 0 , 1 , 0 , 0 , 0 , 0 , 1 , 1 , 1 , 1 , 1 , 1 , 1 , 1 , 1 , 1 , 0 , 
RegressionTest0::test172 , 0 , 1 , 0 , 1 , 1 , 0 , 0 , 1 , 0 , 0 , 0 , 0 , 0 , 0 , 1 , 1 , 1 , 1 , 1 , 1 , 1 , 1 , 0 , 
RegressionTest0::test173 , 0 , 1 , 1 , 1 , 1 , 1 , 0 , 1 , 0 , 0 , 1 , 1 , 0 , 0 , 0 , 0 , 0 , 0 , 0 , 0 , 0 , 0 , 0 , 
RegressionTest0::test174 , 0 , 1 , 1 , 1 , 1 , 1 , 0 , 1 , 0 , 0 , 1 , 1 , 0 , 0 , 0 , 0 , 0 , 0 , 0 , 0 , 0 , 0 , 1 , 
RegressionTest0::test175 , 0 , 1 , 0 , 0 , 0 , 0 , 0 , 0 , 0 , 1 , 0 , 0 , 0 , 0 , 0 , 0 , 0 , 0 , 0 , 0 , 0 , 0 , 0 , 
RegressionTest0::test176 , 0 , 1 , 0 , 0 , 0 , 0 , 0 , 0 , 0 , 1 , 1 , 1 , 0 , 0 , 0 , 0 , 0 , 0 , 0 , 0 , 0 , 0 , 0 , 
RegressionTest0::test177 , 0 , 1 , 1 , 1 , 1 , 1 , 0 , 1 , 1 , 0 , 0 , 0 , 0 , 0 , 0 , 0 , 0 , 0 , 0 , 0 , 0 , 0 , 0 , 
RegressionTest0::test178 , 0 , 1 , 1 , 1 , 1 , 0 , 0 , 1 , 0 , 0 , 0 , 0 , 0 , 0 , 1 , 1 , 1 , 1 , 1 , 1 , 1 , 1 , 0 , 
RegressionTest0::test179 , 0 , 1 , 0 , 1 , 1 , 1 , 0 , 1 , 0 , 0 , 0 , 0 , 0 , 0 , 0 , 0 , 0 , 0 , 0 , 0 , 0 , 0 , 0 , 
RegressionTest0::test180 , 0 , 1 , 1 , 1 , 1 , 1 , 0 , 1 , 0 , 0 , 0 , 0 , 0 , 0 , 1 , 1 , 1 , 1 , 1 , 1 , 1 , 1 , 0 , 
RegressionTest0::test181 , 0 , 1 , 0 , 0 , 1 , 1 , 0 , 0 , 0 , 0 , 0 , 0 , 0 , 0 , 0 , 0 , 0 , 0 , 0 , 0 , 0 , 0 , 0 , 
RegressionTest0::test182 , 0 , 1 , 1 , 1 , 1 , 1 , 0 , 1 , 1 , 0 , 0 , 1 , 0 , 0 , 1 , 1 , 1 , 1 , 1 , 1 , 1 , 1 , 0 , 
RegressionTest0::test183 , 0 , 1 , 0 , 0 , 0 , 0 , 0 , 0 , 1 , 0 , 0 , 1 , 0 , 0 , 1 , 1 , 1 , 1 , 1 , 1 , 1 , 1 , 0 , 
RegressionTest0::test184 , 0 , 1 , 0 , 1 , 1 , 1 , 0 , 1 , 1 , 1 , 0 , 1 , 0 , 0 , 1 , 1 , 1 , 1 , 1 , 1 , 1 , 1 , 0 , 
RegressionTest0::test185 , 0 , 1 , 0 , 0 , 0 , 0 , 0 , 0 , 0 , 0 , 0 , 0 , 0 , 0 , 0 , 0 , 0 , 0 , 0 , 0 , 0 , 0 , 0 , 
RegressionTest0::test186 , 0 , 1 , 0 , 1 , 1 , 0 , 0 , 1 , 0 , 0 , 0 , 0 , 0 , 0 , 1 , 1 , 1 , 1 , 1 , 1 , 1 , 1 , 0 , 
RegressionTest0::test187 , 0 , 1 , 1 , 1 , 1 , 1 , 0 , 1 , 0 , 0 , 1 , 1 , 0 , 0 , 1 , 1 , 1 , 1 , 1 , 1 , 1 , 1 , 0 , 
RegressionTest0::test188 , 0 , 1 , 0 , 1 , 1 , 1 , 1 , 1 , 0 , 0 , 1 , 1 , 0 , 0 , 1 , 1 , 1 , 1 , 1 , 1 , 1 , 1 , 0 , 
RegressionTest0::test189 , 0 , 1 , 0 , 0 , 1 , 0 , 0 , 1 , 0 , 0 , 0 , 0 , 1 , 1 , 0 , 0 , 0 , 0 , 1 , 1 , 1 , 1 , 0 , 
RegressionTest0::test190 , 0 , 1 , 0 , 1 , 1 , 1 , 0 , 1 , 0 , 0 , 0 , 0 , 0 , 0 , 0 , 0 , 0 , 0 , 0 , 0 , 0 , 0 , 0 , 
RegressionTest0::test191 , 0 , 1 , 0 , 0 , 0 , 0 , 0 , 0 , 0 , 0 , 0 , 0 , 0 , 0 , 0 , 0 , 0 , 0 , 0 , 0 , 0 , 0 , 0 , 
RegressionTest0::test192 , 0 , 1 , 1 , 1 , 1 , 1 , 0 , 1 , 0 , 0 , 1 , 1 , 0 , 0 , 0 , 0 , 0 , 0 , 0 , 0 , 0 , 0 , 0 , 
RegressionTest0::test193 , 0 , 1 , 1 , 1 , 1 , 0 , 0 , 1 , 0 , 0 , 0 , 1 , 0 , 0 , 1 , 1 , 1 , 1 , 1 , 1 , 1 , 1 , 0 , 
RegressionTest0::test194 , 0 , 1 , 0 , 1 , 1 , 1 , 1 , 1 , 0 , 0 , 0 , 1 , 0 , 0 , 1 , 1 , 1 , 1 , 1 , 1 , 1 , 1 , 0 , 
RegressionTest0::test195 , 0 , 1 , 0 , 0 , 0 , 0 , 0 , 0 , 0 , 0 , 0 , 0 , 0 , 0 , 0 , 0 , 0 , 0 , 0 , 0 , 0 , 0 , 0 , 
RegressionTest0::test196 , 0 , 1 , 0 , 1 , 1 , 1 , 1 , 1 , 0 , 0 , 0 , 1 , 0 , 0 , 1 , 1 , 1 , 1 , 1 , 1 , 1 , 1 , 0 , 
RegressionTest0::test197 , 0 , 1 , 1 , 1 , 1 , 1 , 0 , 1 , 1 , 0 , 0 , 1 , 0 , 0 , 1 , 1 , 1 , 1 , 1 , 1 , 1 , 1 , 0 , 
RegressionTest0::test198 , 0 , 1 , 0 , 0 , 0 , 0 , 0 , 0 , 0 , 1 , 0 , 0 , 0 , 0 , 0 , 0 , 0 , 0 , 0 , 0 , 0 , 0 , 0 , 
RegressionTest0::test199 , 0 , 1 , 1 , 1 , 1 , 1 , 1 , 1 , 0 , 0 , 0 , 1 , 0 , 0 , 1 , 1 , 1 , 1 , 1 , 1 , 1 , 1 , 0 , 
RegressionTest0::test200 , 0 , 1 , 1 , 1 , 1 , 1 , 0 , 1 , 0 , 0 , 1 , 1 , 0 , 0 , 0 , 0 , 0 , 0 , 0 , 0 , 0 , 0 , 0 , 
RegressionTest0::test201 , 0 , 1 , 1 , 1 , 1 , 1 , 0 , 1 , 0 , 0 , 0 , 0 , 0 , 0 , 0 , 0 , 0 , 0 , 0 , 0 , 0 , 0 , 0 , 
RegressionTest0::test202 , 0 , 1 , 1 , 1 , 1 , 1 , 0 , 1 , 0 , 0 , 1 , 1 , 0 , 0 , 0 , 0 , 0 , 0 , 0 , 0 , 0 , 0 , 0 , 
RegressionTest0::test203 , 0 , 1 , 0 , 0 , 0 , 0 , 0 , 0 , 0 , 0 , 0 , 0 , 0 , 0 , 0 , 0 , 0 , 0 , 0 , 0 , 0 , 0 , 0 , 
RegressionTest0::test204 , 0 , 1 , 0 , 0 , 0 , 0 , 0 , 0 , 0 , 0 , 0 , 0 , 0 , 0 , 1 , 1 , 1 , 1 , 1 , 1 , 1 , 1 , 0 , 
RegressionTest0::test205 , 0 , 1 , 1 , 1 , 1 , 1 , 0 , 1 , 1 , 0 , 1 , 1 , 0 , 0 , 0 , 0 , 0 , 0 , 0 , 0 , 0 , 0 , 0 , 
RegressionTest0::test206 , 0 , 1 , 0 , 1 , 0 , 0 , 0 , 0 , 1 , 0 , 0 , 1 , 0 , 0 , 1 , 1 , 1 , 1 , 1 , 1 , 1 , 1 , 0 , 
RegressionTest0::test207 , 0 , 1 , 0 , 1 , 1 , 1 , 1 , 1 , 1 , 0 , 0 , 1 , 0 , 0 , 1 , 1 , 1 , 1 , 1 , 1 , 1 , 1 , 0 , 
RegressionTest0::test208 , 0 , 1 , 1 , 1 , 1 , 1 , 0 , 1 , 0 , 0 , 0 , 0 , 0 , 0 , 0 , 0 , 0 , 0 , 0 , 0 , 0 , 0 , 0 , 
RegressionTest0::test209 , 0 , 1 , 0 , 0 , 0 , 0 , 0 , 0 , 0 , 0 , 0 , 0 , 0 , 0 , 1 , 1 , 1 , 1 , 1 , 1 , 1 , 1 , 0 , 
RegressionTest0::test210 , 0 , 1 , 0 , 1 , 1 , 0 , 0 , 1 , 0 , 0 , 0 , 0 , 0 , 0 , 1 , 1 , 1 , 1 , 1 , 1 , 1 , 1 , 0 , 
RegressionTest0::test211 , 0 , 1 , 1 , 1 , 1 , 1 , 0 , 1 , 0 , 0 , 0 , 0 , 0 , 0 , 1 , 1 , 1 , 1 , 1 , 1 , 1 , 1 , 0 , 
RegressionTest0::test212 , 0 , 1 , 1 , 1 , 1 , 0 , 0 , 1 , 0 , 0 , 0 , 0 , 0 , 0 , 1 , 1 , 1 , 1 , 1 , 1 , 1 , 1 , 0 , 
RegressionTest0::test213 , 0 , 1 , 0 , 1 , 1 , 1 , 0 , 1 , 0 , 1 , 0 , 0 , 0 , 0 , 1 , 1 , 1 , 1 , 1 , 1 , 1 , 1 , 0 , 
RegressionTest0::test214 , 0 , 1 , 1 , 1 , 1 , 1 , 0 , 0 , 0 , 0 , 0 , 0 , 0 , 0 , 0 , 0 , 0 , 0 , 0 , 0 , 0 , 0 , 0 , 
RegressionTest0::test215 , 0 , 1 , 1 , 1 , 1 , 1 , 0 , 1 , 1 , 0 , 0 , 0 , 0 , 0 , 0 , 0 , 0 , 0 , 0 , 0 , 0 , 0 , 0 , 
RegressionTest0::test216 , 0 , 1 , 0 , 1 , 1 , 0 , 0 , 1 , 0 , 0 , 0 , 0 , 0 , 0 , 1 , 1 , 1 , 1 , 1 , 1 , 1 , 1 , 0 , 
RegressionTest0::test217 , 0 , 1 , 1 , 1 , 1 , 0 , 0 , 1 , 0 , 0 , 0 , 0 , 0 , 0 , 1 , 1 , 1 , 1 , 1 , 1 , 1 , 1 , 0 , 
RegressionTest0::test218 , 0 , 1 , 0 , 1 , 1 , 1 , 0 , 1 , 1 , 0 , 0 , 1 , 0 , 0 , 1 , 1 , 1 , 1 , 1 , 1 , 1 , 1 , 0 , 
RegressionTest0::test219 , 0 , 1 , 1 , 1 , 1 , 1 , 0 , 1 , 1 , 0 , 0 , 0 , 0 , 0 , 0 , 0 , 0 , 0 , 0 , 0 , 0 , 0 , 0 , 
RegressionTest0::test220 , 0 , 1 , 0 , 0 , 0 , 0 , 0 , 0 , 0 , 0 , 0 , 0 , 0 , 0 , 0 , 0 , 0 , 0 , 0 , 0 , 0 , 0 , 0 , 
RegressionTest0::test221 , 0 , 1 , 1 , 1 , 1 , 1 , 1 , 1 , 0 , 0 , 0 , 1 , 0 , 0 , 1 , 1 , 1 , 1 , 1 , 1 , 1 , 1 , 0 , 
RegressionTest0::test222 , 0 , 1 , 0 , 0 , 1 , 1 , 0 , 0 , 0 , 1 , 0 , 0 , 0 , 0 , 0 , 0 , 0 , 0 , 0 , 0 , 0 , 0 , 0 , 
RegressionTest0::test223 , 0 , 1 , 0 , 0 , 0 , 0 , 0 , 0 , 1 , 0 , 0 , 1 , 0 , 0 , 1 , 1 , 1 , 1 , 1 , 1 , 1 , 1 , 0 , 
RegressionTest0::test224 , 0 , 1 , 1 , 1 , 1 , 1 , 0 , 1 , 0 , 0 , 0 , 0 , 0 , 0 , 0 , 0 , 0 , 0 , 0 , 0 , 0 , 0 , 0 , 
RegressionTest0::test225 , 0 , 1 , 0 , 1 , 1 , 1 , 0 , 1 , 1 , 0 , 0 , 0 , 1 , 1 , 0 , 0 , 0 , 0 , 1 , 1 , 1 , 1 , 0 , 
RegressionTest0::test226 , 0 , 1 , 0 , 0 , 1 , 1 , 0 , 0 , 0 , 0 , 0 , 0 , 0 , 0 , 0 , 0 , 0 , 0 , 0 , 0 , 0 , 0 , 0 , 
RegressionTest0::test227 , 0 , 1 , 1 , 1 , 1 , 1 , 0 , 1 , 0 , 1 , 1 , 1 , 0 , 0 , 1 , 1 , 1 , 1 , 1 , 1 , 1 , 1 , 0 , 
RegressionTest0::test228 , 0 , 1 , 0 , 0 , 1 , 0 , 0 , 1 , 1 , 0 , 0 , 0 , 0 , 0 , 1 , 1 , 1 , 1 , 1 , 1 , 1 , 1 , 0 , 
RegressionTest0::test229 , 0 , 1 , 0 , 0 , 0 , 0 , 0 , 0 , 0 , 0 , 0 , 0 , 0 , 0 , 1 , 1 , 1 , 1 , 1 , 1 , 1 , 1 , 0 , 
RegressionTest0::test230 , 0 , 1 , 0 , 1 , 1 , 1 , 0 , 1 , 1 , 0 , 0 , 1 , 0 , 0 , 1 , 1 , 1 , 1 , 1 , 1 , 1 , 1 , 0 , 
RegressionTest0::test231 , 0 , 1 , 1 , 1 , 1 , 1 , 0 , 1 , 0 , 0 , 1 , 1 , 0 , 0 , 1 , 1 , 1 , 1 , 1 , 1 , 1 , 1 , 0 , 
RegressionTest0::test232 , 0 , 1 , 0 , 1 , 1 , 1 , 0 , 1 , 0 , 0 , 0 , 0 , 0 , 0 , 0 , 0 , 0 , 0 , 0 , 0 , 0 , 0 , 0 , 
RegressionTest0::test233 , 0 , 1 , 0 , 0 , 0 , 0 , 0 , 0 , 0 , 1 , 0 , 0 , 0 , 0 , 0 , 1 , 0 , 0 , 0 , 0 , 1 , 0 , 0 , 
RegressionTest0::test234 , 0 , 1 , 0 , 0 , 0 , 0 , 0 , 0 , 0 , 0 , 0 , 1 , 0 , 0 , 0 , 0 , 0 , 0 , 0 , 0 , 0 , 0 , 0 , 
RegressionTest0::test235 , 0 , 1 , 0 , 1 , 1 , 1 , 1 , 1 , 0 , 0 , 0 , 1 , 0 , 0 , 1 , 1 , 1 , 1 , 1 , 1 , 1 , 1 , 0 , 
RegressionTest0::test236 , 0 , 1 , 0 , 0 , 0 , 0 , 1 , 1 , 0 , 0 , 0 , 1 , 0 , 0 , 1 , 1 , 1 , 1 , 1 , 1 , 1 , 1 , 0 , 
RegressionTest0::test237 , 0 , 1 , 0 , 0 , 0 , 0 , 0 , 0 , 0 , 0 , 0 , 0 , 0 , 0 , 0 , 0 , 0 , 0 , 0 , 0 , 0 , 0 , 0 , 
RegressionTest0::test238 , 0 , 1 , 0 , 1 , 1 , 1 , 1 , 1 , 1 , 0 , 0 , 1 , 0 , 0 , 1 , 1 , 1 , 1 , 1 , 1 , 1 , 1 , 0 , 
RegressionTest0::test239 , 0 , 1 , 0 , 0 , 1 , 0 , 0 , 1 , 0 , 0 , 0 , 0 , 0 , 0 , 1 , 1 , 1 , 1 , 1 , 1 , 1 , 1 , 0 , 
RegressionTest0::test240 , 0 , 1 , 0 , 0 , 0 , 0 , 0 , 0 , 0 , 0 , 0 , 0 , 0 , 0 , 0 , 0 , 0 , 0 , 0 , 0 , 0 , 0 , 0 , 
RegressionTest0::test241 , 0 , 1 , 1 , 1 , 1 , 1 , 0 , 1 , 1 , 0 , 0 , 1 , 0 , 0 , 1 , 1 , 1 , 1 , 1 , 1 , 1 , 1 , 0 , 
RegressionTest0::test242 , 0 , 1 , 0 , 0 , 0 , 0 , 0 , 0 , 0 , 0 , 0 , 0 , 0 , 0 , 1 , 1 , 1 , 1 , 1 , 1 , 1 , 1 , 0 , 
RegressionTest0::test243 , 0 , 1 , 1 , 1 , 1 , 0 , 0 , 1 , 0 , 0 , 0 , 0 , 0 , 0 , 1 , 1 , 1 , 1 , 1 , 1 , 1 , 1 , 0 , 
RegressionTest0::test244 , 0 , 1 , 1 , 1 , 1 , 1 , 1 , 1 , 0 , 1 , 0 , 1 , 0 , 0 , 1 , 1 , 1 , 1 , 1 , 1 , 1 , 1 , 0 , 
RegressionTest0::test245 , 0 , 1 , 0 , 0 , 0 , 0 , 0 , 0 , 0 , 1 , 0 , 0 , 0 , 0 , 1 , 1 , 0 , 1 , 1 , 1 , 1 , 1 , 0 , 
RegressionTest0::test246 , 0 , 1 , 0 , 0 , 0 , 0 , 0 , 0 , 0 , 0 , 0 , 0 , 0 , 0 , 0 , 0 , 0 , 0 , 0 , 0 , 0 , 0 , 0 , 
RegressionTest0::test247 , 0 , 1 , 0 , 0 , 0 , 0 , 0 , 0 , 0 , 0 , 0 , 1 , 0 , 0 , 0 , 0 , 0 , 0 , 0 , 0 , 0 , 0 , 0 , 
RegressionTest0::test248 , 0 , 1 , 0 , 1 , 1 , 1 , 1 , 1 , 1 , 0 , 1 , 1 , 0 , 0 , 1 , 1 , 1 , 1 , 1 , 1 , 1 , 1 , 0 , 
RegressionTest0::test249 , 0 , 1 , 0 , 1 , 0 , 0 , 0 , 0 , 1 , 0 , 0 , 1 , 0 , 0 , 1 , 1 , 1 , 1 , 1 , 1 , 1 , 1 , 0 , 
RegressionTest0::test250 , 0 , 1 , 1 , 1 , 1 , 1 , 0 , 1 , 0 , 0 , 1 , 1 , 1 , 1 , 0 , 0 , 0 , 0 , 1 , 1 , 1 , 1 , 0 , 
RegressionTest0::test251 , 0 , 1 , 0 , 1 , 1 , 0 , 0 , 1 , 1 , 0 , 1 , 1 , 0 , 0 , 1 , 1 , 1 , 1 , 1 , 1 , 1 , 1 , 0 , 
RegressionTest0::test252 , 0 , 1 , 1 , 1 , 1 , 1 , 0 , 1 , 1 , 0 , 0 , 0 , 0 , 0 , 0 , 0 , 0 , 0 , 0 , 0 , 0 , 0 , 0 , 
RegressionTest0::test253 , 0 , 1 , 0 , 0 , 1 , 0 , 0 , 0 , 0 , 0 , 0 , 0 , 0 , 0 , 0 , 0 , 0 , 0 , 0 , 0 , 0 , 0 , 0 , 
RegressionTest0::test254 , 0 , 1 , 0 , 0 , 1 , 0 , 0 , 1 , 1 , 0 , 0 , 0 , 1 , 1 , 0 , 0 , 0 , 0 , 1 , 1 , 1 , 1 , 0 , 
RegressionTest0::test255 , 0 , 1 , 1 , 1 , 1 , 1 , 0 , 1 , 1 , 1 , 0 , 0 , 0 , 0 , 1 , 1 , 1 , 1 , 1 , 1 , 1 , 1 , 0 , 
RegressionTest0::test256 , 0 , 1 , 1 , 1 , 1 , 1 , 0 , 1 , 0 , 0 , 0 , 0 , 0 , 0 , 0 , 0 , 0 , 0 , 0 , 0 , 0 , 0 , 0 , 
RegressionTest0::test257 , 0 , 1 , 0 , 1 , 1 , 1 , 1 , 1 , 1 , 0 , 1 , 1 , 0 , 0 , 1 , 1 , 1 , 1 , 1 , 1 , 1 , 1 , 0 , 
RegressionTest0::test258 , 0 , 1 , 1 , 1 , 1 , 1 , 0 , 1 , 0 , 0 , 1 , 1 , 0 , 0 , 1 , 1 , 1 , 1 , 1 , 1 , 1 , 1 , 0 , 
RegressionTest0::test259 , 0 , 1 , 0 , 0 , 1 , 0 , 0 , 1 , 1 , 0 , 0 , 0 , 0 , 0 , 1 , 1 , 1 , 1 , 1 , 1 , 1 , 1 , 0 , 
RegressionTest0::test260 , 0 , 1 , 0 , 1 , 0 , 0 , 0 , 0 , 1 , 0 , 0 , 1 , 0 , 0 , 1 , 1 , 1 , 1 , 1 , 1 , 1 , 1 , 0 , 
RegressionTest0::test261 , 0 , 1 , 1 , 1 , 1 , 1 , 0 , 1 , 1 , 0 , 0 , 0 , 0 , 0 , 1 , 1 , 1 , 1 , 1 , 1 , 1 , 1 , 0 , 
RegressionTest0::test262 , 0 , 1 , 1 , 1 , 1 , 1 , 1 , 1 , 0 , 0 , 0 , 1 , 0 , 0 , 1 , 1 , 1 , 1 , 1 , 1 , 1 , 1 , 0 , 
RegressionTest0::test263 , 0 , 1 , 0 , 0 , 0 , 0 , 0 , 0 , 1 , 0 , 0 , 0 , 0 , 0 , 0 , 0 , 0 , 0 , 0 , 0 , 0 , 0 , 0 , 
RegressionTest0::test264 , 0 , 1 , 1 , 1 , 1 , 1 , 0 , 0 , 0 , 0 , 0 , 0 , 0 , 0 , 0 , 0 , 0 , 0 , 0 , 0 , 0 , 0 , 0 , 
RegressionTest0::test265 , 0 , 1 , 0 , 0 , 0 , 0 , 0 , 0 , 0 , 0 , 0 , 0 , 0 , 0 , 0 , 0 , 0 , 0 , 0 , 0 , 0 , 0 , 0 , 
RegressionTest0::test266 , 0 , 1 , 0 , 1 , 1 , 1 , 0 , 1 , 1 , 1 , 0 , 1 , 0 , 0 , 1 , 1 , 1 , 1 , 1 , 1 , 1 , 1 , 0 , 
RegressionTest0::test267 , 0 , 1 , 0 , 0 , 0 , 0 , 0 , 0 , 0 , 0 , 0 , 0 , 0 , 0 , 0 , 0 , 0 , 0 , 0 , 0 , 0 , 0 , 0 , 
RegressionTest0::test268 , 0 , 1 , 1 , 1 , 1 , 1 , 0 , 1 , 0 , 0 , 0 , 0 , 0 , 0 , 1 , 1 , 1 , 1 , 1 , 1 , 1 , 1 , 0 , 
RegressionTest0::test269 , 0 , 1 , 0 , 1 , 1 , 1 , 0 , 1 , 0 , 0 , 0 , 0 , 0 , 0 , 1 , 1 , 1 , 1 , 1 , 1 , 1 , 1 , 0 , 
RegressionTest0::test270 , 0 , 1 , 0 , 0 , 0 , 0 , 0 , 0 , 0 , 0 , 0 , 0 , 0 , 0 , 0 , 0 , 0 , 0 , 0 , 0 , 0 , 0 , 0 , 
RegressionTest0::test271 , 0 , 1 , 1 , 1 , 1 , 1 , 1 , 1 , 0 , 0 , 1 , 1 , 1 , 1 , 1 , 1 , 1 , 1 , 1 , 1 , 1 , 1 , 0 , 
RegressionTest0::test272 , 0 , 1 , 0 , 0 , 0 , 0 , 0 , 0 , 0 , 1 , 0 , 0 , 0 , 0 , 0 , 0 , 0 , 0 , 0 , 0 , 0 , 0 , 0 , 
RegressionTest0::test273 , 0 , 1 , 1 , 1 , 1 , 1 , 0 , 1 , 0 , 0 , 1 , 1 , 0 , 0 , 0 , 0 , 0 , 0 , 0 , 0 , 0 , 0 , 0 , 
RegressionTest0::test274 , 0 , 1 , 1 , 1 , 1 , 1 , 0 , 1 , 0 , 0 , 1 , 1 , 0 , 0 , 0 , 0 , 0 , 0 , 0 , 0 , 0 , 0 , 0 , 
RegressionTest0::test275 , 0 , 1 , 1 , 1 , 1 , 1 , 0 , 1 , 0 , 1 , 1 , 1 , 0 , 0 , 1 , 1 , 1 , 1 , 1 , 1 , 1 , 1 , 0 , 
RegressionTest0::test276 , 0 , 1 , 0 , 1 , 1 , 1 , 0 , 1 , 1 , 0 , 0 , 1 , 0 , 0 , 1 , 1 , 1 , 1 , 1 , 1 , 1 , 1 , 0 , 
RegressionTest0::test277 , 0 , 1 , 0 , 0 , 1 , 0 , 0 , 1 , 0 , 1 , 0 , 0 , 0 , 0 , 1 , 1 , 1 , 1 , 1 , 1 , 1 , 1 , 0 , 
RegressionTest0::test278 , 0 , 1 , 0 , 0 , 0 , 0 , 0 , 0 , 0 , 0 , 0 , 0 , 0 , 0 , 0 , 0 , 0 , 0 , 0 , 0 , 0 , 0 , 0 , 
RegressionTest0::test279 , 0 , 1 , 1 , 1 , 1 , 0 , 0 , 1 , 0 , 0 , 0 , 0 , 0 , 0 , 1 , 1 , 1 , 1 , 1 , 1 , 1 , 1 , 0 , 
RegressionTest0::test280 , 0 , 1 , 0 , 0 , 0 , 0 , 0 , 0 , 0 , 0 , 0 , 0 , 0 , 0 , 0 , 0 , 0 , 0 , 0 , 0 , 0 , 0 , 0 , 
RegressionTest0::test281 , 0 , 1 , 0 , 0 , 0 , 0 , 0 , 0 , 0 , 0 , 0 , 0 , 0 , 0 , 0 , 0 , 0 , 0 , 0 , 0 , 0 , 0 , 0 , 
RegressionTest0::test282 , 0 , 1 , 1 , 1 , 1 , 1 , 0 , 1 , 0 , 0 , 1 , 1 , 0 , 0 , 0 , 0 , 0 , 0 , 0 , 0 , 0 , 0 , 0 , 
RegressionTest0::test283 , 0 , 1 , 1 , 1 , 1 , 1 , 0 , 0 , 0 , 1 , 0 , 0 , 0 , 0 , 0 , 0 , 0 , 0 , 0 , 0 , 0 , 0 , 0 , 
RegressionTest0::test284 , 0 , 1 , 0 , 1 , 1 , 1 , 1 , 1 , 0 , 0 , 0 , 1 , 0 , 0 , 1 , 1 , 1 , 1 , 1 , 1 , 1 , 1 , 1 , 
RegressionTest0::test285 , 0 , 1 , 0 , 1 , 1 , 1 , 1 , 1 , 0 , 1 , 0 , 1 , 0 , 0 , 1 , 1 , 1 , 1 , 1 , 1 , 1 , 1 , 0 , 
RegressionTest0::test286 , 0 , 1 , 0 , 1 , 1 , 1 , 0 , 1 , 0 , 0 , 0 , 0 , 0 , 0 , 0 , 0 , 0 , 0 , 0 , 0 , 0 , 0 , 0 , 
RegressionTest0::test287 , 0 , 1 , 0 , 0 , 1 , 0 , 0 , 1 , 0 , 0 , 0 , 0 , 0 , 0 , 1 , 1 , 1 , 1 , 1 , 1 , 1 , 1 , 0 , 
RegressionTest0::test288 , 0 , 1 , 1 , 1 , 1 , 0 , 0 , 1 , 0 , 0 , 0 , 0 , 0 , 0 , 1 , 1 , 1 , 1 , 1 , 1 , 1 , 1 , 0 , 
RegressionTest0::test289 , 0 , 1 , 0 , 0 , 0 , 0 , 0 , 0 , 1 , 1 , 0 , 0 , 0 , 0 , 0 , 0 , 0 , 0 , 0 , 0 , 0 , 0 , 0 , 
RegressionTest0::test290 , 0 , 1 , 0 , 1 , 1 , 1 , 0 , 1 , 1 , 0 , 1 , 1 , 0 , 0 , 1 , 1 , 1 , 1 , 1 , 1 , 1 , 1 , 0 , 
RegressionTest0::test291 , 0 , 1 , 0 , 0 , 0 , 0 , 0 , 0 , 0 , 0 , 0 , 0 , 0 , 0 , 0 , 0 , 0 , 0 , 0 , 0 , 0 , 0 , 0 , 
RegressionTest0::test292 , 0 , 1 , 1 , 1 , 1 , 1 , 0 , 1 , 1 , 0 , 1 , 1 , 0 , 0 , 0 , 0 , 0 , 0 , 0 , 0 , 0 , 0 , 0 , 
RegressionTest0::test293 , 0 , 1 , 0 , 1 , 1 , 1 , 0 , 1 , 0 , 1 , 0 , 1 , 0 , 0 , 1 , 1 , 1 , 1 , 1 , 1 , 1 , 1 , 0 , 
RegressionTest0::test294 , 0 , 1 , 1 , 1 , 1 , 1 , 0 , 0 , 0 , 0 , 0 , 0 , 0 , 0 , 0 , 0 , 0 , 0 , 0 , 0 , 0 , 0 , 0 , 
RegressionTest0::test295 , 0 , 1 , 1 , 1 , 1 , 1 , 0 , 1 , 0 , 0 , 1 , 1 , 0 , 0 , 0 , 0 , 0 , 0 , 0 , 0 , 0 , 0 , 0 , 
RegressionTest0::test296 , 0 , 1 , 1 , 1 , 1 , 1 , 1 , 1 , 0 , 0 , 0 , 1 , 0 , 0 , 1 , 1 , 1 , 1 , 1 , 1 , 1 , 1 , 0 , 
RegressionTest0::test297 , 0 , 1 , 1 , 1 , 1 , 1 , 0 , 1 , 1 , 0 , 0 , 1 , 0 , 0 , 1 , 1 , 1 , 1 , 1 , 1 , 1 , 1 , 0 , 
RegressionTest0::test298 , 0 , 1 , 0 , 1 , 1 , 1 , 0 , 1 , 0 , 1 , 0 , 0 , 0 , 0 , 0 , 1 , 0 , 0 , 0 , 0 , 1 , 0 , 0 , 
RegressionTest0::test299 , 0 , 1 , 1 , 1 , 1 , 1 , 0 , 1 , 0 , 1 , 1 , 1 , 0 , 0 , 1 , 1 , 1 , 1 , 1 , 1 , 1 , 1 , 0 , 
RegressionTest0::test300 , 0 , 1 , 0 , 1 , 1 , 1 , 0 , 1 , 1 , 0 , 0 , 1 , 0 , 0 , 1 , 1 , 1 , 1 , 1 , 1 , 1 , 1 , 0 , 
RegressionTest0::test301 , 0 , 1 , 0 , 0 , 0 , 0 , 0 , 0 , 0 , 0 , 0 , 0 , 0 , 0 , 0 , 0 , 0 , 0 , 0 , 0 , 0 , 0 , 0 , 
RegressionTest0::test302 , 0 , 1 , 1 , 1 , 1 , 0 , 0 , 1 , 0 , 0 , 0 , 1 , 0 , 0 , 1 , 1 , 1 , 1 , 1 , 1 , 1 , 1 , 0 , 
RegressionTest0::test303 , 0 , 1 , 0 , 1 , 1 , 1 , 0 , 1 , 0 , 0 , 0 , 0 , 0 , 0 , 0 , 1 , 0 , 0 , 0 , 0 , 1 , 0 , 0 , 
RegressionTest0::test304 , 0 , 1 , 1 , 1 , 1 , 0 , 0 , 1 , 0 , 0 , 0 , 0 , 0 , 0 , 1 , 1 , 1 , 1 , 1 , 1 , 1 , 1 , 0 , 
RegressionTest0::test305 , 0 , 1 , 1 , 1 , 1 , 1 , 0 , 1 , 0 , 0 , 1 , 1 , 1 , 1 , 1 , 1 , 1 , 1 , 1 , 1 , 1 , 1 , 0 , 
RegressionTest0::test306 , 0 , 1 , 0 , 0 , 1 , 1 , 0 , 0 , 0 , 1 , 0 , 0 , 0 , 0 , 0 , 0 , 0 , 0 , 0 , 0 , 0 , 0 , 0 , 
RegressionTest0::test307 , 0 , 1 , 1 , 1 , 1 , 1 , 0 , 1 , 0 , 0 , 1 , 1 , 0 , 0 , 0 , 0 , 0 , 0 , 0 , 0 , 0 , 0 , 0 , 
RegressionTest0::test308 , 0 , 1 , 0 , 0 , 0 , 0 , 0 , 0 , 1 , 0 , 0 , 1 , 0 , 0 , 1 , 1 , 1 , 1 , 1 , 1 , 1 , 1 , 0 , 
RegressionTest0::test309 , 0 , 1 , 1 , 1 , 1 , 1 , 0 , 1 , 0 , 1 , 0 , 0 , 0 , 0 , 0 , 0 , 0 , 0 , 0 , 0 , 0 , 0 , 0 , 
RegressionTest0::test310 , 0 , 1 , 0 , 0 , 0 , 0 , 0 , 0 , 0 , 0 , 0 , 0 , 0 , 0 , 0 , 0 , 0 , 0 , 0 , 0 , 0 , 0 , 0 , 
RegressionTest0::test311 , 0 , 1 , 1 , 1 , 1 , 1 , 0 , 1 , 1 , 0 , 0 , 0 , 0 , 0 , 0 , 0 , 0 , 0 , 0 , 0 , 0 , 0 , 0 , 
RegressionTest0::test312 , 0 , 1 , 1 , 1 , 1 , 1 , 0 , 1 , 1 , 0 , 0 , 0 , 0 , 0 , 0 , 0 , 0 , 0 , 0 , 0 , 0 , 0 , 0 , 
RegressionTest0::test313 , 0 , 1 , 0 , 0 , 1 , 0 , 0 , 1 , 1 , 0 , 0 , 0 , 0 , 0 , 1 , 1 , 1 , 1 , 1 , 1 , 1 , 1 , 0 , 
RegressionTest0::test314 , 0 , 1 , 0 , 0 , 0 , 0 , 0 , 0 , 1 , 0 , 0 , 1 , 1 , 1 , 1 , 1 , 1 , 1 , 1 , 1 , 1 , 1 , 0 , 
RegressionTest0::test315 , 0 , 1 , 0 , 0 , 1 , 0 , 0 , 0 , 0 , 0 , 0 , 0 , 0 , 0 , 0 , 0 , 0 , 0 , 0 , 0 , 0 , 0 , 0 , 
RegressionTest0::test316 , 0 , 1 , 0 , 1 , 1 , 1 , 0 , 1 , 0 , 1 , 0 , 0 , 0 , 0 , 0 , 0 , 0 , 0 , 0 , 0 , 0 , 0 , 0 , 
RegressionTest0::test317 , 0 , 1 , 0 , 1 , 1 , 1 , 1 , 1 , 0 , 0 , 0 , 1 , 0 , 0 , 1 , 1 , 1 , 1 , 1 , 1 , 1 , 1 , 0 , 
RegressionTest0::test318 , 0 , 1 , 1 , 1 , 1 , 1 , 0 , 1 , 1 , 0 , 0 , 1 , 0 , 0 , 1 , 1 , 1 , 1 , 1 , 1 , 1 , 1 , 0 , 
RegressionTest0::test319 , 0 , 1 , 0 , 0 , 1 , 1 , 0 , 0 , 0 , 0 , 0 , 0 , 0 , 0 , 0 , 0 , 0 , 0 , 0 , 0 , 0 , 0 , 0 , 
RegressionTest0::test320 , 0 , 1 , 1 , 1 , 1 , 1 , 0 , 1 , 0 , 0 , 1 , 1 , 0 , 0 , 1 , 1 , 1 , 1 , 1 , 1 , 1 , 1 , 0 , 
RegressionTest0::test321 , 0 , 1 , 0 , 0 , 0 , 0 , 0 , 0 , 0 , 0 , 0 , 0 , 0 , 0 , 0 , 0 , 0 , 0 , 0 , 0 , 0 , 0 , 0 , 
RegressionTest0::test322 , 0 , 1 , 0 , 0 , 0 , 0 , 0 , 0 , 1 , 0 , 0 , 0 , 0 , 0 , 0 , 0 , 0 , 0 , 0 , 0 , 0 , 0 , 0 , 
RegressionTest0::test323 , 0 , 1 , 1 , 1 , 1 , 1 , 1 , 1 , 0 , 0 , 0 , 1 , 1 , 1 , 1 , 1 , 1 , 1 , 1 , 1 , 1 , 1 , 0 , 
RegressionTest0::test324 , 0 , 1 , 0 , 0 , 0 , 0 , 0 , 0 , 0 , 0 , 0 , 0 , 0 , 0 , 0 , 0 , 0 , 0 , 0 , 0 , 0 , 0 , 0 , 
RegressionTest0::test325 , 0 , 1 , 0 , 1 , 1 , 1 , 0 , 1 , 0 , 0 , 0 , 0 , 0 , 0 , 0 , 0 , 0 , 0 , 0 , 0 , 0 , 0 , 0 , 
RegressionTest0::test326 , 0 , 1 , 1 , 1 , 1 , 0 , 1 , 1 , 0 , 0 , 0 , 0 , 0 , 0 , 0 , 0 , 0 , 0 , 0 , 0 , 0 , 0 , 0 , 
RegressionTest0::test327 , 0 , 1 , 1 , 1 , 1 , 0 , 0 , 1 , 0 , 0 , 0 , 0 , 0 , 0 , 1 , 1 , 1 , 1 , 1 , 1 , 1 , 1 , 0 , 
RegressionTest0::test328 , 0 , 1 , 0 , 0 , 1 , 1 , 0 , 0 , 0 , 0 , 0 , 0 , 0 , 0 , 0 , 0 , 0 , 0 , 0 , 0 , 0 , 0 , 0 , 
RegressionTest0::test329 , 0 , 1 , 1 , 1 , 1 , 1 , 0 , 1 , 1 , 0 , 0 , 0 , 0 , 0 , 0 , 0 , 0 , 0 , 0 , 0 , 0 , 0 , 0 , 
RegressionTest0::test330 , 0 , 1 , 0 , 0 , 1 , 0 , 1 , 0 , 0 , 0 , 0 , 0 , 0 , 0 , 0 , 0 , 0 , 0 , 0 , 0 , 0 , 0 , 0 , 
RegressionTest0::test331 , 0 , 1 , 0 , 1 , 1 , 0 , 0 , 1 , 0 , 0 , 0 , 0 , 0 , 0 , 1 , 1 , 1 , 1 , 1 , 1 , 1 , 1 , 0 , 
RegressionTest0::test332 , 0 , 1 , 1 , 1 , 1 , 1 , 0 , 1 , 0 , 0 , 0 , 0 , 0 , 0 , 1 , 1 , 1 , 1 , 1 , 1 , 1 , 1 , 0 , 
RegressionTest0::test333 , 0 , 1 , 1 , 1 , 1 , 1 , 0 , 1 , 0 , 0 , 1 , 1 , 0 , 0 , 0 , 0 , 0 , 0 , 0 , 0 , 0 , 0 , 0 , 
RegressionTest0::test334 , 0 , 1 , 0 , 0 , 1 , 1 , 0 , 0 , 0 , 0 , 1 , 1 , 0 , 0 , 1 , 1 , 0 , 1 , 1 , 1 , 1 , 1 , 0 , 
RegressionTest0::test335 , 0 , 1 , 1 , 1 , 1 , 1 , 0 , 1 , 0 , 0 , 1 , 1 , 0 , 0 , 1 , 1 , 1 , 1 , 1 , 1 , 1 , 1 , 0 , 
RegressionTest0::test336 , 0 , 1 , 0 , 1 , 1 , 1 , 0 , 1 , 0 , 1 , 0 , 0 , 0 , 0 , 0 , 0 , 0 , 0 , 0 , 0 , 0 , 0 , 0 , 
RegressionTest0::test337 , 0 , 1 , 1 , 1 , 1 , 1 , 1 , 1 , 1 , 1 , 0 , 1 , 0 , 0 , 1 , 1 , 1 , 1 , 1 , 1 , 1 , 1 , 0 , 
RegressionTest0::test338 , 0 , 1 , 0 , 0 , 0 , 0 , 0 , 0 , 1 , 0 , 0 , 1 , 0 , 0 , 1 , 1 , 1 , 1 , 1 , 1 , 1 , 1 , 0 , 
RegressionTest0::test339 , 0 , 1 , 0 , 0 , 0 , 0 , 0 , 0 , 0 , 0 , 0 , 0 , 0 , 0 , 0 , 0 , 0 , 0 , 0 , 0 , 0 , 0 , 0 , 
RegressionTest0::test340 , 0 , 1 , 1 , 1 , 1 , 1 , 0 , 1 , 0 , 0 , 1 , 1 , 0 , 0 , 0 , 0 , 0 , 0 , 0 , 0 , 0 , 0 , 0 , 
RegressionTest0::test341 , 0 , 1 , 1 , 1 , 1 , 1 , 0 , 1 , 0 , 0 , 1 , 1 , 0 , 0 , 0 , 0 , 0 , 0 , 0 , 0 , 0 , 0 , 0 , 
RegressionTest0::test342 , 0 , 1 , 0 , 0 , 0 , 0 , 0 , 0 , 1 , 0 , 0 , 0 , 0 , 0 , 1 , 1 , 1 , 1 , 1 , 1 , 1 , 1 , 0 , 
RegressionTest0::test343 , 0 , 1 , 0 , 1 , 1 , 1 , 1 , 1 , 0 , 0 , 1 , 1 , 0 , 0 , 1 , 1 , 1 , 1 , 1 , 1 , 1 , 1 , 0 , 
RegressionTest0::test344 , 0 , 1 , 0 , 0 , 0 , 0 , 0 , 0 , 0 , 0 , 0 , 0 , 0 , 0 , 1 , 1 , 1 , 1 , 1 , 1 , 1 , 1 , 0 , 
RegressionTest0::test345 , 0 , 1 , 0 , 0 , 0 , 0 , 0 , 0 , 0 , 0 , 0 , 0 , 0 , 0 , 0 , 0 , 0 , 0 , 0 , 0 , 0 , 0 , 0 , 
RegressionTest0::test346 , 0 , 1 , 1 , 1 , 1 , 1 , 0 , 1 , 0 , 1 , 1 , 1 , 1 , 1 , 1 , 1 , 1 , 1 , 1 , 1 , 1 , 1 , 0 , 
RegressionTest0::test347 , 0 , 1 , 1 , 1 , 1 , 0 , 0 , 1 , 0 , 0 , 0 , 0 , 0 , 0 , 1 , 1 , 1 , 1 , 1 , 1 , 1 , 1 , 0 , 
RegressionTest0::test348 , 0 , 1 , 0 , 0 , 0 , 0 , 0 , 0 , 0 , 0 , 0 , 0 , 0 , 0 , 1 , 1 , 1 , 1 , 1 , 1 , 1 , 1 , 0 , 
RegressionTest0::test349 , 0 , 1 , 0 , 0 , 0 , 0 , 0 , 0 , 0 , 0 , 0 , 1 , 0 , 0 , 0 , 0 , 0 , 0 , 0 , 0 , 0 , 0 , 0 , 
RegressionTest0::test350 , 0 , 1 , 1 , 1 , 1 , 1 , 0 , 1 , 0 , 0 , 1 , 1 , 0 , 0 , 0 , 0 , 0 , 0 , 0 , 0 , 0 , 0 , 0 , 
RegressionTest0::test351 , 0 , 1 , 0 , 0 , 0 , 0 , 0 , 0 , 0 , 0 , 0 , 0 , 0 , 0 , 0 , 0 , 0 , 0 , 0 , 0 , 0 , 0 , 0 , 
RegressionTest0::test352 , 0 , 1 , 0 , 1 , 1 , 1 , 1 , 1 , 0 , 0 , 0 , 1 , 0 , 0 , 1 , 1 , 1 , 1 , 1 , 1 , 1 , 1 , 0 , 
